doc_id,case_title,proof_support_score,in_degree,out_degree
260617,,3.9e-05,7,0
685234,,3.7e-05,14,0
1281050,,3.6e-05,10,0
667935,"Deoki Nandan vs Murlidhar on 4 October, 1956",3.6e-05,7,4
1498182,"P. Lakshmi Reddy vs L. Lakshmi Reddy on 5 December, 1956",3.6e-05,7,4
1764620,,3.3e-05,7,0
41868,"The State Of Bihar vs Maharajadhiraja Sir Kameshwar Singhof ... on 27 May, 1952",3.3e-05,15,8
4354,,3.3e-05,11,0
1652416,"Angurbala Mullick vs Debabrata Mullick on 3 May, 1951",3.3e-05,5,5
165105,,3.2e-05,9,0
973363,"The State Of West Bengal vs Subodh Gopal Bose And Others on 17 December, 1953",3.2e-05,12,7
1729819,,3.2e-05,7,0
1465665,,3.2e-05,5,0
571954,,3.2e-05,5,0
1634289,,3.2e-05,12,0
1921768,,3.2e-05,5,0
56195,,3.1e-05,3,0
895706,"Chandavarkar Sita Ratna Rao vs Ashalata S. Guram on 25 September, 1986",3.1e-05,6,18
1302911,,3.1e-05,10,0
1430396,"The Commissioner, Hindu Religious ... vs Sri Lakshmindra Thirtha Swamiar Of Sri ... on 16 April, 1954",3.1e-05,7,5
1834730,,3.1e-05,4,0
1653414,,3.1e-05,5,0
1872225,,3e-05,4,0
531811,,3e-05,5,0
1233360,,3e-05,6,0
919121,,3e-05,5,0
974148,,3e-05,4,0
59678,,3e-05,2,0
951773,,3e-05,2,0
1087392,,3e-05,2,0
1431786,"Kavalappara Kottarathil Kochuni And ... vs The State Of Madras And Others on 4 May, 1960",3e-05,8,18
946004,"Sahu Madho Das And Others vs Pandit Mukand Ram And Another(And ... on 22 March, 1955",3e-05,5,6
1012363,,3e-05,3,0
580886,,3e-05,3,0
373863,,3e-05,3,0
1427097,,3e-05,4,0
1880952,,3e-05,8,0
554839,,3e-05,5,0
1188309,,3e-05,8,0
194120,,3e-05,2,0
1913766,,3e-05,5,0
1607096,,3e-05,4,0
579822,,3e-05,4,0
337342,,3e-05,10,0
186428,,3e-05,5,0
1392212,,3e-05,3,0
75362100,,3e-05,6,0
1358798,,3e-05,4,0
845318,,2.9e-05,4,0
157516,,2.9e-05,4,0
1209054,,2.9e-05,3,0
908527,,2.9e-05,3,0
639803,,2.9e-05,3,0
1201431,,2.9e-05,4,0
861606,,2.9e-05,2,0
1806917,,2.9e-05,2,0
1298255,,2.9e-05,3,0
303515,,2.9e-05,6,0
623976,,2.9e-05,5,0
708062,,2.9e-05,5,0
1466885,,2.9e-05,4,0
1530984,,2.9e-05,3,0
673500,,2.9e-05,5,0
403124,,2.9e-05,2,0
779687,,2.9e-05,3,0
748601,,2.9e-05,3,0
1568935,,2.9e-05,11,0
708222,,2.9e-05,1,0
701977,,2.9e-05,1,0
1406323,,2.9e-05,1,0
963790,,2.9e-05,1,0
767258,,2.9e-05,1,0
155465,,2.9e-05,1,0
986984,,2.9e-05,1,0
1785029,,2.9e-05,1,0
1376714,,2.9e-05,1,0
88513,,2.9e-05,1,0
161138,,2.9e-05,1,0
497388,,2.9e-05,6,0
683856,,2.9e-05,3,0
1934103,,2.9e-05,4,0
1401386,,2.9e-05,3,0
1679626,,2.9e-05,2,0
698518,,2.9e-05,3,0
659022,,2.9e-05,3,0
1576124,,2.9e-05,3,0
372465,,2.9e-05,4,0
213257,,2.9e-05,4,0
71904,,2.9e-05,2,0
1200140,,2.9e-05,5,0
764031,,2.9e-05,3,0
1482261,,2.9e-05,3,0
1977988,,2.9e-05,2,0
1375046,"Lucknow Development Authority vs M.K. Gupta on 5 November, 1993",2.9e-05,2,9
257092,,2.9e-05,2,0
1169408,,2.9e-05,4,0
255020,,2.8e-05,3,0
117343175,,2.8e-05,5,0
1225694,,2.8e-05,4,0
1411268,,2.8e-05,5,0
2546,,2.8e-05,2,0
1949862,,2.8e-05,6,0
1719430,,2.8e-05,4,0
617376,,2.8e-05,3,0
1335621,,2.8e-05,2,0
1909215,,2.8e-05,3,0
242776,,2.8e-05,3,0
132651,,2.8e-05,3,0
1130721,,2.8e-05,3,0
608874,,2.8e-05,9,0
280457,,2.8e-05,4,0
1341640,,2.8e-05,5,0
987299,,2.8e-05,2,0
1351600,,2.8e-05,3,0
1303779,,2.8e-05,1,0
1853262,,2.8e-05,1,0
1763928,,2.8e-05,2,0
226770,,2.8e-05,2,0
477485,,2.8e-05,2,0
22929,"H. Venkatachala Iyengar vs B. N. Thimmajamma & Others on 13 November, 1958",2.8e-05,3,5
468834,,2.8e-05,2,0
576158,,2.8e-05,2,0
272113,,2.8e-05,4,0
1885876,,2.8e-05,1,0
383397,,2.8e-05,1,0
68170353,,2.8e-05,1,0
549957,,2.8e-05,5,0
196155,,2.8e-05,2,0
751229,,2.8e-05,1,0
1386395,,2.8e-05,1,0
1540511,,2.8e-05,10,0
487972,,2.8e-05,1,0
189307,,2.8e-05,4,0
877414,,2.8e-05,3,0
1421355,,2.8e-05,1,0
21652,,2.8e-05,1,0
454120,,2.8e-05,2,0
489786,,2.8e-05,3,0
1355522,,2.8e-05,5,0
725224,,2.8e-05,5,0
1253855,,2.8e-05,3,0
1732098,,2.8e-05,1,0
1297272,,2.8e-05,1,0
831707,,2.8e-05,1,0
876095,,2.8e-05,1,0
45759,,2.8e-05,3,0
1649431,,2.8e-05,4,0
1786180,,2.8e-05,8,0
17372683,,2.8e-05,8,0
804328,,2.8e-05,1,0
1494018,,2.8e-05,1,0
643499,,2.8e-05,1,0
251271,,2.8e-05,1,0
235169,,2.8e-05,1,0
1582915,,2.8e-05,1,0
701211,,2.8e-05,1,0
882803,,2.8e-05,1,0
1864353,,2.8e-05,1,0
608210,,2.8e-05,1,0
365379,,2.8e-05,1,0
1119896,,2.8e-05,1,0
1274027,,2.8e-05,1,0
763713,,2.8e-05,1,0
1658472,,2.8e-05,1,0
1989251,,2.8e-05,1,0
813088,,2.8e-05,1,0
348173,,2.8e-05,1,0
621517,,2.8e-05,4,0
877096,,2.8e-05,2,0
378583,"Dhiyan Singh And Another vs Jugal Kishore And Another on 22 February, 1950",2.8e-05,3,6
543934,,2.8e-05,4,0
212098,,2.8e-05,7,0
841670,,2.8e-05,4,0
1248239,,2.8e-05,5,0
214713,,2.8e-05,4,0
823328,,2.8e-05,6,0
355169,,2.8e-05,2,0
1308921,,2.8e-05,4,0
114000,,2.8e-05,2,0
1266434,,2.8e-05,2,0
1346544,,2.8e-05,3,0
948916,"Keshardeo Chamria vs Radha Kissen Chamria And Othersradha ... on 30 October, 1952",2.8e-05,3,4
1802196,,2.8e-05,4,0
1522581,,2.8e-05,2,0
52016,,2.8e-05,2,0
1733204,,2.8e-05,3,0
518480,,2.8e-05,3,0
966542,,2.8e-05,5,0
1010762,"Nagubai Ammal & Others vs B. Shama Rao & Others on 26 April, 1956",2.8e-05,4,4
469352,,2.8e-05,3,0
721898,,2.8e-05,3,0
1559215,,2.8e-05,4,0
654130,,2.8e-05,2,0
651702,,2.8e-05,1,0
469498,,2.8e-05,4,0
430967,,2.8e-05,1,0
54770,,2.8e-05,6,0
1059476,,2.8e-05,7,0
99828385,,2.8e-05,3,0
1307370,,2.8e-05,3,0
1126088,"Balmadies Plantations Ltd. & Anr vs State Of Tamil Nadu on 19 April, 1972",2.8e-05,5,5
350457,,2.8e-05,5,0
318186,,2.8e-05,2,0
1536600,Smt_Somavanti_And_Others_vs_The_State_Of_Punjab_And_Others_And_on_2_May_1962,2.8e-05,6,6
320843,,2.8e-05,4,0
1750663,"Thakur Amar Singhji vs State Of Rajasthan(And Other ... on 15 April, 1955",2.7e-05,3,6
1802335,,2.7e-05,2,0
846754,,2.7e-05,2,0
1925373,,2.7e-05,2,0
740772,"Bihar State Board Religious Trust, ... vs Mahant Sri Biseshwar Das on 9 February, 1971",2.7e-05,3,4
913050,,2.7e-05,3,0
328402,,2.7e-05,5,0
1450722,,2.7e-05,5,0
557996,,2.7e-05,6,0
1342271,,2.7e-05,3,0
1048632,,2.7e-05,3,0
1033637,,2.7e-05,6,0
388259,,2.7e-05,2,0
1213194,,2.7e-05,4,0
628722,,2.7e-05,3,0
593214,,2.7e-05,3,0
1740954,,2.7e-05,5,0
1248354,,2.7e-05,2,0
1297602,,2.7e-05,2,0
322427,,2.7e-05,2,0
818950,,2.7e-05,2,0
1266860,,2.7e-05,2,0
1969141,,2.7e-05,2,0
1183638,,2.7e-05,1,0
1572427,,2.7e-05,1,0
1211653,,2.7e-05,1,0
1533313,,2.7e-05,1,0
463201,,2.7e-05,6,0
1831036,,2.7e-05,4,0
1353689,,2.7e-05,7,0
5192,,2.7e-05,3,0
260248,,2.7e-05,2,0
1368952,,2.7e-05,2,0
290902,,2.7e-05,2,0
596224,,2.7e-05,2,0
231666,,2.7e-05,3,0
1147125,,2.7e-05,2,0
839465,,2.7e-05,2,0
1747770,,2.7e-05,2,0
812283,,2.7e-05,2,0
1455346,,2.7e-05,4,0
1809461,"Murari & Ors vs Union Of India & Ors on 1 November, 1996",2.7e-05,2,11
290962,,2.7e-05,2,0
1074998,,2.7e-05,2,0
814692,,2.7e-05,3,0
182170,,2.7e-05,2,0
788958,,2.7e-05,2,0
338690,,2.7e-05,6,0
456049,,2.7e-05,1,0
1678507,,2.7e-05,1,0
1223097,,2.7e-05,2,0
1079105,,2.7e-05,1,0
231318,,2.7e-05,1,0
1246769,,2.7e-05,1,0
1273131,,2.7e-05,1,0
1715279,,2.7e-05,1,0
677321,,2.7e-05,1,0
1737552,,2.7e-05,1,0
1995967,,2.7e-05,1,0
1662890,,2.7e-05,1,0
410404,,2.7e-05,1,0
571995,,2.7e-05,1,0
1240908,,2.7e-05,1,0
824650,,2.7e-05,1,0
1410353,,2.7e-05,2,0
505842,"Union Of India & Anr vs Raghubir Singh (Dead) By Lrs. Etc on 16 May, 1989",2.7e-05,5,27
603736,,2.7e-05,8,0
1880129,,2.7e-05,2,0
508866,,2.7e-05,2,0
412091,,2.7e-05,3,0
386929,,2.7e-05,3,0
413368,,2.7e-05,2,0
340907,,2.7e-05,2,0
1114133,,2.7e-05,2,0
1679367,,2.7e-05,2,0
1060754,,2.7e-05,2,0
900713,,2.7e-05,3,0
339603,,2.7e-05,2,0
794815,,2.7e-05,3,0
1758785,,2.7e-05,2,0
1837051,,2.7e-05,3,0
113707,,2.7e-05,3,0
1065009,"K. K. Chari vs R. M. Seshadri on 16 March, 1973",2.7e-05,3,5
1384455,,2.7e-05,2,0
1496005,,2.7e-05,3,0
321104,,2.7e-05,7,0
1511187,,2.7e-05,6,0
3429,,2.7e-05,2,0
830334,,2.7e-05,2,0
1294056,,2.7e-05,3,0
1097199,,2.7e-05,2,0
79786,,2.7e-05,2,0
82038,,2.7e-05,3,0
1920309,,2.7e-05,2,0
790887,,2.7e-05,6,0
545301,,2.7e-05,5,0
219225,"Maharajadhiraj Sir Kameshwar Singh vs The State Of Bihar on 15 May, 1959",2.7e-05,2,9
688127,,2.7e-05,2,0
1842812,,2.7e-05,2,0
1672816,,2.7e-05,3,0
955281,,2.7e-05,3,0
304429,,2.7e-05,2,0
190902,,2.7e-05,2,0
1106992,,2.7e-05,2,0
1141020,,2.7e-05,2,0
283660,,2.7e-05,4,0
703764,,2.7e-05,5,0
1492672,,2.7e-05,1,0
1681739,,2.7e-05,1,0
857581,,2.7e-05,3,0
1935279,,2.7e-05,1,0
807023,,2.7e-05,1,0
107487,,2.7e-05,1,0
1508303,,2.7e-05,1,0
821763,,2.7e-05,1,0
41574,,2.7e-05,4,0
1666603,,2.7e-05,2,0
923392,,2.7e-05,1,0
336701,,2.7e-05,1,0
1836621,,2.7e-05,1,0
446498,,2.7e-05,1,0
1996908,,2.7e-05,4,0
20394,,2.7e-05,4,0
473527,,2.7e-05,3,0
1515136,,2.7e-05,9,0
407511,,2.7e-05,8,0
656658,,2.7e-05,4,0
82058,,2.7e-05,2,0
823088,,2.7e-05,2,0
1110593,"Ramesh Birch & Ors. Etc vs Union Of India & Ors. Etc on 21 April, 1989",2.7e-05,4,7
428197,,2.7e-05,2,0
55098,,2.7e-05,4,0
1811199,,2.7e-05,2,0
1144998,,2.7e-05,1,0
647351,,2.7e-05,2,0
184660633,,2.7e-05,6,0
1167923,,2.7e-05,2,0
1308152,,2.7e-05,1,0
564267,,2.7e-05,1,0
1500251,,2.7e-05,3,0
955126,,2.7e-05,2,0
1031996,,2.7e-05,2,0
1107536,,2.7e-05,3,0
1835678,,2.7e-05,1,0
1309719,,2.7e-05,4,0
447441,,2.7e-05,1,0
1602162,,2.7e-05,1,0
1874024,,2.7e-05,1,0
551997,,2.7e-05,1,0
1891877,,2.7e-05,1,0
1879676,,2.7e-05,1,0
592033,,2.7e-05,1,0
1012247,,2.7e-05,1,0
1903900,,2.7e-05,1,0
924340,,2.7e-05,1,0
1038041,,2.7e-05,1,0
1813801,,2.7e-05,1,0
1919674,,2.7e-05,1,0
1783651,,2.7e-05,1,0
799818,,2.7e-05,1,0
162303,,2.7e-05,1,0
1199911,,2.7e-05,1,0
1849903,,2.7e-05,1,0
1600644,,2.7e-05,1,0
1581873,,2.7e-05,3,0
1677837,,2.7e-05,2,0
84946,"Mahant Salig Ram vs Musammat Maya Devi on 21 January, 1955",2.7e-05,3,4
1008845,,2.7e-05,3,0
354241,,2.7e-05,5,0
1590667,,2.7e-05,3,0
1682508,"Kannan Devan Hills Produce Company Ltd vs The State Of Kerala And Another on 27 April, 1972",2.7e-05,3,11
637683,,2.7e-05,4,0
821052,,2.7e-05,2,0
1323870,,2.7e-05,4,0
575045,,2.7e-05,4,0
1766147,,2.7e-05,3,0
923991,,2.7e-05,2,0
1041373,,2.7e-05,2,0
525017,,2.7e-05,2,0
899911,,2.7e-05,2,0
134532,,2.7e-05,6,0
1964672,,2.7e-05,3,0
969224,,2.7e-05,7,0
1481962,,2.7e-05,3,0
77461,,2.7e-05,4,0
977945,,2.7e-05,2,0
1632245,,2.7e-05,2,0
709776,,2.7e-05,4,0
1241624,,2.7e-05,1,0
1536922,,2.7e-05,1,0
1647933,,2.7e-05,1,0
417020,,2.7e-05,2,0
270610,,2.7e-05,4,0
395204,,2.7e-05,3,0
1830726,"The Board Of Trustees, Ayurvedic ... vs The State Of Delhi And Another on 23 October, 1961",2.7e-05,2,9
31293,,2.7e-05,1,0
642000,,2.7e-05,1,0
660195,,2.7e-05,1,0
769066,,2.7e-05,1,0
257876,"Kesavananda Bharati Sripadagalvaru ... vs State Of Kerala And Anr on 24 April, 1973",2.7e-05,7,92
1242762,,2.7e-05,2,0
1018531,,2.7e-05,8,0
1181955,,2.7e-05,4,0
1407555,,2.7e-05,5,0
1372811,,2.7e-05,3,0
942903,,2.7e-05,3,0
1847465,"Sushil Kumar Metha vs Gobind Ram Bohra on 10 November, 1989",2.7e-05,4,12
531278,,2.7e-05,2,0
812810,,2.7e-05,2,0
487379,"Commissioner Of Wealth Tax. Kanpur Etc. ... vs Chander Sen Etc on 16 July, 1986",2.7e-05,2,6
1589435,,2.7e-05,3,0
1882779,,2.7e-05,2,0
777743,,2.7e-05,4,0
568069,"Nagendra Nath Bora & Another vs The Commissioner Of Hills Divisionand ... on 7 February, 1958",2.7e-05,3,11
1412375,,2.7e-05,1,0
1732642,,2.7e-05,1,0
1024853,,2.6e-05,3,0
893980,,2.6e-05,2,0
1878478,"Chiranjilal Shrilal Goenka (Deceased) ... vs Jasjit Singh And Ors on 18 March, 1993",2.6e-05,2,10
1258228,,2.6e-05,2,0
96186,,2.6e-05,1,0
1679568,,2.6e-05,2,0
804743,,2.6e-05,2,0
805786,,2.6e-05,1,0
1420398,,2.6e-05,1,0
772572,,2.6e-05,1,0
1069536,,2.6e-05,3,0
936707,,2.6e-05,6,0
423695,,2.6e-05,2,0
676894,,2.6e-05,1,0
462211,,2.6e-05,1,0
1055648,,2.6e-05,1,0
118478827,Pioneer Urban Land And Infrastructure ... vs Union Of India,2.6e-05,5,55
1771458,,2.6e-05,1,0
1754138,,2.6e-05,1,0
414242,,2.6e-05,1,0
682293,,2.6e-05,1,0
37505817,"Narayan Bhagwantrao Gosavi Balajiwale vs Gopal Vinayak Gosavi And Ors. on 22 September, 1959",2.6e-05,3,6
1732003,,2.6e-05,1,0
1706834,,2.6e-05,1,0
959145,,2.6e-05,1,0
143916,,2.6e-05,3,0
1921095,,2.6e-05,2,0
1157189,,2.6e-05,2,0
251733,,2.6e-05,3,0
1648734,,2.6e-05,3,0
1653863,,2.6e-05,7,0
781949,,2.6e-05,6,0
695434,,2.6e-05,2,0
791872,,2.6e-05,7,0
1949465,,2.6e-05,2,0
172692,,2.6e-05,2,0
1366100,,2.6e-05,1,0
386045,,2.6e-05,1,0
452308,,2.6e-05,1,0
197876,,2.6e-05,1,0
794635,,2.6e-05,1,0
1555246,,2.6e-05,1,0
1882230,,2.6e-05,1,0
22337,,2.6e-05,1,0
367812,,2.6e-05,1,0
835889,,2.6e-05,1,0
652309,,2.6e-05,1,0
554127,,2.6e-05,1,0
1031789,,2.6e-05,1,0
1681994,,2.6e-05,1,0
1448452,,2.6e-05,1,0
466912,,2.6e-05,1,0
520534,,2.6e-05,1,0
1401120,,2.6e-05,1,0
632849,,2.6e-05,1,0
1342511,,2.6e-05,1,0
1666610,,2.6e-05,2,0
565378,,2.6e-05,1,0
239513,,2.6e-05,1,0
1257548,,2.6e-05,1,0
42334,,2.6e-05,1,0
871360,,2.6e-05,1,0
1439334,,2.6e-05,1,0
484120,,2.6e-05,1,0
603066,,2.6e-05,1,0
232106,,2.6e-05,1,0
778002,,2.6e-05,1,0
39159,,2.6e-05,1,0
594250,,2.6e-05,2,0
1857950,,2.6e-05,5,0
106337101,,2.6e-05,7,0
1960133,,2.6e-05,5,0
1546400,"State Of Gujarat vs Patel Raghav Natha & Ors on 21 April, 1969",2.6e-05,3,6
1308683,,2.6e-05,2,0
1660833,,2.6e-05,3,0
998337,,2.6e-05,4,0
1377335,,2.6e-05,2,0
1205820,,2.6e-05,2,0
1103984,,2.6e-05,3,0
456839,,2.6e-05,3,0
1672814,,2.6e-05,2,0
218317,,2.6e-05,2,0
1944190,,2.6e-05,2,0
1217538,"Shivashankar Prasad Shah & Ors vs Baikunth Nath Singh & Ors on 7 March, 1969",2.6e-05,2,9
776356,"Narayan Bhagwantrao Gosavibalajiwale vs Gopal Vinayak Gosavi And Others on 22 September, 1959",2.6e-05,2,7
1179310,,2.6e-05,2,0
1992295,,2.6e-05,4,0
865224,,2.6e-05,3,0
1767934,,2.6e-05,2,0
494408,,2.6e-05,2,0
740470,,2.6e-05,2,0
1107594,,2.6e-05,7,0
1308308,,2.6e-05,4,0
1636250,,2.6e-05,1,0
177799,,2.6e-05,1,0
1575831,,2.6e-05,1,0
425913,,2.6e-05,1,0
1221972,,2.6e-05,1,0
292651,,2.6e-05,3,0
1783840,,2.6e-05,1,0
720192,,2.6e-05,1,0
1890860,,2.6e-05,4,0
1483932,,2.6e-05,3,0
818453,,2.6e-05,4,0
561287,"Collector Of Bombay vs Municipal Corporation Of The City Of ... on 5 October, 1951",2.6e-05,4,4
1448472,,2.6e-05,2,0
301722,,2.6e-05,4,0
1412888,"Kale & Others vs Deputy Director Of Consolidation Ors on 21 January, 1976",2.6e-05,4,18
9285,"Karimbil Kunhikoman vs State Of Kerala on 5 December, 1961",2.6e-05,1,7
948743,,2.6e-05,2,0
414792,"Daryao And Others vs The State Of U. P. And Others(And ... on 27 March, 1961",2.6e-05,4,10
802336,,2.6e-05,1,0
128465,,2.6e-05,1,0
1830927,,2.6e-05,4,0
183116,,2.6e-05,3,0
27098883,,2.6e-05,4,0
1984005,,2.6e-05,2,0
623299,,2.6e-05,2,0
1470235,,2.6e-05,2,0
430759,,2.6e-05,2,0
668633,,2.6e-05,2,0
1764257,,2.6e-05,2,0
1974056,,2.6e-05,2,0
1938607,,2.6e-05,2,0
1924122,,2.6e-05,2,0
1503938,,2.6e-05,2,0
1022319,,2.6e-05,2,0
936685,,2.6e-05,2,0
1404466,,2.6e-05,2,0
663930,,2.6e-05,2,0
98297320,,2.6e-05,2,0
1625415,"Kiran Singh And Others vs Chaman Paswan And Others on 14 April, 1954",2.6e-05,4,5
57894,,2.6e-05,2,0
1513,,2.6e-05,1,0
50105,,2.6e-05,1,0
1199724,,2.6e-05,2,0
1277731,,2.6e-05,3,0
9971659,"Ram Chand And Ors. vs Union Of India (Uoi) And Ors. on 30 September, 1993",2.6e-05,3,11
443837,,2.6e-05,2,0
1359356,,2.6e-05,1,0
884541,,2.6e-05,1,0
233063,,2.6e-05,1,0
147955,,2.6e-05,1,0
401683,,2.6e-05,1,0
147758,,2.6e-05,1,0
836727,,2.6e-05,1,0
969019,,2.6e-05,1,0
1644282,,2.6e-05,1,0
1237534,,2.6e-05,1,0
1869867,,2.6e-05,1,0
28868630,,2.6e-05,3,0
1893286,,2.6e-05,3,0
1312879,,2.6e-05,3,0
21773,,2.6e-05,4,0
329158,,2.6e-05,2,0
618220,,2.6e-05,2,0
1013291,,2.6e-05,3,0
1293557,"Maganlal Chhagganlal (P) Ltd vs Municipal Corporation Of Greater ... on 11 April, 1974",2.6e-05,3,23
96229,"Nagindas Ramdas vs Dalpatram Ichharam @ Brijram And Ors on 30 November, 1973",2.6e-05,3,6
1524072,"K.T. Plantation Pvt. Ltd. & Anr vs State Of Karnataka on 9 August, 2011",2.6e-05,6,88
1357066,"Ram Sarup Gupta (Dead) By Lrs vs Bishun Narain Inter College & Ors on 8 April, 1987",2.6e-05,3,10
942668,,2.6e-05,1,0
1544897,,2.6e-05,1,0
1566753,,2.6e-05,1,0
1643769,,2.6e-05,1,0
1015973,,2.6e-05,3,0
770422,,2.6e-05,2,0
170697,,2.6e-05,4,0
98853113,,2.6e-05,2,0
663164,,2.6e-05,3,0
1149874,,2.6e-05,3,0
197746,,2.6e-05,2,0
1514672,,2.6e-05,3,0
238807,,2.6e-05,1,0
1898784,,2.6e-05,1,0
341651,,2.6e-05,1,0
551428,,2.6e-05,1,0
1064407,,2.6e-05,2,0
103163,,2.6e-05,3,0
690534,,2.6e-05,3,0
1416438,,2.6e-05,1,0
1463433,,2.6e-05,1,0
44352,,2.6e-05,1,0
1651485,,2.6e-05,1,0
1670576,,2.6e-05,1,0
1450918,,2.6e-05,3,0
640087,,2.6e-05,2,0
1959866,,2.6e-05,3,0
1231443,,2.6e-05,2,0
1180216,,2.6e-05,4,0
161012846,,2.6e-05,4,0
26511,,2.6e-05,2,0
229072,,2.6e-05,2,0
1166797,,2.6e-05,2,0
1778243,"Ct. A. Ct. Nachiappa Chettiar And Others vs Ct. A. Ct. Subramaniam Chettiar on 13 November, 1959",2.6e-05,1,7
735570,,2.6e-05,1,0
1339572,,2.6e-05,1,0
1477080,,2.6e-05,1,0
210798,,2.6e-05,2,0
1006709,"Mathura Prasad Bajoo Jaiswal & Ors vs Dossibai N. B. Jeejeebhoy on 26 February, 1970",2.6e-05,4,4
7616,,2.6e-05,2,0
71219,,2.6e-05,1,0
1092569,,2.6e-05,1,0
993554,,2.6e-05,1,0
1628820,,2.6e-05,1,0
183879,,2.6e-05,1,0
1853400,,2.6e-05,1,0
1084807,,2.6e-05,1,0
303875,,2.6e-05,1,0
1042719,,2.6e-05,1,0
786731,,2.6e-05,1,0
1018211,,2.6e-05,1,0
769065,,2.6e-05,1,0
1752601,,2.6e-05,4,0
415355,,2.6e-05,3,0
1556670,,2.6e-05,1,0
657847,,2.6e-05,1,0
1937186,,2.6e-05,1,0
1999403,,2.6e-05,1,0
629631,,2.6e-05,2,0
716347,,2.6e-05,2,0
852107,,2.6e-05,1,0
1837916,,2.6e-05,1,0
1549577,,2.6e-05,1,0
1847988,,2.6e-05,1,0
177703,,2.6e-05,1,0
1950041,,2.6e-05,3,0
113963352,,2.6e-05,3,0
1979435,,2.6e-05,4,0
660275,,2.6e-05,4,0
622454,,2.6e-05,3,0
806811,,2.6e-05,1,0
621130,,2.6e-05,1,0
881572,,2.6e-05,1,0
1843852,,2.6e-05,1,0
102512,,2.6e-05,1,0
1464257,,2.6e-05,1,0
1685047,,2.6e-05,1,0
1040522,,2.6e-05,1,0
1249629,,2.6e-05,1,0
580562,,2.6e-05,1,0
629272,,2.6e-05,1,0
1273970,,2.6e-05,1,0
914635,,2.6e-05,1,0
1201493,,2.6e-05,3,0
1869908,,2.6e-05,1,0
1692812,,2.6e-05,1,0
906566,,2.6e-05,1,0
1339020,,2.6e-05,1,0
1512527,,2.6e-05,1,0
133024,"Kidar Lall Seal And Another vs Hari Lall Seal on 18 December, 1951",2.6e-05,1,5
775246,,2.6e-05,1,0
916111,,2.6e-05,1,0
1862565,,2.6e-05,1,0
441330,,2.6e-05,1,0
1246069,,2.6e-05,1,0
1857595,,2.6e-05,1,0
1754067,,2.6e-05,1,0
129332,,2.6e-05,1,0
1778510,,2.6e-05,1,0
616263,,2.6e-05,1,0
987,,2.6e-05,1,0
230200,,2.6e-05,1,0
1837602,,2.6e-05,1,0
549992,,2.6e-05,1,0
1996477,,2.6e-05,1,0
449393,,2.6e-05,1,0
31861,,2.6e-05,1,0
1154741,,2.6e-05,1,0
361550,,2.6e-05,1,0
1593515,,2.6e-05,1,0
1355909,,2.6e-05,1,0
422515,,2.6e-05,1,0
584218,,2.6e-05,1,0
1475436,,2.6e-05,1,0
1185389,,2.6e-05,1,0
1987114,,2.6e-05,1,0
486995,,2.6e-05,1,0
338648,,2.6e-05,1,0
195803,,2.6e-05,1,0
730399,,2.6e-05,1,0
1696319,,2.6e-05,1,0
1064681,,2.6e-05,1,0
820793,,2.6e-05,1,0
1275816,,2.6e-05,1,0
1409091,,2.6e-05,1,0
895703,,2.6e-05,1,0
846379,,2.6e-05,1,0
179373,,2.6e-05,1,0
281502,,2.6e-05,1,0
621373,,2.6e-05,1,0
1653136,,2.6e-05,1,0
1775824,,2.6e-05,1,0
1722424,,2.6e-05,1,0
1899487,,2.6e-05,1,0
1931517,,2.6e-05,1,0
378453,,2.6e-05,1,0
488698,,2.6e-05,1,0
1585858,,2.6e-05,1,0
959261,,2.6e-05,1,0
1404065,,2.6e-05,1,0
1736370,,2.6e-05,1,0
847032,,2.6e-05,1,0
913518,,2.6e-05,1,0
765428,,2.6e-05,1,0
1581702,,2.6e-05,1,0
680399,,2.6e-05,1,0
120945,,2.6e-05,1,0
43718,,2.6e-05,1,0
583730,,2.6e-05,1,0
939763,,2.6e-05,1,0
95498,,2.6e-05,1,0
158205,,2.6e-05,1,0
1946226,,2.6e-05,1,0
1949249,,2.6e-05,1,0
536981,,2.6e-05,1,0
43994,,2.6e-05,1,0
499384,,2.6e-05,1,0
1605374,,2.6e-05,1,0
1413381,,2.6e-05,1,0
163368,,2.6e-05,1,0
492995,,2.6e-05,1,0
1242732,,2.6e-05,1,0
1743501,,2.6e-05,1,0
230441,,2.6e-05,1,0
526906,,2.6e-05,1,0
1712107,,2.6e-05,1,0
251775,,2.6e-05,1,0
1684138,,2.6e-05,1,0
469965,,2.6e-05,1,0
201827,,2.6e-05,1,0
914386,,2.6e-05,1,0
1720667,,2.6e-05,1,0
106222,,2.6e-05,1,0
207659,,2.6e-05,1,0
1890664,,2.6e-05,1,0
193998,,2.6e-05,1,0
1961694,,2.6e-05,1,0
992584,,2.6e-05,1,0
604596,,2.6e-05,1,0
1356169,,2.6e-05,1,0
517900,,2.6e-05,1,0
1409450,,2.6e-05,1,0
909486,,2.6e-05,1,0
871487,,2.6e-05,1,0
52125,,2.6e-05,1,0
1019532,,2.6e-05,1,0
1396654,,2.6e-05,1,0
802773,,2.6e-05,1,0
561928,,2.6e-05,1,0
686582,,2.6e-05,1,0
84114,,2.6e-05,1,0
1989654,,2.6e-05,1,0
1053321,,2.6e-05,1,0
1912660,,2.6e-05,1,0
737188,,2.6e-05,1,0
780205,,2.6e-05,1,0
470835,,2.6e-05,1,0
1383496,"M/S. Girnar Traders vs State Of Maharashtra & Ors on 11 January, 2011",2.6e-05,4,34
1686190,,2.6e-05,2,0
1013352,,2.6e-05,6,0
1271427,,2.6e-05,5,0
125596,,2.6e-05,3,0
835938,"Mohanlal Goenka vs Benoy Krishna Mukherjeeand Others on 9 December, 1952",2.6e-05,3,6
322589,,2.6e-05,4,0
1536859,,2.6e-05,3,0
642506,,2.6e-05,2,0
822430,,2.6e-05,2,0
1409206,,2.6e-05,2,0
1164758,,2.6e-05,2,0
1468121,,2.6e-05,3,0
570453,,2.6e-05,5,0
730740,,2.6e-05,2,0
93739,"Thakore Shri Vinayasinhji (Dead) By Lrs vs Kumar Shri Natwarsinhji & Ors on 18 November, 1987",2.6e-05,2,10
1999764,"Revathinnal Balagopala Varma vs His Highness Shri Padmanabhadasa Bala ... on 28 November, 1991",2.6e-05,2,18
38559,,2.6e-05,2,0
1155563,,2.6e-05,2,0
836345,,2.6e-05,1,0
897964,,2.6e-05,2,0
1318432,,2.6e-05,3,0
1417510,,2.6e-05,4,0
1908113,,2.6e-05,2,0
102200,,2.6e-05,2,0
1943026,,2.6e-05,2,0
1270170,,2.6e-05,1,0
188115,,2.6e-05,1,0
797022,,2.6e-05,1,0
441001,Nair_Service_Society_Ltd_vs_Rev_Father_K_C_Alexander_Ors_on_12_February_1968,2.6e-05,4,7
761967,,2.6e-05,3,0
800476,,2.6e-05,2,0
1714839,"Orissa Cement Ltd And Ors. Etc. Etc vs State Of Orissa And Ors. Etc. Etc on 4 April, 1991",2.6e-05,3,29
60243004,,2.6e-05,3,0
514162,,2.6e-05,2,0
1701564,,2.6e-05,2,0
224976,,2.6e-05,2,0
1274804,,2.6e-05,2,0
1678846,,2.6e-05,2,0
1359427,,2.6e-05,2,0
1142726,,2.6e-05,2,0
1328359,"Meera Sahni vs Lt. Governor Of Delhi & Ors on 15 July, 2008",2.6e-05,6,8
1266864,,2.6e-05,2,0
1543814,,2.6e-05,1,0
307125,,2.6e-05,1,0
102474,,2.6e-05,1,0
550771,,2.6e-05,1,0
1539972,,2.6e-05,1,0
572278,,2.6e-05,2,0
707752,,2.6e-05,2,0
27891,,2.6e-05,2,0
1448438,,2.6e-05,2,0
259610,,2.6e-05,3,0
664831,,2.6e-05,1,0
1714589,,2.6e-05,1,0
1799418,,2.6e-05,1,0
1661007,,2.6e-05,1,0
1349625,,2.6e-05,1,0
1388011,,2.6e-05,1,0
685498,,2.6e-05,1,0
534034,,2.6e-05,1,0
855018,,2.6e-05,1,0
1984913,,2.6e-05,1,0
570829,,2.6e-05,3,0
731827,,2.6e-05,3,0
1514076,,2.6e-05,1,0
899554,,2.6e-05,1,0
418360,,2.6e-05,2,0
314044,,2.6e-05,4,0
1965204,,2.6e-05,1,0
1313544,,2.6e-05,1,0
143631,,2.6e-05,1,0
1334608,,2.6e-05,1,0
147190949,,2.6e-05,1,0
1329142,,2.6e-05,1,0
260704,,2.6e-05,2,0
618203,,2.6e-05,2,0
141126788,,2.6e-05,3,0
1961081,,2.6e-05,2,0
112578469,,2.6e-05,2,0
901887,,2.6e-05,1,0
274576,,2.6e-05,1,0
1336921,,2.6e-05,4,0
549509,,2.6e-05,2,0
161155740,,2.6e-05,3,0
761214,,2.6e-05,2,0
1944891,,2.6e-05,2,0
175816,,2.6e-05,4,0
1949973,,2.6e-05,3,0
27215,,2.6e-05,2,0
1977447,,2.6e-05,2,0
1864509,"Moran Mar Basselios Catholicos And ... vs The Most Rev. Mar Poulose Athanasius And ... on 21 May, 1954",2.6e-05,2,4
317498,,2.6e-05,2,0
1292446,,2.6e-05,2,0
1169399,,2.6e-05,2,0
460257,,2.6e-05,1,0
118205,,2.6e-05,1,0
1691615,,2.6e-05,1,0
46889,,2.6e-05,1,0
1718489,,2.6e-05,1,0
109230659,,2.6e-05,5,0
59812,,2.6e-05,2,0
157214,,2.6e-05,2,0
1859043,,2.6e-05,1,0
1494557,,2.6e-05,1,0
58535017,,2.6e-05,3,0
1512520,,2.6e-05,3,0
1203263,,2.6e-05,3,0
995943,,2.6e-05,2,0
1626044,,2.6e-05,2,0
242016,,2.6e-05,2,0
884195,,2.6e-05,2,0
539042,,2.6e-05,2,0
1112096,,2.6e-05,2,0
622337,,2.6e-05,2,0
94329,,2.6e-05,2,0
1240327,,2.6e-05,2,0
1624884,,2.6e-05,2,0
1824863,,2.6e-05,2,0
891864,,2.6e-05,2,0
8308,,2.6e-05,2,0
99435,,2.6e-05,1,0
3060,,2.6e-05,1,0
1527004,,2.6e-05,1,0
1688386,,2.6e-05,1,0
1743618,,2.6e-05,2,0
462168,,2.6e-05,1,0
1137387,,2.6e-05,1,0
126936,,2.6e-05,1,0
476468,,2.6e-05,1,0
732490,,2.6e-05,1,0
1246653,,2.6e-05,2,0
513801,"Rustom Cavasjee Cooper vs Union Of India on 10 February, 1970",2.6e-05,5,48
290532,,2.6e-05,3,0
1922473,,2.6e-05,2,0
483899,,2.6e-05,4,0
1798717,,2.6e-05,1,0
871362,,2.6e-05,1,0
195491032,,2.6e-05,2,0
4992553,,2.6e-05,2,0
638272,"N Padmamma And Ors vs S.Ramakrishna Reddy & Ors on 16 May, 2008",2.6e-05,2,5
1093034,,2.6e-05,4,0
1970830,,2.6e-05,1,0
1629479,,2.6e-05,1,0
1954048,,2.6e-05,1,0
1089958,,2.6e-05,1,0
1962657,,2.6e-05,1,0
127118,,2.6e-05,1,0
898519,,2.6e-05,1,0
612615,,2.6e-05,1,0
112400,,2.6e-05,1,0
143379,,2.6e-05,3,0
1133181,,2.6e-05,2,0
667073,,2.6e-05,4,0
1287305,,2.6e-05,3,0
29939253,,2.6e-05,2,0
1184690,,2.6e-05,2,0
1479705,,2.6e-05,1,0
1949908,,2.6e-05,1,0
655590,,2.6e-05,1,0
1046645,,2.6e-05,1,0
1443323,,2.6e-05,1,0
1660698,,2.6e-05,1,0
1334570,,2.6e-05,1,0
1832798,,2.6e-05,1,0
1490348,,2.6e-05,1,0
1593846,,2.6e-05,1,0
1899467,,2.6e-05,2,0
1815080,,2.6e-05,2,0
1684167,"Chinnathayi Alias Veeralakshmi vs Kulasekara Pandiya Naickerand ... on 14 December, 1951",2.6e-05,2,5
1421227,,2.6e-05,2,0
1768152,,2.6e-05,1,0
1530339,,2.6e-05,1,0
1288859,,2.6e-05,1,0
1577010,,2.6e-05,1,0
1495024,,2.6e-05,1,0
874426,,2.6e-05,3,0
1164175,,2.6e-05,4,0
703197,,2.6e-05,3,0
1469240,,2.6e-05,1,0
46774,,2.6e-05,1,0
1267759,,2.6e-05,1,0
1061356,,2.6e-05,1,0
69006,,2.6e-05,1,0
202223,,2.6e-05,3,0
791627,,2.6e-05,4,0
1541615,,2.6e-05,5,0
263938,,2.6e-05,1,0
1139229,,2.6e-05,1,0
86227,,2.6e-05,1,0
324878,,2.6e-05,1,0
124022295,"Shrimant Sardar Bhujangarao Daulatrao ... vs Shrimant Malojirao Daulatrao Ghorpade ... on 30 January, 1952",2.6e-05,1,5
1777472,,2.6e-05,1,0
147413,,2.6e-05,1,0
1089401,"Shrinivas Krishnarao Kango vs Narayan Devji Kango And Others on 23 March, 1954",2.6e-05,1,10
115298,,2.6e-05,1,0
1469743,,2.6e-05,1,0
37309,,2.6e-05,1,0
1859926,,2.6e-05,1,0
847508,,2.6e-05,1,0
426066,,2.6e-05,1,0
844274,,2.6e-05,1,0
1779198,,2.6e-05,1,0
1664208,,2.6e-05,1,0
1201219,,2.6e-05,1,0
485714,,2.6e-05,1,0
1152226,,2.6e-05,1,0
1436094,,2.6e-05,1,0
1913146,,2.6e-05,1,0
1754034,,2.6e-05,1,0
71027,,2.6e-05,1,0
446198,,2.6e-05,1,0
114104,,2.6e-05,1,0
1010098,,2.6e-05,1,0
1555028,,2.6e-05,1,0
1939086,,2.6e-05,1,0
1711610,,2.6e-05,1,0
206301,,2.6e-05,1,0
150165,,2.6e-05,1,0
1040413,,2.6e-05,1,0
306522,,2.6e-05,1,0
710086,,2.6e-05,1,0
1603423,,2.6e-05,1,0
377653,,2.6e-05,1,0
1316570,,2.6e-05,1,0
52225,,2.6e-05,1,0
1059663,,2.6e-05,1,0
1479218,,2.6e-05,1,0
1431341,,2.6e-05,1,0
1544260,,2.6e-05,1,0
1092209,,2.6e-05,1,0
623990,,2.6e-05,1,0
1375890,,2.6e-05,1,0
165861,,2.6e-05,1,0
1354520,,2.6e-05,1,0
82363,,2.6e-05,1,0
1510607,,2.6e-05,1,0
1586052,,2.6e-05,1,0
1356757,,2.6e-05,1,0
1386411,,2.6e-05,1,0
281138,,2.6e-05,1,0
481911,,2.6e-05,1,0
927578,,2.6e-05,1,0
1211267,,2.6e-05,1,0
1099676,,2.6e-05,1,0
1285332,,2.6e-05,1,0
570271,,2.6e-05,1,0
808032,,2.6e-05,1,0
712724,,2.6e-05,1,0
178776,,2.6e-05,1,0
1076387,,2.6e-05,1,0
1725451,,2.6e-05,1,0
1666113,,2.6e-05,1,0
1640523,,2.6e-05,1,0
1255770,,2.6e-05,1,0
1469644,,2.6e-05,1,0
15266,,2.6e-05,1,0
1500746,,2.6e-05,1,0
1692651,,2.6e-05,1,0
1992675,,2.6e-05,1,0
1859388,,2.6e-05,1,0
133633,,2.6e-05,1,0
894227,,2.6e-05,1,0
1811127,,2.6e-05,1,0
1546274,,2.6e-05,1,0
1291473,,2.6e-05,1,0
477550,,2.6e-05,1,0
724540,,2.6e-05,1,0
1510201,,2.6e-05,1,0
1722864,,2.6e-05,1,0
443204,,2.6e-05,1,0
1611518,,2.6e-05,1,0
1449949,,2.6e-05,1,0
287243,,2.6e-05,1,0
776903,,2.6e-05,1,0
883678,,2.6e-05,1,0
1736414,,2.6e-05,1,0
17790,,2.6e-05,1,0
1716978,,2.6e-05,1,0
1486675,,2.6e-05,1,0
328740,,2.6e-05,1,0
1476635,,2.6e-05,1,0
1100563,,2.6e-05,1,0
310236,,2.6e-05,1,0
835130,,2.6e-05,1,0
1885988,"Shyamaraju Hegde vs U. Venkatesha Bhat & Ors on 25 September, 1987",2.6e-05,1,5
659135,,2.6e-05,1,0
1011639,,2.6e-05,1,0
645315,,2.6e-05,1,0
1594031,,2.6e-05,2,0
620068,,2.6e-05,2,0
542092,,2.6e-05,2,0
67432,,2.6e-05,2,0
801860,,2.6e-05,2,0
132060,,2.6e-05,1,0
93940,,2.6e-05,1,0
1230342,,2.6e-05,1,0
231145,,2.6e-05,1,0
251771,,2.6e-05,1,0
1438332,,2.6e-05,2,0
1722040,,2.6e-05,2,0
1590934,"Krishna Chandra Gangopadhyaya Etc vs Union Of India & Ors on 18 April, 1975",2.6e-05,3,5
1617498,,2.6e-05,3,0
1483878,,2.6e-05,4,0
444095,,2.6e-05,3,0
1742283,,2.6e-05,2,0
744830,"Maharaj Singh vs State Of Uttar Pradesh & Others on 2 November, 1976",2.6e-05,4,88
1694488,,2.6e-05,4,0
1407895,,2.6e-05,2,0
268805,,2.6e-05,6,0
485116,,2.6e-05,3,0
1246049,,2.6e-05,2,0
1411084,,2.6e-05,2,0
342860,,2.6e-05,3,0
1978490,,2.5e-05,2,0
358754,,2.5e-05,2,0
53080,,2.5e-05,3,0
318728,,2.5e-05,3,0
1351933,,2.5e-05,2,0
1356838,,2.5e-05,2,0
1659499,,2.5e-05,2,0
945252,,2.5e-05,1,0
1402024,,2.5e-05,1,0
462743,,2.5e-05,1,0
1221998,,2.5e-05,1,0
811277,,2.5e-05,3,0
411405,,2.5e-05,2,0
603957,,2.5e-05,3,0
1741745,,2.5e-05,1,0
1519486,,2.5e-05,2,0
10239019,,2.5e-05,2,0
594165,,2.5e-05,3,0
304499,,2.5e-05,2,0
1135956,,2.5e-05,2,0
171525,,2.5e-05,2,0
180966769,,2.5e-05,3,0
1602378,,2.5e-05,2,0
43475503,,2.5e-05,5,0
1907642,"India Cement Ltd vs State Of Tamil Nadu Etc on 25 October, 1989",2.5e-05,6,15
1151521,,2.5e-05,2,0
1179103,,2.5e-05,2,0
1964203,,2.5e-05,2,0
39742564,,2.5e-05,2,0
154279163,,2.5e-05,2,0
317293,,2.5e-05,1,0
841758,,2.5e-05,2,0
1350326,,2.5e-05,2,0
879535,,2.5e-05,4,0
1065765,,2.5e-05,2,0
1465016,"Ram Chand vs Union Of India (N.P. Singh, J) on 30 September, 1993",2.5e-05,2,13
60704497,,2.5e-05,2,0
452118,,2.5e-05,3,0
800950,,2.5e-05,4,0
98066,,2.5e-05,2,0
1895251,,2.5e-05,1,0
1714910,,2.5e-05,1,0
1485999,,2.5e-05,1,0
1824879,,2.5e-05,1,0
1356184,"Indian Council For Enviro-Legal Action vs Union Of India & Ors on 18 July, 2011",2.5e-05,5,33
29110,,2.5e-05,1,0
506712,,2.5e-05,1,0
1966385,,2.5e-05,1,0
1924531,,2.5e-05,1,0
438234,,2.5e-05,1,0
703650,,2.5e-05,5,0
1987374,,2.5e-05,1,0
1703291,,2.5e-05,1,0
303393,,2.5e-05,1,0
770752,,2.5e-05,1,0
184557,,2.5e-05,1,0
1783425,,2.5e-05,1,0
276012,,2.5e-05,1,0
950728,,2.5e-05,1,0
60679,,2.5e-05,1,0
1643138,,2.5e-05,3,0
785132,,2.5e-05,3,0
880174,,2.5e-05,2,0
1642527,,2.5e-05,3,0
1808033,,2.5e-05,1,0
1530685,,2.5e-05,3,0
666541,,2.5e-05,3,0
1067331,,2.5e-05,3,0
1905495,"Thota Sesharathamma And Anr vs Thota Manikyamma (Dead) By Lrs. And Ors on 23 August, 1991",2.5e-05,2,15
1089068,,2.5e-05,4,0
1262157,,2.5e-05,1,0
618762,,2.5e-05,1,0
1949685,,2.5e-05,2,0
1929275,,2.5e-05,1,0
1289057,,2.5e-05,1,0
422114,,2.5e-05,1,0
109971907,,2.5e-05,1,0
69305,,2.5e-05,1,0
889086,,2.5e-05,4,0
1379062,"Beopar Sahayak (P) Ltd. & Ors vs Vishwa Nath & Ors on 15 July, 1987",2.5e-05,1,5
1179086,,2.5e-05,1,0
1556438,,2.5e-05,1,0
879550,,2.5e-05,1,0
252376,,2.5e-05,1,0
1137338,,2.5e-05,1,0
1779629,,2.5e-05,1,0
652166,,2.5e-05,1,0
399321,,2.5e-05,1,0
791131,,2.5e-05,5,0
1293816,,2.5e-05,3,0
622189,,2.5e-05,2,0
639698,,2.5e-05,2,0
824908,,2.5e-05,2,0
1303306,,2.5e-05,2,0
1902234,,2.5e-05,2,0
271205,,2.5e-05,2,0
1645156,,2.5e-05,3,0
1497372,,2.5e-05,1,0
854341,,2.5e-05,1,0
662731,,2.5e-05,1,0
317554,,2.5e-05,2,0
982342,,2.5e-05,2,0
332412,,2.5e-05,1,0
401288,,2.5e-05,2,0
1221809,,2.5e-05,2,0
673012,,2.5e-05,4,0
354201,,2.5e-05,2,0
481866,"Kalipada Chakraborti And Another vs Palani Bala Devi And Others on 16 January, 1953",2.5e-05,1,5
1349137,,2.5e-05,1,0
1992026,,2.5e-05,1,0
56205,,2.5e-05,1,0
570631,,2.5e-05,1,0
363737,,2.5e-05,1,0
1301763,,2.5e-05,2,0
591481,,2.5e-05,2,0
189160531,,2.5e-05,3,0
194959,,2.5e-05,2,0
1637242,,2.5e-05,2,0
1744931,,2.5e-05,2,0
1779121,,2.5e-05,3,0
459108,,2.5e-05,2,0
544776,,2.5e-05,3,0
1038664,Atyam_Veerraju_And_Others_vs_Pechetti_Venkanna_And_Others_on_20_September_1965,2.5e-05,1,8
1743111,,2.5e-05,1,0
1346253,,2.5e-05,1,0
315010,,2.5e-05,1,0
56145,,2.5e-05,1,0
808713,,2.5e-05,2,0
69408974,,2.5e-05,3,0
1464523,,2.5e-05,4,0
466569,,2.5e-05,1,0
556192,,2.5e-05,1,0
67871,,2.5e-05,5,0
134612,,2.5e-05,1,0
506242,,2.5e-05,1,0
155454,,2.5e-05,1,0
1121908,,2.5e-05,1,0
1313545,,2.5e-05,1,0
599177,,2.5e-05,1,0
1730415,,2.5e-05,1,0
962828,,2.5e-05,1,0
1640660,,2.5e-05,1,0
1306519,,2.5e-05,1,0
1790076,,2.5e-05,1,0
769525,,2.5e-05,1,0
784955,,2.5e-05,1,0
1499783,,2.5e-05,1,0
280906,,2.5e-05,1,0
1621232,,2.5e-05,1,0
407967,,2.5e-05,1,0
1151490,,2.5e-05,1,0
1905519,,2.5e-05,1,0
1838105,,2.5e-05,1,0
189372,,2.5e-05,1,0
276520,,2.5e-05,1,0
1733135,,2.5e-05,1,0
880405,,2.5e-05,1,0
1031625,,2.5e-05,1,0
1842270,,2.5e-05,1,0
741133,,2.5e-05,1,0
155063,,2.5e-05,1,0
631246,,2.5e-05,1,0
1976487,,2.5e-05,1,0
101564,,2.5e-05,1,0
492849,,2.5e-05,1,0
1150184,,2.5e-05,1,0
5196,,2.5e-05,1,0
1640776,,2.5e-05,1,0
218169,,2.5e-05,1,0
1310951,,2.5e-05,1,0
1148062,,2.5e-05,1,0
389716,,2.5e-05,1,0
1703849,,2.5e-05,1,0
1853311,,2.5e-05,1,0
900028,,2.5e-05,1,0
142305,,2.5e-05,1,0
187599,,2.5e-05,1,0
1981550,,2.5e-05,1,0
501269,,2.5e-05,1,0
1185650,,2.5e-05,1,0
1389247,,2.5e-05,1,0
140906,,2.5e-05,1,0
475568,,2.5e-05,1,0
1729355,,2.5e-05,1,0
1417015,,2.5e-05,1,0
1890578,,2.5e-05,1,0
503716,,2.5e-05,1,0
196578,,2.5e-05,1,0
1138805,,2.5e-05,1,0
505753,,2.5e-05,1,0
1231258,,2.5e-05,1,0
1437643,,2.5e-05,1,0
1050152,,2.5e-05,1,0
788614,,2.5e-05,1,0
20086,,2.5e-05,1,0
1107612,,2.5e-05,1,0
795303,,2.5e-05,1,0
190064,,2.5e-05,1,0
974063,,2.5e-05,1,0
1063151,,2.5e-05,1,0
791703,,2.5e-05,1,0
1585491,,2.5e-05,1,0
871117,,2.5e-05,1,0
903013,,2.5e-05,1,0
1153319,,2.5e-05,1,0
1341810,,2.5e-05,1,0
1471132,,2.5e-05,1,0
159897,,2.5e-05,1,0
910647,,2.5e-05,1,0
1293751,,2.5e-05,1,0
684568,,2.5e-05,1,0
1986516,,2.5e-05,1,0
846624,,2.5e-05,1,0
1131891,,2.5e-05,1,0
1244187,,2.5e-05,1,0
320208,,2.5e-05,1,0
1732040,"Accountant And Secretarial Services ... vs Union Of India & Ors on 20 July, 1988",2.5e-05,2,17
185550,,2.5e-05,4,0
203464,,2.5e-05,3,0
531626,,2.5e-05,2,0
1870342,,2.5e-05,2,0
907049,,2.5e-05,3,0
1420506,,2.5e-05,2,0
6571,,2.5e-05,3,0
516830,"M.N. Aryamurthy And Anr. vs M.D. Subbaraya Setty (Dead) Through L. ... on 20 September, 1971",2.5e-05,2,8
1699144,,2.5e-05,3,0
848120,,2.5e-05,1,0
1385657,,2.5e-05,1,0
17389,,2.5e-05,2,0
623061,,2.5e-05,4,0
1999892,,2.5e-05,3,0
1058612,,2.5e-05,5,0
1191030,,2.5e-05,2,0
1101230,,2.5e-05,4,0
1218536,,2.5e-05,2,0
1867873,,2.5e-05,3,0
1954714,,2.5e-05,2,0
699829,,2.5e-05,2,0
1035515,,2.5e-05,2,0
1087556,,2.5e-05,3,0
135413,"Immani Appa Rao And Others vs Gollapalli Ramalingamurthi And Ors on 22 September, 1961",2.5e-05,2,11
1724878,,2.5e-05,3,0
542352,,2.5e-05,2,0
620816,,2.5e-05,4,0
101547,,2.5e-05,2,0
1732064,,2.5e-05,2,0
266087,,2.5e-05,2,0
968805,,2.5e-05,4,0
221721,,2.5e-05,3,0
282972,,2.5e-05,3,0
1199248,,2.5e-05,3,0
1625320,,2.5e-05,2,0
1440961,,2.5e-05,3,0
1216722,,2.5e-05,2,0
1247047,,2.5e-05,3,0
1377006,,2.5e-05,3,0
1327287,,2.5e-05,3,0
70850146,,2.5e-05,1,0
416055,,2.5e-05,1,0
955616,,2.5e-05,1,0
1575757,,2.5e-05,1,0
1891900,,2.5e-05,1,0
1314858,,2.5e-05,1,0
1594619,,2.5e-05,1,0
916840,,2.5e-05,1,0
326478,,2.5e-05,1,0
1363325,,2.5e-05,1,0
1154981,,2.5e-05,2,0
52367199,,2.5e-05,2,0
505253,,2.5e-05,1,0
1316139,,2.5e-05,1,0
460791,,2.5e-05,1,0
439683,,2.5e-05,1,0
1818059,,2.5e-05,1,0
1171702,,2.5e-05,2,0
1512543,,2.5e-05,1,0
1522808,,2.5e-05,1,0
1066089,,2.5e-05,1,0
626603,,2.5e-05,1,0
193061,,2.5e-05,1,0
1564044,,2.5e-05,2,0
1043244,,2.5e-05,1,0
431670,,2.5e-05,1,0
1140709,,2.5e-05,1,0
607622,,2.5e-05,4,0
1983017,"Bhagwan Dayal vs Mst. Reoti Devi on 4 September, 1961",2.5e-05,3,9
502707,Mangal_Singh_Ors_vs_Shrimati_Rattno_Anr_on_6_April_1967,2.5e-05,2,6
986432,,2.5e-05,2,0
1655569,,2.5e-05,1,0
1133248,,2.5e-05,1,0
20446998,,2.5e-05,1,0
754207,,2.5e-05,1,0
1043807,,2.5e-05,1,0
1257214,,2.5e-05,3,0
225810,,2.5e-05,1,0
1536891,,2.5e-05,1,0
1950800,,2.5e-05,1,0
831968,,2.5e-05,1,0
13149785,,2.5e-05,2,0
1038846,,2.5e-05,2,0
1964595,,2.5e-05,2,0
1461188,,2.5e-05,1,0
1629177,,2.5e-05,1,0
129994,,2.5e-05,1,0
651685,,2.5e-05,1,0
1169944,,2.5e-05,1,0
89824,,2.5e-05,1,0
1685048,,2.5e-05,1,0
1624255,,2.5e-05,1,0
1786984,,2.5e-05,1,0
1083988,,2.5e-05,1,0
702145,"Banda Development Authy, Banda vs Moti Lal Agarwal & Ors on 26 April, 2011",2.5e-05,5,26
395222,,2.5e-05,2,0
1380678,,2.5e-05,3,0
1926500,,2.5e-05,3,0
1077729,,2.5e-05,3,0
33396,,2.5e-05,4,0
1507940,,2.5e-05,1,0
70118293,,2.5e-05,1,0
806083,,2.5e-05,1,0
996403,,2.5e-05,1,0
1940266,"Kunhayammed & Ors vs State Of Kerala & Anr on 19 July, 2000",2.5e-05,3,20
128918,,2.5e-05,1,0
100167988,,2.5e-05,3,0
958552,,2.5e-05,3,0
540088,,2.5e-05,1,0
387828,,2.5e-05,1,0
94159,,2.5e-05,1,0
112850760,,2.5e-05,3,0
379047,,2.5e-05,4,0
1035719,,2.5e-05,2,0
1425907,,2.5e-05,2,0
1113126,,2.5e-05,2,0
1857401,,2.5e-05,2,0
287512,,2.5e-05,3,0
1778199,"Kunjukutty Sahib Etc. Etc vs State Of Kerala & Anr on 26 April, 1972",2.5e-05,3,8
1103994,,2.5e-05,3,0
27037,,2.5e-05,1,0
95776,,2.5e-05,1,0
1475059,,2.5e-05,1,0
1030770,,2.5e-05,1,0
1202169,,2.5e-05,1,0
1800825,,2.5e-05,1,0
1926847,,2.5e-05,1,0
1886356,,2.5e-05,1,0
1290730,,2.5e-05,1,0
1182818,,2.5e-05,1,0
1275107,,2.5e-05,1,0
1052465,,2.5e-05,2,0
1807847,,2.5e-05,1,0
1852148,,2.5e-05,2,0
739415,,2.5e-05,2,0
635483,,2.5e-05,4,0
1845348,,2.5e-05,1,0
132533,,2.5e-05,1,0
1207163,,2.5e-05,1,0
224777,,2.5e-05,1,0
180558,,2.5e-05,1,0
1025069,,2.5e-05,1,0
1039638,,2.5e-05,1,0
359671,,2.5e-05,1,0
1198432,,2.5e-05,1,0
1284931,,2.5e-05,1,0
1870386,"Mummareddi Nagi Reddi And Others vs Pitti Durairaja Naidu And Others on 8 May, 1951",2.5e-05,1,4
1598978,,2.5e-05,1,0
669739,,2.5e-05,1,0
1749071,,2.5e-05,1,0
499345,,2.5e-05,1,0
557944,,2.5e-05,1,0
1034384,,2.5e-05,1,0
111109,,2.5e-05,1,0
377120,,2.5e-05,1,0
1925956,,2.5e-05,1,0
463948,,2.5e-05,1,0
1910532,,2.5e-05,1,0
941902,,2.5e-05,1,0
981899,,2.5e-05,1,0
33340,,2.5e-05,1,0
344121,,2.5e-05,1,0
1010346,,2.5e-05,1,0
71358,,2.5e-05,1,0
1144177,,2.5e-05,1,0
1486399,,2.5e-05,1,0
1672494,,2.5e-05,1,0
1712365,,2.5e-05,1,0
1852915,,2.5e-05,1,0
634147,,2.5e-05,1,0
1233642,,2.5e-05,1,0
934714,,2.5e-05,1,0
1728700,,2.5e-05,1,0
1338749,,2.5e-05,1,0
1769458,,2.5e-05,1,0
227646,,2.5e-05,1,0
1720273,,2.5e-05,1,0
703666,"State Of Rajasthan And Ors vs Sajjanlal Panjawat & Ors on 14 December, 1973",2.5e-05,1,7
1823560,,2.5e-05,1,0
944747,,2.5e-05,1,0
1654408,,2.5e-05,1,0
1860804,,2.5e-05,1,0
1757427,,2.5e-05,1,0
869439,"Shalimar Tar Products Ltd vs H.C. Sharma & Ors on 12 November, 1987",2.5e-05,1,6
224012,,2.5e-05,1,0
1508507,,2.5e-05,1,0
1247947,,2.5e-05,1,0
1553455,,2.5e-05,1,0
927675,,2.5e-05,1,0
923000,,2.5e-05,1,0
114533,,2.5e-05,1,0
1459512,,2.5e-05,1,0
1162029,,2.5e-05,1,0
1719803,,2.5e-05,1,0
72150,,2.5e-05,1,0
1843685,,2.5e-05,1,0
344127,,2.5e-05,1,0
1979520,,2.5e-05,1,0
1657891,,2.5e-05,1,0
1457326,,2.5e-05,1,0
1224953,,2.5e-05,1,0
734532,,2.5e-05,1,0
130040,,2.5e-05,1,0
1859725,,2.5e-05,1,0
59896981,,2.5e-05,1,0
171150858,,2.5e-05,2,0
1005201,,2.5e-05,2,0
55578845,,2.5e-05,3,0
1883216,,2.5e-05,1,0
1612873,,2.5e-05,1,0
542427,,2.5e-05,1,0
871239,,2.5e-05,1,0
1710983,,2.5e-05,1,0
36469640,,2.5e-05,2,0
156252615,,2.5e-05,2,0
279589,,2.5e-05,2,0
1706770,,2.5e-05,2,0
925897,,2.5e-05,2,0
12212510,,2.5e-05,2,0
705558,,2.5e-05,3,0
86815527,,2.5e-05,2,0
181931435,,2.5e-05,2,0
17408,,2.5e-05,5,0
1482259,,2.5e-05,3,0
100773677,,2.5e-05,2,0
1506108,,2.5e-05,3,0
1273599,,2.5e-05,1,0
1930027,,2.5e-05,1,0
400509,,2.5e-05,1,0
577878,,2.5e-05,1,0
1204286,,2.5e-05,3,0
493792,,2.5e-05,3,0
1818014,,2.5e-05,3,0
1048134,,2.5e-05,2,0
112030488,,2.5e-05,2,0
930201,,2.5e-05,4,0
538534,,2.5e-05,1,0
1798267,,2.5e-05,1,0
1985274,,2.5e-05,1,0
125891500,,2.5e-05,1,0
1719909,,2.5e-05,2,0
444736,,2.5e-05,2,0
126089,,2.5e-05,3,0
603123,,2.5e-05,3,0
1646284,,2.5e-05,3,0
1474119,,2.5e-05,5,0
1882267,,2.5e-05,2,0
342197,,2.5e-05,2,0
553290,,2.5e-05,1,0
1217564,,2.5e-05,1,0
1810926,,2.5e-05,1,0
863243,,2.5e-05,1,0
1546265,,2.5e-05,3,0
181125380,,2.5e-05,2,0
1035057,,2.5e-05,3,0
536153,,2.5e-05,2,0
1351561,,2.5e-05,3,0
288297,"Prabhakaran Nair, Etc vs State Of Tamil Nadu And Ors on 3 September, 1987",2.5e-05,2,13
867622,,2.5e-05,4,0
661632,,2.5e-05,2,0
1184550,,2.5e-05,2,0
1725193,,2.5e-05,2,0
1309710,,2.5e-05,1,0
1331249,,2.5e-05,1,0
1231748,,2.5e-05,1,0
454474,,2.5e-05,1,0
1366088,,2.5e-05,1,0
215754,,2.5e-05,3,0
82588,,2.5e-05,3,0
473480,,2.5e-05,3,0
47808634,,2.5e-05,3,0
67600325,,2.5e-05,2,0
589310,,2.5e-05,2,0
797637,,2.5e-05,2,0
1099363,,2.5e-05,2,0
42851,,2.5e-05,2,0
1106503,,2.5e-05,2,0
419984,,2.5e-05,2,0
1022527,,2.5e-05,1,0
197000,,2.5e-05,1,0
1989264,,2.5e-05,1,0
1433560,,2.5e-05,1,0
378172,,2.5e-05,2,0
649393,,2.5e-05,3,0
1545120,,2.5e-05,2,0
1997321,,2.5e-05,1,0
525184,,2.5e-05,1,0
959860,,2.5e-05,1,0
622423,,2.5e-05,2,0
279427,,2.5e-05,3,0
70031,,2.5e-05,2,0
1444315,,2.5e-05,2,0
1651599,,2.5e-05,2,0
768110,,2.5e-05,3,0
1681028,,2.5e-05,3,0
118300789,,2.5e-05,2,0
1141467,,2.5e-05,2,0
1985362,,2.5e-05,1,0
1241075,,2.5e-05,1,0
556242,,2.5e-05,1,0
1678079,,2.5e-05,1,0
821398,,2.5e-05,1,0
97445,,2.5e-05,1,0
1099418,,2.5e-05,1,0
1126538,,2.5e-05,1,0
644972,,2.5e-05,2,0
1603084,"Patel Rajnikant Dhulabhai & Anr vs Patel Chandrakant Dhulabhai & Ors on 21 July, 2008",2.5e-05,3,8
20720737,,2.5e-05,4,0
1473833,,2.5e-05,1,0
1342583,,2.5e-05,1,0
899065,,2.5e-05,3,0
1938608,"Narmada Bachao Andolan vs Union Of India And Others on 18 October, 2000",2.5e-05,3,5
1057797,,2.5e-05,2,0
1224706,,2.5e-05,2,0
1933159,,2.5e-05,2,0
186751406,,2.5e-05,2,0
4504378,,2.5e-05,2,0
1259856,,2.5e-05,2,0
1591621,,2.5e-05,1,0
887227,,2.5e-05,1,0
1833404,,2.5e-05,1,0
1917840,,2.5e-05,1,0
60084,,2.5e-05,2,0
766560,,2.5e-05,2,0
394218,"Ajay Krishan Shinghal Etc. Etc vs Union Of India & Ors on 6 August, 1996",2.5e-05,4,9
281568,"The Quarry Owners Association vs The State Of Bihar & Ors on 8 August, 2000",2.5e-05,2,15
659511,,2.5e-05,2,0
621086,,2.5e-05,3,0
352513,,2.5e-05,1,0
703390,,2.5e-05,1,0
1426784,,2.5e-05,1,0
282299,,2.5e-05,1,0
788903,,2.5e-05,1,0
2194,,2.5e-05,1,0
115197,,2.5e-05,1,0
1374895,,2.5e-05,1,0
1404892,,2.5e-05,2,0
1007946,,2.5e-05,3,0
675517,,2.5e-05,1,0
1508646,,2.5e-05,1,0
350798,,2.5e-05,1,0
1410592,,2.5e-05,1,0
1996049,,2.5e-05,1,0
234941,,2.5e-05,1,0
221269,,2.5e-05,1,0
1918077,,2.5e-05,1,0
779924,,2.5e-05,1,0
317402,,2.5e-05,1,0
1518761,,2.5e-05,1,0
1659711,,2.5e-05,1,0
1815362,,2.5e-05,1,0
1706401,,2.5e-05,1,0
354798,,2.5e-05,1,0
994996,,2.5e-05,1,0
1030897,,2.5e-05,1,0
1152977,,2.5e-05,1,0
1388479,,2.5e-05,1,0
838233,,2.5e-05,1,0
838254,"Khalil Ahmed Bashir Ahmed vs Tufelhussein Samasbhai Sarangpurwala on 13 November, 1987",2.5e-05,1,7
721581,,2.5e-05,1,0
1305244,,2.5e-05,1,0
1237964,,2.5e-05,1,0
760518,,2.5e-05,1,0
1693414,,2.5e-05,1,0
1474767,"Darshan Singh And Anr. Etc. Etc vs Ram Pal Singh And Anr. Etc. Etc on 20 November, 1990",2.5e-05,1,17
1185478,,2.5e-05,1,0
164456,,2.5e-05,1,0
1856112,,2.5e-05,1,0
741904,,2.5e-05,1,0
1654107,,2.5e-05,1,0
438827,,2.5e-05,1,0
125729,,2.5e-05,1,0
1303080,,2.5e-05,1,0
993736,,2.5e-05,1,0
1516004,,2.5e-05,1,0
1079974,,2.5e-05,1,0
31505,,2.5e-05,1,0
1157755,,2.5e-05,1,0
608068,,2.5e-05,1,0
10459,,2.5e-05,1,0
20683,,2.5e-05,1,0
56341,,2.5e-05,1,0
104564,,2.5e-05,1,0
857905,,2.5e-05,1,0
1375132,,2.5e-05,3,0
1969682,"Samatha vs State Of Andhra Pradesh And Ors on 11 July, 1997",2.5e-05,3,67
1766988,,2.5e-05,3,0
87528,,2.5e-05,3,0
1325343,,2.5e-05,2,0
108021,,2.5e-05,1,0
763703,,2.5e-05,1,0
732516,,2.5e-05,1,0
1063853,,2.5e-05,1,0
658608,,2.5e-05,1,0
399219,,2.5e-05,1,0
1035123,,2.5e-05,2,0
580446,,2.5e-05,2,0
1734838,,2.5e-05,1,0
448046,,2.5e-05,1,0
1974725,,2.5e-05,1,0
87917,,2.5e-05,1,0
1587824,,2.5e-05,1,0
1302524,,2.5e-05,1,0
1093983,,2.5e-05,1,0
313651,,2.5e-05,1,0
153998550,,2.5e-05,2,0
1460318,,2.5e-05,2,0
859161,,2.5e-05,2,0
1536230,,2.5e-05,2,0
1322950,,2.5e-05,2,0
1902038,,2.5e-05,2,0
1193965,,2.5e-05,4,0
1593334,,2.5e-05,2,0
1099668,,2.5e-05,1,0
9443,,2.5e-05,2,0
1465492,,2.5e-05,2,0
1295956,,2.5e-05,2,0
409057,,2.5e-05,2,0
371933,,2.5e-05,3,0
1509628,,2.5e-05,2,0
1357931,,2.5e-05,3,0
1963266,"Nand Kishore Gupta & Ors vs State Of U.P.& Ors on 8 September, 2010",2.5e-05,2,23
751831,,2.5e-05,2,0
82473,,2.5e-05,2,0
865455,,2.5e-05,3,0
179426437,,2.5e-05,3,0
1667643,,2.5e-05,2,0
314987,,2.5e-05,2,0
1238890,,2.5e-05,2,0
449406,,2.5e-05,2,0
1553487,,2.5e-05,3,0
1224091,,2.5e-05,2,0
28118,,2.5e-05,1,0
317602,,2.5e-05,1,0
1170830,,2.5e-05,1,0
1113964,,2.5e-05,1,0
836690,,2.5e-05,1,0
1147007,,2.5e-05,1,0
1780736,,2.5e-05,1,0
407809,,2.5e-05,3,0
92730,,2.5e-05,2,0
1939993,,2.5e-05,3,0
6925,,2.5e-05,2,0
799736,,2.5e-05,3,0
1653713,,2.5e-05,2,0
1195357,,2.5e-05,3,0
635617,,2.5e-05,3,0
1921344,,2.5e-05,5,0
1425329,,2.5e-05,4,0
174910953,,2.5e-05,2,0
1747577,,2.5e-05,2,0
1385220,,2.5e-05,2,0
1220466,,2.5e-05,2,0
1712166,,2.5e-05,2,0
595099,,2.5e-05,2,0
290330,,2.5e-05,2,0
1238854,,2.5e-05,2,0
522117,,2.5e-05,1,0
1013877,,2.5e-05,1,0
638760,,2.5e-05,1,0
1337559,,2.5e-05,1,0
1997407,,2.5e-05,1,0
497890,,2.5e-05,1,0
1388408,,2.5e-05,1,0
277167,,2.5e-05,1,0
11911163,"Laxami Devi vs State Of Bihar & Ors on 3 July, 2015",2.5e-05,3,26
1014506,,2.5e-05,2,0
865394,"Purushothaman Nambudiri vs The State Of Kerala on 5 December, 1961",2.5e-05,1,7
815666,,2.5e-05,1,0
1673030,,2.5e-05,2,0
1216757,,2.5e-05,3,0
1890797,"Satinder Singh And Others vs Amrao Singh And Others on 2 February, 1961",2.5e-05,1,5
818638,"Union Of India (Uoi) vs Hari Krishan Khosla (Dead) By Lrs. on 16 September, 1992",2.5e-05,1,13
1491022,,2.5e-05,1,0
57245,,2.5e-05,1,0
1481209,,2.5e-05,1,0
1275589,,2.5e-05,3,0
24876,,2.5e-05,3,0
611928,,2.5e-05,1,0
1029264,,2.5e-05,1,0
1932635,,2.5e-05,1,0
1510323,,2.5e-05,1,0
1514049,,2.5e-05,1,0
1656576,,2.5e-05,1,0
770220,,2.5e-05,2,0
1789800,,2.5e-05,2,0
120241,,2.5e-05,2,0
1738333,,2.5e-05,2,0
1000294,,2.5e-05,1,0
1628739,,2.5e-05,3,0
1842303,,2.5e-05,1,0
802993,,2.5e-05,1,0
35944,,2.5e-05,1,0
1187058,,2.5e-05,1,0
1633791,,2.5e-05,1,0
1420504,,2.5e-05,2,0
352854,,2.5e-05,2,0
1527262,,2.5e-05,1,0
1695125,,2.5e-05,1,0
931610,,2.5e-05,1,0
301789,,2.5e-05,1,0
929321,,2.5e-05,1,0
660982,,2.5e-05,1,0
1766641,,2.5e-05,1,0
1913918,,2.5e-05,1,0
1085773,,2.5e-05,1,0
342714,,2.5e-05,1,0
77162,S_S_Munna_Lal_vs_S_S_Rajkumar_And_Others_on_23_February_1962,2.5e-05,1,7
1203079,"Firm Of Harbanslal Jagmohandas & Anr vs Prabhudas Shivlal on 16 April, 1971",2.5e-05,1,4
1100902,,2.5e-05,1,0
905622,,2.5e-05,1,0
1798885,,2.5e-05,1,0
801837,,2.5e-05,1,0
43226,,2.5e-05,1,0
625998,,2.5e-05,1,0
1483358,,2.5e-05,1,0
782295,,2.5e-05,1,0
1520591,,2.5e-05,1,0
1329110,,2.5e-05,1,0
409814,,2.5e-05,1,0
1821499,,2.5e-05,1,0
1288544,,2.5e-05,1,0
336570,,2.5e-05,1,0
886958,,2.5e-05,1,0
1027711,,2.5e-05,1,0
35670,,2.5e-05,1,0
282348,,2.5e-05,1,0
1139276,,2.5e-05,1,0
498814,,2.5e-05,1,0
1095112,,2.5e-05,1,0
15279076,,2.5e-05,1,0
1680154,,2.5e-05,1,0
1900118,,2.5e-05,1,0
678652,,2.5e-05,1,0
714769,,2.5e-05,1,0
991863,,2.5e-05,2,0
927539,,2.5e-05,2,0
912722,"Jaisri Sahu vs Rajdewan Dubey And Others on 28 April, 1961",2.5e-05,2,6
399708,,2.5e-05,3,0
157601289,,2.5e-05,3,0
1312982,,2.5e-05,2,0
345466,,2.5e-05,2,0
39679,,2.5e-05,4,0
6610062,,2.5e-05,2,0
186727474,,2.5e-05,2,0
1057826,,2.5e-05,2,0
306590,,2.5e-05,2,0
187458180,,2.5e-05,2,0
35346928,,2.5e-05,2,0
1783573,,2.5e-05,2,0
86383334,,2.5e-05,2,0
1222516,,2.5e-05,2,0
1418721,,2.5e-05,3,0
76348540,,2.5e-05,3,0
487667,,2.5e-05,3,0
1169064,,2.5e-05,2,0
275235,,2.5e-05,2,0
483811,,2.5e-05,2,0
177773737,,2.5e-05,2,0
1547238,,2.5e-05,2,0
1398010,,2.5e-05,1,0
1917807,,2.5e-05,1,0
924456,,2.5e-05,1,0
969212,,2.5e-05,1,0
527694,,2.5e-05,1,0
1241237,,2.5e-05,1,0
815517,,2.5e-05,1,0
434632,,2.5e-05,1,0
1297725,,2.5e-05,1,0
471581,,2.5e-05,1,0
1656691,,2.5e-05,1,0
1624536,,2.5e-05,3,0
997026,,2.5e-05,2,0
1186368,,2.5e-05,3,0
772419,,2.5e-05,2,0
1439983,,2.5e-05,3,0
205804,,2.5e-05,2,0
1418391,,2.5e-05,2,0
890110,,2.5e-05,2,0
1229074,,2.5e-05,2,0
779020,,2.5e-05,2,0
1318138,,2.5e-05,2,0
811897,,2.5e-05,2,0
427407,,2.5e-05,2,0
1906169,,2.5e-05,2,0
1918801,,2.5e-05,2,0
959306,,2.5e-05,2,0
193688640,,2.5e-05,2,0
1270973,,2.5e-05,2,0
66021170,,2.5e-05,3,0
1240174,,2.5e-05,2,0
79780222,,2.5e-05,3,0
1737598,,2.5e-05,2,0
1623923,,2.5e-05,2,0
519726,,2.5e-05,2,0
1381203,,2.5e-05,2,0
1396621,"Santosh Hazari vs Purushottam Tiwari (Dead) By Lrs on 8 February, 2001",2.5e-05,2,7
120765903,,2.5e-05,6,0
1215184,,2.5e-05,1,0
1270740,,2.5e-05,1,0
1380128,,2.5e-05,1,0
1397828,,2.5e-05,1,0
504629,,2.5e-05,1,0
985284,,2.5e-05,1,0
27473,,2.5e-05,1,0
1575237,,2.5e-05,1,0
1054423,,2.5e-05,1,0
1144865,,2.5e-05,1,0
1024124,,2.5e-05,1,0
262379,,2.5e-05,1,0
1912299,,2.5e-05,1,0
662353,,2.5e-05,2,0
894810,,2.5e-05,2,0
284811,,2.5e-05,2,0
1266217,,2.5e-05,2,0
281133,,2.5e-05,2,0
634206,"The State Of Bihar & Others vs Sm. Charusila Dasi on 15 April, 1959",2.5e-05,1,8
1165849,"Jammi Raja Rao vs Anjaneyaswami Temple Valu Etc on 6 March, 1992",2.5e-05,1,9
895240,,2.5e-05,1,0
1289291,,2.5e-05,1,0
1775033,,2.5e-05,4,0
1246561,,2.5e-05,2,0
284265,,2.5e-05,3,0
1875824,,2.5e-05,2,0
1399653,,2.5e-05,2,0
12575,,2.5e-05,2,0
388201,Addagada_Raghavamma_And_Anr_vs_Addagada_Chenchamma_And_Anr_on_9_April_1963,2.5e-05,3,14
730804,,2.5e-05,3,0
1369545,,2.5e-05,2,0
937065,,2.5e-05,1,0
1331819,,2.5e-05,1,0
1763205,,2.5e-05,1,0
443021,,2.5e-05,1,0
1472442,,2.5e-05,1,0
1646305,,2.5e-05,1,0
1564284,,2.5e-05,1,0
1402310,,2.5e-05,1,0
10645,"Smt. Krishna Rajpal Bhatia & Ors vs Miss Leela H. Advani & Ors on 19 September, 1988",2.5e-05,1,8
710575,,2.5e-05,1,0
1877115,,2.5e-05,1,0
1816533,,2.5e-05,1,0
993445,,2.5e-05,1,0
1985369,,2.5e-05,1,0
924801,,2.5e-05,1,0
1037679,,2.5e-05,1,0
1688860,,2.5e-05,1,0
1797828,,2.5e-05,1,0
255161,,2.5e-05,1,0
1096474,,2.5e-05,1,0
828882,,2.5e-05,1,0
1993194,,2.5e-05,1,0
174208,,2.5e-05,1,0
1125222,,2.5e-05,1,0
853800,"Hridaya Rangan Pd. Verma And Ors vs State Of Bihar And Anr on 31 March, 2000",2.5e-05,1,5
321504,"Rajendra Singh & Ors vs The State Of Bihar on 7 April, 2000",2.5e-05,1,7
701958,"Smt. Dilboo (Dead) By Lrs. & Ors vs Smt. Dhanraji (Dead) And Ors on 12 September, 2000",2.5e-05,1,6
1379924,,2.5e-05,1,0
1025153,,2.5e-05,1,0
213150,,2.5e-05,1,0
126399,,2.5e-05,1,0
1530369,,2.5e-05,1,0
491438,,2.5e-05,1,0
1946408,,2.5e-05,1,0
304052,,2.5e-05,1,0
847770,,2.5e-05,1,0
304173,,2.5e-05,1,0
662558,,2.5e-05,1,0
1433979,,2.5e-05,1,0
169522737,,2.5e-05,1,0
1273982,,2.5e-05,1,0
1597482,,2.5e-05,1,0
1756347,,2.5e-05,1,0
1620927,,2.5e-05,1,0
1186914,,2.5e-05,1,0
69949024,,2.5e-05,1,0
1290534,,2.5e-05,1,0
1214222,,2.5e-05,1,0
1743339,,2.5e-05,1,0
1772812,,2.5e-05,1,0
146987,,2.5e-05,1,0
104786760,,2.5e-05,1,0
662105,,2.5e-05,1,0
172166295,,2.5e-05,1,0
1296381,,2.5e-05,1,0
54016641,,2.5e-05,1,0
794858,,2.5e-05,1,0
1129833,,2.5e-05,1,0
592488,,2.5e-05,1,0
738354,,2.5e-05,1,0
339655,,2.5e-05,1,0
1022888,,2.5e-05,1,0
1736797,,2.5e-05,1,0
180993556,,2.5e-05,1,0
188598354,,2.5e-05,1,0
174238,,2.5e-05,1,0
300789,,2.5e-05,1,0
439575,,2.5e-05,1,0
856827,,2.5e-05,1,0
994707,,2.5e-05,1,0
1060130,,2.5e-05,1,0
1357500,,2.5e-05,1,0
1483341,,2.5e-05,1,0
1544588,,2.5e-05,1,0
150971929,,2.5e-05,1,0
158667548,,2.5e-05,1,0
160269658,"K.C. Ninan vs Kerala State Electricity Board & Ors. on 19 May, 2023",2.5e-05,1,55
195460,,2.5e-05,1,0
1264020,,2.5e-05,1,0
164955916,,2.5e-05,1,0
1282751,,2.5e-05,1,0
569235,,2.5e-05,1,0
186684406,,2.5e-05,1,0
94292477,,2.5e-05,1,0
1155212,,2.5e-05,1,0
1983849,,2.5e-05,1,0
137543007,,2.5e-05,1,0
132105056,,2.5e-05,1,0
5142099,,2.5e-05,1,0
154710601,,2.5e-05,1,0
1841885,,2.5e-05,1,0
1399941,,2.5e-05,1,0
1501393,,2.5e-05,1,0
966025,,2.5e-05,1,0
644187,,2.5e-05,1,0
1015251,,2.5e-05,1,0
75783,,2.5e-05,1,0
562470,,2.5e-05,1,0
105135999,,2.5e-05,1,0
1049629,,2.5e-05,1,0
134540135,,2.5e-05,1,0
195132975,,2.5e-05,1,0
42970813,,2.5e-05,1,0
156302834,,2.5e-05,1,0
45229295,,2.5e-05,1,0
118069681,,2.5e-05,1,0
130204584,,2.5e-05,1,0
447829,,2.5e-05,1,0
43947535,,2.5e-05,1,0
46704,,2.5e-05,1,0
185109902,,2.5e-05,1,0
1643829,,2.5e-05,1,0
148492381,,2.5e-05,1,0
328578,,2.5e-05,1,0
34911938,,2.5e-05,1,0
117541087,,2.5e-05,1,0
1428293,,2.5e-05,1,0
1288069,,2.5e-05,1,0
1681170,,2.5e-05,1,0
115258008,,2.5e-05,1,0
1010772,,2.5e-05,1,0
18546,,2.5e-05,1,0
435865,,2.5e-05,1,0
526047,,2.5e-05,1,0
100587447,,2.5e-05,1,0
429751,,2.5e-05,1,0
629136,,2.5e-05,1,0
1128835,,2.5e-05,1,0
682224,,2.5e-05,2,0
168443879,,2.5e-05,2,0
1486949,,2.5e-05,2,0
533262,,2.5e-05,2,0
1295207,,2.5e-05,2,0
1045847,,2.5e-05,3,0
884513,,2.5e-05,2,0
1742737,"State Of Rajasthan vs Harphool Singh (Dead) Through His L.Rs on 4 May, 2000",2.5e-05,2,6
86693,,2.5e-05,2,0
771263,,2.5e-05,2,0
1351797,,2.5e-05,1,0
914491,,2.5e-05,3,0
1683423,,2.5e-05,3,0
80351,,2.5e-05,1,0
289337,,2.5e-05,1,0
1085080,,2.5e-05,1,0
1291693,,2.5e-05,1,0
1325519,,2.5e-05,1,0
1382692,,2.5e-05,1,0
1992752,,2.5e-05,1,0
173402116,,2.5e-05,1,0
177902767,,2.5e-05,1,0
13192179,,2.5e-05,1,0
90996654,,2.5e-05,1,0
1582386,,2.5e-05,1,0
766774,,2.5e-05,1,0
1912241,,2.5e-05,1,0
1330198,,2.5e-05,1,0
1818558,,2.5e-05,1,0
187706,,2.5e-05,1,0
1020200,,2.5e-05,1,0
1102942,,2.5e-05,1,0
14624,,2.5e-05,2,0
111294,,2.5e-05,2,0
642053,,2.5e-05,1,0
1986396,,2.5e-05,2,0
1446894,"National Textile Corp.Ltd vs Nareshkumar Badrikumar Jagad & Ors on 5 September, 2011",2.5e-05,2,26
450732,,2.5e-05,1,0
613490,,2.5e-05,1,0
103561,,2.5e-05,2,0
183576947,,2.5e-05,1,0
710941,,2.5e-05,1,0
72244752,,2.5e-05,3,0
53449667,,2.5e-05,2,0
1108235,,2.5e-05,2,0
673450,,2.5e-05,6,0
623494,,2.5e-05,2,0
943008,,2.5e-05,2,0
1132374,,2.5e-05,2,0
105132,,2.5e-05,2,0
1204171,,2.5e-05,2,0
952082,,2.5e-05,2,0
1542901,,2.5e-05,2,0
1152518,,2.5e-05,3,0
588257,,2.5e-05,1,0
803172,,2.5e-05,1,0
909807,,2.5e-05,1,0
1452300,,2.5e-05,1,0
1541904,,2.5e-05,1,0
1820512,,2.5e-05,1,0
1838315,,2.5e-05,1,0
2718420,,2.5e-05,1,0
121891009,,2.5e-05,1,0
134382998,,2.5e-05,1,0
190965803,,2.5e-05,1,0
1100438,,2.5e-05,1,0
1926027,,2.5e-05,1,0
345721,,2.5e-05,1,0
1293572,,2.5e-05,1,0
1007301,,2.5e-05,1,0
1502934,,2.5e-05,1,0
802756,,2.5e-05,1,0
889214,,2.5e-05,1,0
1553042,,2.5e-05,1,0
1633194,,2.5e-05,1,0
1851595,,2.5e-05,1,0
36326955,,2.5e-05,1,0
48663044,,2.5e-05,1,0
101278772,,2.5e-05,1,0
189174252,"Raghu Raj Singh Rousha vs M/S. Shivam Sundaram Promoters(P)L ... on 17 December, 2008",2.5e-05,1,7
240089,,2.5e-05,1,0
1740339,,2.5e-05,1,0
1152494,,2.5e-05,1,0
1659850,,2.5e-05,1,0
518986,,2.5e-05,1,0
1159025,,2.5e-05,1,0
1254751,,2.5e-05,1,0
728989,,2.5e-05,1,0
187559,,2.5e-05,1,0
1444708,,2.5e-05,1,0
1416013,,2.5e-05,1,0
481711,,2.5e-05,1,0
1923647,,2.5e-05,1,0
152699940,,2.5e-05,1,0
61642,,2.5e-05,1,0
211970,,2.5e-05,1,0
573283,,2.5e-05,1,0
1540323,,2.5e-05,1,0
658363,,2.5e-05,1,0
1807544,,2.5e-05,1,0
619652,,2.5e-05,1,0
1327342,,2.5e-05,1,0
1364215,,2.5e-05,1,0
604764,,2.5e-05,1,0
242625,,2.5e-05,1,0
279063,,2.5e-05,1,0
1380261,,2.5e-05,1,0
1329151,"Meghmala & Ors vs G.Narasimha Reddy & Ors on 16 August, 2010",2.5e-05,1,37
1915325,,2.5e-05,1,0
1383725,,2.5e-05,1,0
41295,,2.5e-05,1,0
56823,,2.5e-05,1,0
549946,,2.5e-05,1,0
1938541,,2.5e-05,1,0
779575,,2.5e-05,1,0
151029,,2.5e-05,1,0
78734,,2.5e-05,1,0
569814,,2.5e-05,1,0
741093,,2.5e-05,1,0
105453,,2.5e-05,1,0
1900915,,2.5e-05,1,0
197724537,,2.5e-05,1,0
176344400,,2.5e-05,1,0
1361495,,2.5e-05,1,0
104829,,2.5e-05,1,0
1365068,,2.5e-05,1,0
878138,,2.5e-05,1,0
1436728,,2.5e-05,1,0
120831371,Ram Krishan Grover vs Union Of India,2.5e-05,1,23
166337158,Ferrodous Estates (Pvt) Ltd. vs P.Gopirathnam (Dead) And Ors.,2.5e-05,1,42
153509440,,2.5e-05,1,0
166231092,,2.5e-05,1,0
71970,,2.5e-05,1,0
1047289,,2.5e-05,1,0
342463,,2.5e-05,1,0
89542618,,2.5e-05,1,0
1409676,,2.5e-05,1,0
371597,,2.5e-05,1,0
1143471,,2.5e-05,1,0
1033682,,2.5e-05,1,0
1849736,,2.5e-05,1,0
43675323,,2.5e-05,1,0
80591610,,2.5e-05,1,0
1535557,,2.5e-05,1,0
930662,,2.5e-05,1,0
998291,,2.5e-05,1,0
613781,,2.5e-05,1,0
84039101,,2.5e-05,1,0
710612,,2.5e-05,1,0
13581,,2.5e-05,1,0
177171780,,2.5e-05,1,0
1183935,,2.5e-05,1,0
476707,,2.5e-05,1,0
5146090,,2.5e-05,1,0
1574511,,2.5e-05,1,0
69722376,,2.5e-05,1,0
288442,,2.5e-05,1,0
1163227,,2.5e-05,1,0
1003255,,2.5e-05,1,0
131435358,,2.5e-05,1,0
11201,,2.5e-05,1,0
1904779,,2.5e-05,1,0
1659628,,2.5e-05,1,0
1575467,,2.5e-05,1,0
1570089,,2.5e-05,1,0
150657218,,2.5e-05,1,0
27274070,,2.5e-05,1,0
1179590,,2.5e-05,1,0
1521487,,2.5e-05,1,0
112521258,,2.5e-05,1,0
155168397,,2.5e-05,1,0
1076678,,2.5e-05,1,0
368186,,2.5e-05,1,0
156503946,,2.5e-05,1,0
189715,,2.5e-05,1,0
615500,,2.5e-05,1,0
95107881,,2.5e-05,1,0
197754,,2.5e-05,1,0
372706,,2.5e-05,1,0
1188746,,2.5e-05,1,0
51297698,,2.5e-05,1,0
159581452,,2.5e-05,1,0
37109732,,2.5e-05,1,0
179379801,,2.5e-05,1,0
1062704,,2.5e-05,2,0
805215,,2.5e-05,2,0
14240254,,2.5e-05,2,0
522381,"State Of Tamil Nadu vs Arooran Sugars Ltd on 31 October, 1996",2.5e-05,2,22
166692093,,2.5e-05,2,0
1553436,,2.5e-05,1,0
113492,,2.5e-05,1,0
377098,,2.5e-05,1,0
602339,,2.5e-05,1,0
1906700,,2.5e-05,1,0
1812155,,2.5e-05,1,0
1360810,,2.5e-05,1,0
252730,,2.5e-05,1,0
291524,,2.5e-05,1,0
213641,,2.5e-05,1,0
1110013,,2.5e-05,1,0
5839676,,2.5e-05,1,0
186576,,2.5e-05,2,0
965558,,2.5e-05,3,0
1489340,,2.5e-05,2,0
1290222,,2.5e-05,2,0
466093,,2.5e-05,2,0
762617,,2.5e-05,2,0
1415095,,2.5e-05,1,0
1930438,,2.5e-05,1,0
1471210,,2.5e-05,1,0
598706,,2.5e-05,1,0
551385,,2.5e-05,1,0
368738,,2.5e-05,2,0
1838851,,2.5e-05,2,0
670840,,2.5e-05,2,0
480861,,2.5e-05,2,0
1386214,,2.5e-05,2,0
687159,,2.5e-05,2,0
437710,,2.5e-05,1,0
159281,,2.5e-05,1,0
600116,,2.5e-05,1,0
11048,,2.5e-05,1,0
1002887,,2.5e-05,1,0
733692,,2.5e-05,1,0
141213,,2.5e-05,1,0
738789,,2.5e-05,1,0
1379256,,2.5e-05,1,0
267443,,2.5e-05,1,0
795995,,2.5e-05,1,0
1579473,,2.5e-05,1,0
1728614,,2.5e-05,1,0
849004,,2.5e-05,1,0
117326,,2.5e-05,1,0
399872,,2.5e-05,1,0
1430046,,2.5e-05,1,0
890877,,2.5e-05,1,0
1711193,,2.5e-05,1,0
569555,,2.5e-05,1,0
687020,,2.5e-05,1,0
1062483,,2.5e-05,1,0
1149466,,2.5e-05,1,0
205982,,2.5e-05,1,0
1783260,,2.5e-05,1,0
1459258,,2.5e-05,1,0
1662089,,2.5e-05,1,0
1031196,,2.5e-05,1,0
385942,,2.5e-05,1,0
1504198,,2.5e-05,1,0
1568701,,2.5e-05,1,0
1238386,,2.5e-05,1,0
963415,,2.5e-05,1,0
80392,,2.5e-05,1,0
35219,,2.5e-05,1,0
588099,,2.5e-05,1,0
1189707,,2.5e-05,1,0
1464450,,2.5e-05,1,0
1522506,,2.5e-05,1,0
136109,,2.5e-05,1,0
684433,,2.5e-05,1,0
27731,,2.5e-05,1,0
1241716,,2.5e-05,1,0
1394928,,2.5e-05,1,0
634741,,2.5e-05,1,0
1173513,,2.5e-05,1,0
1909389,,2.5e-05,1,0
1928935,,2.5e-05,1,0
1757393,,2.5e-05,1,0
1330845,,2.5e-05,1,0
1992594,,2.5e-05,1,0
969015,"Paramjeet Singh @ Pamma vs State Of Uttarakhand on 27 September, 2010",2.5e-05,1,35
969122,,2.5e-05,1,0
352251,,2.5e-05,1,0
1235094,,2.5e-05,1,0
39506072,,2.5e-05,1,0
1033969,,2.5e-05,1,0
144619408,,2.5e-05,1,0
350207,,2.5e-05,1,0
1633771,,2.5e-05,1,0
115605614,,2.5e-05,1,0
107929320,,2.5e-05,1,0
121020,,2.5e-05,1,0
247105,,2.5e-05,1,0
1309066,,2.5e-05,1,0
786404,,2.5e-05,1,0
1481882,,2.5e-05,1,0
1704658,,2.5e-05,1,0
168565,,2.5e-05,1,0
640318,,2.5e-05,1,0
1102670,,2.5e-05,1,0
434746,,2.5e-05,1,0
919209,,2.5e-05,1,0
263845,,2.5e-05,1,0
756620,,2.5e-05,1,0
176379200,,2.5e-05,1,0
1598666,,2.5e-05,1,0
1136663,,2.5e-05,1,0
217954,,2.5e-05,1,0
113789,,2.5e-05,1,0
1486028,,2.5e-05,1,0
800569,,2.5e-05,1,0
635584,,2.5e-05,1,0
11757572,,2.5e-05,1,0
12535920,,2.5e-05,1,0
33045506,,2.5e-05,1,0
870673,,2.5e-05,1,0
1679416,,2.5e-05,1,0
9456375,,2.5e-05,1,0
36215757,,2.5e-05,1,0
60071241,,2.5e-05,1,0
82379995,,2.5e-05,1,0
103351709,,2.5e-05,1,0
116404795,,2.5e-05,1,0
126942623,,2.5e-05,1,0
172460732,,2.5e-05,1,0
82220204,Shri Ram Sahu (Dead) Through Lrs vs Vinod Kumar Rawat,2.5e-05,1,23
199473647,"M/S Neeharika, Infrastructure Pvt. ... vs The State Of Maharashtra on 13 April, 2021",2.5e-05,1,44
79183688,"Life Insurance Corporation Of India vs Sanjeev Builders Private Limited on 1 September, 2022",2.5e-05,1,28
1893329,,2.5e-05,1,0
1100890,,2.5e-05,1,0
589563,,2.5e-05,1,0
127563625,,2.5e-05,1,0
610338,,2.5e-05,1,0
1642365,,2.5e-05,1,0
93574,,2.5e-05,1,0
1117609,,2.5e-05,1,0
101965482,,2.5e-05,1,0
173946225,,2.5e-05,1,0
7831680,,2.5e-05,1,0
72067405,,2.5e-05,1,0
203104,,2.5e-05,1,0
67919724,,2.5e-05,1,0
18881531,,2.5e-05,1,0
1415584,,2.5e-05,1,0
64654035,,2.5e-05,1,0
51936,,2.5e-05,1,0
1626241,,2.5e-05,1,0
1585747,,2.5e-05,1,0
1064549,,2.5e-05,1,0
187293069,,2.5e-05,1,0
1026316,,2.5e-05,1,0
21986912,,2.5e-05,1,0
1250198,,2.5e-05,1,0
188159640,,2.5e-05,1,0
192959010,,2.5e-05,1,0
379060,,2.5e-05,1,0
421097,,2.5e-05,1,0
1654462,,2.5e-05,1,0
778888,,2.5e-05,1,0
1735977,,2.5e-05,1,0
120304696,,2.5e-05,1,0
114134139,,2.5e-05,1,0
163426406,,2.5e-05,1,0
97666365,,2.5e-05,1,0
29333048,,2.5e-05,1,0
128032254,,2.5e-05,1,0
137295952,,2.5e-05,1,0
28123614,,2.5e-05,1,0
368194,,2.5e-05,1,0
138381573,,2.5e-05,1,0
142616225,,2.5e-05,1,0
163344528,,2.5e-05,1,0
154725499,,2.5e-05,1,0
1306034,,2.5e-05,1,0
70038525,,2.5e-05,1,0
1710258,,2.5e-05,2,0
1235907,,2.5e-05,2,0
1857003,,2.5e-05,2,0
1199297,,2.5e-05,2,0
149321,,2.5e-05,2,0
1512163,,2.5e-05,2,0
1501950,,2.5e-05,2,0
563571,,2.5e-05,2,0
188423399,,2.5e-05,1,0
12052125,,2.5e-05,1,0
76628467,,2.5e-05,1,0
97452657,,2.5e-05,1,0
1266379,,2.5e-05,1,0
35050874,,2.5e-05,1,0
123420950,"Sesh Nath Singh vs Baidyabati Sheoraphuli Co Operative ... on 22 March, 2021",2.5e-05,1,23
1610450,,2.5e-05,1,0
1054319,,2.5e-05,1,0
1102476,,2.5e-05,2,0
38271,,2.5e-05,2,0
544985,,2.5e-05,2,0
1384612,,2.5e-05,3,0
535731,,2.5e-05,2,0
974701,,2.5e-05,2,0
1424831,,2.5e-05,2,0
208970,,2.5e-05,2,0
174909368,,2.5e-05,2,0
661966,"Shyam Sunder And Others vs Ram Kumar And Another on 31 July, 2001",2.5e-05,3,18
1892742,"State Of Himachal Pradesh vs Tarsem Singh And Others on 4 September, 2001",2.5e-05,2,5
1214980,,2.5e-05,2,0
1458300,,2.5e-05,1,0
1055016,,2.5e-05,1,0
320235,,2.5e-05,1,0
162629,,2.5e-05,1,0
1552183,,2.5e-05,1,0
1022818,,2.5e-05,1,0
1365820,,2.5e-05,1,0
1870511,,2.5e-05,1,0
995861,,2.5e-05,2,0
1040731,,2.5e-05,1,0
94289,,2.5e-05,2,0
504570,"Raval & Co vs K. C. Ramachandran & Ors on 11 December, 1973",2.5e-05,1,5
763991,,2.5e-05,1,0
1029334,,2.5e-05,1,0
817716,,2.5e-05,1,0
32551,,2.5e-05,1,0
37254300,,2.5e-05,3,0
100959267,,2.5e-05,1,0
130570,,2.5e-05,1,0
354032,,2.5e-05,1,0
1436076,"Smt. Gulwant Kaur & Another vs Mohinder Singh & Ors on 20 July, 1987",2.5e-05,2,5
358865,,2.5e-05,4,0
465322,"B.K. Srinivasan & Another Etc. Etc vs State Of Karnataka & Ors on 19 January, 1987",2.5e-05,2,4
1805578,"Premium Granites vs State Of T.N on 4 February, 1994",2.5e-05,2,19
174029794,,2.5e-05,1,0
1013076,,2.5e-05,1,0
1445971,,2.5e-05,1,0
1927634,,2.5e-05,1,0
1667580,,2.5e-05,1,0
1494530,,2.5e-05,1,0
1398,,2.5e-05,1,0
424124,,2.5e-05,1,0
1513693,,2.5e-05,2,0
204111,,2.5e-05,2,0
1530418,"Sultana Begum vs Prem Chand Jain on 10 December, 1996",2.5e-05,1,19
943850,,2.5e-05,1,0
1485225,,2.5e-05,1,0
702724,,2.5e-05,1,0
96866,,2.5e-05,1,0
290890,,2.5e-05,1,0
1193587,,2.5e-05,1,0
1973377,,2.5e-05,1,0
160484572,,2.5e-05,1,0
1882087,,2.5e-05,1,0
1263190,,2.5e-05,1,0
179636,,2.5e-05,1,0
492668,,2.5e-05,1,0
1700311,,2.5e-05,1,0
19024,,2.5e-05,1,0
1184378,,2.5e-05,1,0
1923291,,2.5e-05,1,0
1094832,,2.5e-05,1,0
471272,,2.5e-05,1,0
1298097,,2.5e-05,1,0
845531,,2.5e-05,1,0
476355,"Bishan Singh & Others vs Khazan Singh & Another on 20 May, 1958",2.5e-05,1,5
1127301,,2.5e-05,1,0
692982,,2.5e-05,1,0
419395,,2.5e-05,1,0
498962,,2.5e-05,1,0
1869233,,2.5e-05,1,0
298190,,2.5e-05,1,0
1915577,,2.5e-05,1,0
1452318,,2.5e-05,3,0
1619781,,2.5e-05,3,0
1338325,,2.5e-05,3,0
85433,,2.5e-05,2,0
1690960,"Jayaram Mudaliar vs Ayyaswami And Ors. on 12 April, 1972",2.5e-05,2,13
741340,,2.5e-05,2,0
1224686,,2.5e-05,2,0
510213,,2.5e-05,3,0
309307,,2.5e-05,2,0
1773971,"Inder Mohan Lal vs Ramesh Khanna on 4 August, 1987",2.5e-05,1,17
1386417,,2.5e-05,1,0
1066467,,2.5e-05,1,0
1000768,,2.5e-05,1,0
1528551,,2.5e-05,1,0
266114,,2.5e-05,1,0
1214301,,2.5e-05,1,0
488258,,2.5e-05,1,0
1376732,,2.5e-05,1,0
718660,,2.5e-05,1,0
737157,,2.5e-05,1,0
1609886,"Buxa Dooars Tea Company Ltd. Etc vs State Of West Bengal And Others on 12 May, 1989",2.5e-05,2,7
1950190,,2.5e-05,1,0
1020504,,2.5e-05,1,0
1629342,,2.5e-05,1,0
1063395,,2.5e-05,1,0
189811,,2.5e-05,1,0
1934141,,2.5e-05,1,0
836678,,2.5e-05,1,0
307021,,2.5e-05,1,0
754643,,2.5e-05,1,0
403472,,2.5e-05,1,0
1602137,,2.5e-05,3,0
191143417,,2.5e-05,3,0
183982,,2.5e-05,1,0
3495097,"Ireo Grace Realtech Pvt. Ltd. vs Abhishek Khanna on 11 January, 2021",2.5e-05,2,31
1080534,,2.5e-05,3,0
1323355,,2.5e-05,2,0
420921,,2.5e-05,2,0
691324,,2.5e-05,2,0
1090707,,2.5e-05,2,0
1953880,,2.5e-05,2,0
91947579,,2.5e-05,2,0
1544995,,2.5e-05,2,0
1382232,,2.5e-05,2,0
1630427,,2.5e-05,1,0
1959405,,2.5e-05,1,0
396086,,2.5e-05,1,0
1583961,,2.5e-05,1,0
210547,,2.5e-05,1,0
547018,,2.5e-05,1,0
1018858,,2.5e-05,1,0
1092564,,2.5e-05,1,0
1966631,,2.5e-05,1,0
1587041,,2.5e-05,1,0
13748,,2.5e-05,1,0
1329148,,2.5e-05,1,0
1869871,,2.5e-05,1,0
598285,,2.5e-05,1,0
1276815,,2.5e-05,1,0
30278,,2.5e-05,1,0
467705,,2.5e-05,1,0
1043047,,2.5e-05,1,0
258131,,2.5e-05,1,0
418155,,2.5e-05,1,0
312939,,2.5e-05,1,0
1999006,,2.5e-05,1,0
784901,,2.5e-05,1,0
14389,,2.5e-05,1,0
511635,,2.5e-05,1,0
793800,,2.5e-05,1,0
1737994,,2.5e-05,1,0
141161504,,2.5e-05,1,0
194914590,,2.5e-05,1,0
107745042,M Siddiq (D) Thr Lrs vs Mahant Suresh Das & Ors,2.5e-05,1,50
45308281,,2.5e-05,1,0
1401686,,2.5e-05,1,0
1981010,,2.5e-05,1,0
1291316,,2.5e-05,1,0
1584344,,2.5e-05,1,0
5821973,,2.5e-05,1,0
196167217,,2.5e-05,1,0
1924102,,2.5e-05,1,0
1171984,,2.5e-05,1,0
1464500,,2.5e-05,1,0
87192308,,2.5e-05,1,0
1419648,,2.5e-05,1,0
132319939,,2.5e-05,1,0
111820757,,2.5e-05,1,0
1211669,,2.5e-05,1,0
31091,,2.5e-05,1,0
149474401,"Celir Llp vs Bafna Motors (Mumbai) Pvt. Ltd. on 21 September, 2023",2.5e-05,2,43
1144327,,2.5e-05,2,0
115701246,,2.5e-05,2,0
1580235,,2.5e-05,1,0
995692,,2.5e-05,1,0
9781,,2.5e-05,1,0
573445,,2.5e-05,1,0
146443,,2.5e-05,1,0
1785697,,2.5e-05,1,0
1822248,,2.5e-05,1,0
436942,,2.5e-05,1,0
197490,,2.5e-05,1,0
1258563,"Akadasi Padhan vs State Of Orissa on 5 December, 1962",2.5e-05,3,8
1775396,,2.5e-05,2,0
63705832,,2.5e-05,2,0
1679542,,2.5e-05,1,0
915070,,2.5e-05,1,0
1151564,,2.5e-05,1,0
764090,,2.5e-05,1,0
986468,Purtabpore_Co_Ltd_vs_Cane_Commissioner_Of_Bihar_Ors_on_21_November_1968,2.5e-05,1,6
1923688,,2.5e-05,1,0
1131008,,2.5e-05,1,0
1954638,,2.5e-05,1,0
1471191,,2.5e-05,1,0
1389589,,2.5e-05,1,0
190579,,2.5e-05,1,0
839650,,2.5e-05,1,0
399442,,2.5e-05,1,0
608365,,2.5e-05,1,0
998281,,2.5e-05,1,0
1960923,,2.5e-05,1,0
277469,,2.5e-05,1,0
1785426,,2.5e-05,1,0
1617540,,2.5e-05,1,0
1015491,,2.5e-05,1,0
1960785,,2.5e-05,1,0
919241,,2.5e-05,1,0
1294876,,2.5e-05,1,0
1121664,,2.5e-05,1,0
654172,,2.5e-05,1,0
220094,,2.5e-05,1,0
936196,,2.5e-05,1,0
59764850,,2.5e-05,1,0
1667693,,2.5e-05,1,0
658098,,2.5e-05,1,0
1146208,,2.5e-05,1,0
1978841,,2.5e-05,1,0
830194,,2.5e-05,1,0
840463,,2.5e-05,1,0
1432787,,2.5e-05,1,0
1881498,,2.5e-05,1,0
1271682,,2.5e-05,1,0
492319,,2.5e-05,1,0
1092058,,2.5e-05,1,0
342073,,2.5e-05,1,0
940076,,2.5e-05,1,0
62368827,Satish Chander Ahuja vs Sneha Ahuja,2.5e-05,1,41
140970077,"Dena Bank (Now Bank Of Baroda) vs C. Shivakumar Reddy on 4 August, 2021",2.5e-05,1,25
52963036,,2.5e-05,1,0
1332697,,2.5e-05,1,0
147223102,,2.5e-05,1,0
1464154,,2.5e-05,1,0
365658,,2.5e-05,1,0
497862,,2.5e-05,1,0
23917789,,2.5e-05,1,0
124775488,,2.5e-05,1,0
315012,,2.5e-05,1,0
53354673,,2.5e-05,1,0
192421140,,2.5e-05,1,0
1749204,,2.5e-05,1,0
151409034,,2.5e-05,1,0
52186710,,2.5e-05,1,0
529384,,2.5e-05,1,0
1532655,,2.5e-05,1,0
938045,,2.5e-05,1,0
145490640,,2.5e-05,1,0
1204229,,2.5e-05,1,0
1422366,,2.5e-05,1,0
617027,,2.5e-05,1,0
1159394,,2.5e-05,1,0
143688001,,2.5e-05,1,0
193457447,,2.5e-05,1,0
103193047,,2.5e-05,1,0
594898,,2.5e-05,1,0
1434001,,2.5e-05,1,0
1313186,,2.5e-05,1,0
690646,,2.5e-05,1,0
867454,,2.5e-05,2,0
67088669,,2.5e-05,1,0
320135,,2.5e-05,1,0
301256,,2.5e-05,1,0
454130,,2.5e-05,1,0
1732740,,2.5e-05,1,0
1009110,,2.5e-05,1,0
490205,,2.5e-05,1,0
327478,,2.5e-05,1,0
458532,,2.5e-05,4,0
1944204,,2.5e-05,3,0
1057566,,2.5e-05,2,0
172581091,,2.5e-05,2,0
1327659,,2.5e-05,3,0
740171,,2.5e-05,3,0
1537954,"Balwant Narayan Bhagde vs M. D. Bhagwat & Ors on 23 April, 1975",2.5e-05,5,6
21266288,,2.5e-05,2,0
871220,,2.5e-05,2,0
300039,,2.5e-05,3,0
1180101,,2.5e-05,2,0
1316639,,2.5e-05,1,0
1033021,,2.5e-05,1,0
788891,,2.5e-05,1,0
1569870,,2.5e-05,1,0
1894548,,2.5e-05,1,0
135953,,2.5e-05,1,0
1381780,,2.5e-05,2,0
1488034,,2.5e-05,4,0
152211,,2.5e-05,2,0
1584099,"Damadilal And Others vs Parashram And Others on 7 May, 1976",2.5e-05,1,6
1785601,,2.5e-05,1,0
227988,,2.5e-05,1,0
1205487,,2.5e-05,1,0
1805807,,2.5e-05,1,0
1613617,,2.5e-05,1,0
950735,,2.5e-05,1,0
1371375,,2.5e-05,1,0
1649309,,2.5e-05,2,0
390835,,2.5e-05,2,0
327169,,2.5e-05,4,0
1910688,,2.5e-05,3,0
1841921,,2.5e-05,2,0
90251163,,2.5e-05,2,0
135823057,,2.5e-05,2,0
422905,,2.5e-05,2,0
675387,,2.5e-05,2,0
1490167,,2.5e-05,2,0
969743,,2.5e-05,2,0
1922997,,2.5e-05,2,0
1252014,"Pannalal And Another vs Mst. Naraini And Others on 7 March, 1952",2.5e-05,1,5
370710,,2.5e-05,1,0
737050,,2.5e-05,1,0
170036,,2.5e-05,1,0
1492187,,2.5e-05,1,0
1673674,,2.5e-05,1,0
12870,,2.5e-05,1,0
334320,,2.5e-05,1,0
557423,,2.5e-05,1,0
860374,,2.5e-05,1,0
276947,,2.5e-05,1,0
1377254,,2.5e-05,1,0
971033,,2.5e-05,1,0
815844,,2.5e-05,1,0
15039,,2.5e-05,1,0
485114,,2.5e-05,1,0
830474,,2.5e-05,1,0
1044518,,2.5e-05,1,0
1795619,,2.5e-05,1,0
1649026,,2.5e-05,1,0
333281,,2.5e-05,1,0
1328757,,2.5e-05,1,0
835604,,2.5e-05,1,0
644958,,2.5e-05,1,0
1158527,,2.5e-05,1,0
1956766,,2.5e-05,1,0
265971,,2.5e-05,1,0
1500467,,2.5e-05,1,0
1100373,,2.5e-05,1,0
910089,,2.5e-05,1,0
32080,,2.5e-05,1,0
1642608,,2.5e-05,1,0
1061198,,2.5e-05,1,0
78782,,2.5e-05,1,0
1920342,,2.5e-05,1,0
909226,,2.5e-05,1,0
59843817,,2.5e-05,1,0
36894030,,2.5e-05,1,0
183830,,2.5e-05,1,0
1084784,,2.5e-05,1,0
1125721,,2.5e-05,1,0
1414476,,2.5e-05,1,0
1456064,,2.5e-05,1,0
1557473,,2.5e-05,1,0
1777887,,2.5e-05,1,0
81752759,,2.5e-05,1,0
64256,,2.5e-05,1,0
498126,,2.5e-05,1,0
619152,,2.5e-05,1,0
760236,,2.5e-05,1,0
1291554,,2.5e-05,1,0
1343417,,2.5e-05,1,0
1508089,,2.5e-05,1,0
1547221,,2.5e-05,1,0
1569214,,2.5e-05,1,0
1743022,,2.5e-05,1,0
1831774,,2.5e-05,1,0
1844645,,2.5e-05,1,0
70214888,,2.5e-05,1,0
180334598,,2.5e-05,1,0
192945881,,2.5e-05,1,0
552074,,2.5e-05,1,0
615486,,2.5e-05,1,0
167068104,,2.5e-05,1,0
97740234,,2.5e-05,1,0
187372262,,2.5e-05,1,0
1773656,,2.5e-05,1,0
843361,,2.5e-05,1,0
1629063,,2.5e-05,1,0
38467862,,2.5e-05,1,0
133985046,,2.5e-05,1,0
52024378,,2.5e-05,1,0
1093191,,2.5e-05,1,0
564411,,2.5e-05,1,0
193324377,,2.5e-05,1,0
1038933,,2.5e-05,1,0
63011464,,2.5e-05,1,0
1534452,,2.5e-05,1,0
153559824,,2.5e-05,1,0
23889691,,2.5e-05,1,0
168601131,,2.5e-05,2,0
1416283,,2.5e-05,2,0
1648125,"Anant Mills Co. Ltd vs State Of Gujarat & Ors on 21 January, 1975",2.5e-05,1,9
582733,,2.5e-05,1,0
258508,,2.5e-05,1,0
198371,,2.5e-05,1,0
1212156,,2.5e-05,1,0
1175621,,2.5e-05,1,0
1320517,,2.5e-05,1,0
266365,,2.5e-05,2,0
174675,,2.5e-05,2,0
455492,,2.5e-05,2,0
1138065,,2.5e-05,1,0
1200155,,2.5e-05,1,0
1903603,,2.5e-05,1,0
1767549,,2.5e-05,1,0
253723,,2.5e-05,1,0
1261492,,2.5e-05,3,0
1127041,,2.5e-05,2,0
2425,,2.5e-05,2,0
159992,,2.5e-05,3,0
1535672,,2.5e-05,2,0
1847257,,2.5e-05,2,0
486598,,2.5e-05,2,0
747596,,2.5e-05,2,0
85450950,,2.5e-05,2,0
267645,,2.5e-05,2,0
49625991,Indore Development Authority vs Manoharlal And Ors. Etc.,2.5e-05,2,296
1876512,,2.5e-05,3,0
334293,,2.5e-05,4,0
1276331,,2.5e-05,1,0
1814490,,2.5e-05,1,0
1203823,,2.5e-05,1,0
1856115,,2.5e-05,1,0
1936933,,2.5e-05,2,0
1716282,,2.5e-05,3,0
223504,,2.5e-05,2,0
1298680,"State Of Kerala And Anr vs The Gwalior Rayon Silk Manufacturing ... on 18 September, 1973",2.5e-05,2,7
727486,,2.5e-05,1,0
180317,"Radha Sundar Dutta vs Mohd. Jahadur Rahim And Others on 18 September, 1958",2.5e-05,1,4
136212417,"Rajasthan State Indst.Dev.&Inv.Corpn vs Subhash Sindhi Coop.Hsg.Society ... on 12 February, 2013",2.5e-05,1,48
341959,,2.5e-05,1,0
124430710,,2.5e-05,1,0
148314103,,2.5e-05,1,0
236954039,,2.5e-05,1,0
483834,,2.5e-05,1,0
109249,,2.5e-05,1,0
1392373,,2.5e-05,1,0
872798,,2.5e-05,1,0
315505,,2.5e-05,1,0
1322448,,2.5e-05,1,0
96973002,,2.5e-05,1,0
854462,,2.5e-05,1,0
13157032,,2.5e-05,1,0
1234253,,2.5e-05,1,0
174179,,2.5e-05,1,0
1943463,,2.5e-05,1,0
1273595,,2.5e-05,1,0
1638229,,2.5e-05,1,0
1445355,,2.5e-05,1,0
11608427,,2.5e-05,1,0
920180,,2.5e-05,1,0
8666394,,2.5e-05,1,0
110527288,,2.5e-05,1,0
349157,,2.5e-05,1,0
29443922,,2.5e-05,1,0
262682,,2.5e-05,1,0
1902621,,2.5e-05,1,0
1376140,,2.5e-05,1,0
100067763,,2.5e-05,1,0
965450,,2.5e-05,1,0
24080713,,2.5e-05,1,0
99484793,,2.5e-05,1,0
173119126,,2.5e-05,1,0
549621,"Maharashtra State Financial ... vs Jaycee Drugs And Pharmaceuticals Pvt. ... on 19 February, 1991",2.5e-05,2,9
970047,,2.5e-05,4,0
1493098,,2.5e-05,3,0
1013766,,2.5e-05,3,0
1168625,,2.5e-05,2,0
1443197,,2.5e-05,3,0
313314,,2.5e-05,2,0
1201636,,2.5e-05,2,0
35558,,2.5e-05,2,0
442398,,2.5e-05,2,0
1519712,,2.5e-05,2,0
883432,,2.5e-05,1,0
1584686,,2.5e-05,1,0
155996362,,2.5e-05,2,0
3491843,,2.5e-05,2,0
1971475,,2.5e-05,1,0
991916,,2.5e-05,1,0
1889618,,2.5e-05,1,0
1943124,,2.5e-05,2,0
54639464,,2.5e-05,1,0
171049029,,2.5e-05,1,0
192668733,,2.5e-05,1,0
135290,,2.5e-05,1,0
122264633,,2.5e-05,1,0
1946998,"Roshan Singh & Ors vs Zile Singh & Ors on 24 February, 1988",2.5e-05,1,6
692084,,2.5e-05,1,0
693427,,2.5e-05,1,0
960531,,2.5e-05,1,0
1661992,,2.5e-05,1,0
1590569,,2.5e-05,1,0
1895255,,2.5e-05,1,0
1525813,,2.5e-05,1,0
1841363,,2.5e-05,1,0
1048514,,2.5e-05,1,0
1041037,,2.5e-05,1,0
1960663,,2.5e-05,1,0
743342,,2.5e-05,1,0
491315,,2.5e-05,1,0
1041496,,2.5e-05,1,0
1161831,,2.5e-05,1,0
628501,,2.5e-05,1,0
1458789,,2.5e-05,1,0
1986616,,2.5e-05,1,0
266806,,2.5e-05,1,0
1454295,,2.5e-05,1,0
3620,,2.5e-05,1,0
838326,,2.5e-05,1,0
1745558,,2.5e-05,1,0
1914783,,2.5e-05,1,0
1181603,,2.5e-05,1,0
767174,,2.5e-05,1,0
1758738,,2.5e-05,1,0
362062,,2.5e-05,1,0
1186140,,2.5e-05,2,0
1779844,,2.5e-05,1,0
793348,,2.5e-05,1,0
243457,,2.5e-05,1,0
582518,,2.5e-05,1,0
1625007,,2.5e-05,1,0
1568288,,2.5e-05,1,0
790802,,2.5e-05,1,0
335161,,2.5e-05,1,0
1974563,,2.5e-05,1,0
1252413,,2.5e-05,1,0
198838,,2.5e-05,1,0
694834,,2.5e-05,1,0
959542,,2.5e-05,1,0
1175956,,2.5e-05,1,0
15533,,2.5e-05,1,0
1751655,,2.5e-05,1,0
1085708,,2.5e-05,1,0
1992139,,2.5e-05,1,0
749757,,2.5e-05,1,0
950064,,2.5e-05,1,0
1111438,,2.5e-05,1,0
1771773,,2.5e-05,1,0
1574110,,2.5e-05,1,0
153124,,2.5e-05,1,0
863363,,2.5e-05,1,0
1377832,,2.5e-05,1,0
832348,,2.5e-05,1,0
1732085,,2.5e-05,1,0
1979324,,2.5e-05,1,0
1783750,,2.5e-05,1,0
330281,,2.5e-05,1,0
1649577,,2.5e-05,1,0
132593042,,2.5e-05,2,0
7004816,,2.5e-05,1,0
3501833,,2.5e-05,1,0
177395767,,2.5e-05,1,0
82774385,,2.5e-05,1,0
134613748,,2.5e-05,1,0
112821383,,2.5e-05,1,0
1994144,,2.5e-05,1,0
279645,,2.5e-05,1,0
179191766,,2.5e-05,1,0
184580365,,2.5e-05,1,0
950573,,2.5e-05,1,0
1224592,,2.5e-05,1,0
1877695,,2.5e-05,1,0
113399812,,2.5e-05,1,0
24727832,,2.5e-05,1,0
145106593,,2.5e-05,1,0
27930439,,2.5e-05,3,0
1879199,,2.5e-05,1,0
1622913,,2.5e-05,1,0
293053,,2.5e-05,1,0
1800604,,2.5e-05,1,0
627562,,2.5e-05,1,0
693740,,2.5e-05,1,0
1908762,,2.5e-05,1,0
128241,,2.5e-05,1,0
12590268,,2.5e-05,1,0
378678,,2.5e-05,1,0
165099707,,2.5e-05,1,0
106139450,,2.5e-05,2,0
1141333,,2.5e-05,2,0
1404351,,2.5e-05,2,0
25576,,2.5e-05,2,0
798935,,2.5e-05,1,0
126997,,2.5e-05,1,0
1334644,,2.5e-05,1,0
1361237,,2.5e-05,1,0
1170087,,2.5e-05,1,0
1902516,,2.5e-05,1,0
1773109,,2.5e-05,1,0
143363828,Prakash vs Phulavati .,2.4e-05,2,37
657557,"Kalabharati Advertising vs Hemant Vimalnath Narichania & Ors on 6 September, 2010",2.4e-05,1,31
854624,,2.4e-05,1,0
935385,,2.4e-05,1,0
17310,,2.4e-05,1,0
1718135,,2.4e-05,1,0
1549770,,2.4e-05,1,0
497398,,2.4e-05,1,0
1067264,,2.4e-05,1,0
81979,,2.4e-05,1,0
382721,,2.4e-05,1,0
432335,,2.4e-05,1,0
1547036,,2.4e-05,1,0
183635,,2.4e-05,1,0
127924004,,2.4e-05,2,0
1481214,,2.4e-05,1,0
1264252,,2.4e-05,1,0
1351547,,2.4e-05,1,0
829768,,2.4e-05,1,0
296856,,2.4e-05,1,0
1228368,,2.4e-05,1,0
471651,,2.4e-05,1,0
247119,,2.4e-05,1,0
115126,,2.4e-05,1,0
37207,,2.4e-05,1,0
166996,,2.4e-05,1,0
713902,,2.4e-05,1,0
1832926,,2.4e-05,1,0
1853683,,2.4e-05,1,0
93856720,,2.4e-05,1,0
154918904,,2.4e-05,1,0
172842044,,2.4e-05,1,0
1961897,,2.4e-05,1,0
101641324,,2.4e-05,1,0
1149827,,2.4e-05,1,0
878201,,2.4e-05,1,0
159416,,2.4e-05,1,0
516480,,2.4e-05,1,0
584252,,2.4e-05,1,0
158693,,2.4e-05,1,0
687960,,2.4e-05,1,0
381747,,2.4e-05,1,0
871438,,2.4e-05,1,0
75640708,,2.4e-05,1,0
1283676,,2.4e-05,2,0
1313873,,2.4e-05,1,0
269040,,2.4e-05,1,0
246389,,2.4e-05,1,0
1635124,,2.4e-05,1,0
716788,,2.4e-05,1,0
1262197,,2.4e-05,1,0
1378494,,2.4e-05,3,0
1313008,"Sooraram Pratap Reddy & Ors vs Distt. Collector, Ranga Reddy Dist.& ... on 5 September, 2008",2.4e-05,3,29
332606,,2.4e-05,1,0
1155640,,2.4e-05,1,0
98606,,2.4e-05,1,0
421467,,2.4e-05,1,0
655045,,2.4e-05,2,0
604180,,2.4e-05,2,0
124691580,Itc Limited vs Blue Coast Hotels Ltd. .,2.4e-05,2,23
185065833,,2.4e-05,3,0
190957,,2.4e-05,3,0
63331,,2.4e-05,1,0
749302,,2.4e-05,1,0
1711528,,2.4e-05,1,0
1701012,,2.4e-05,1,0
145762,,2.4e-05,1,0
262749,,2.4e-05,1,0
1488527,,2.4e-05,1,0
377397,,2.4e-05,1,0
483079,,2.4e-05,1,0
365817,,2.4e-05,1,0
1436254,,2.4e-05,1,0
1197349,,2.4e-05,1,0
507917,,2.4e-05,1,0
1943362,,2.4e-05,1,0
1479755,"Surendra Pal & Ors vs Saraswati Arora & Anr on 9 August, 1974",2.4e-05,1,5
1492054,"Modula India vs Kamakshya Singh Deo on 27 September, 1988",2.4e-05,1,13
1306907,,2.4e-05,1,0
727248,,2.4e-05,1,0
941815,,2.4e-05,1,0
875590,,2.4e-05,1,0
549062,,2.4e-05,1,0
1279970,,2.4e-05,1,0
1645003,,2.4e-05,1,0
640789,,2.4e-05,1,0
697311,,2.4e-05,1,0
1721956,,2.4e-05,1,0
1506534,,2.4e-05,1,0
699319,,2.4e-05,1,0
490079,,2.4e-05,1,0
1545831,,2.4e-05,1,0
91848,,2.4e-05,1,0
182831,,2.4e-05,1,0
400762,,2.4e-05,1,0
428148,,2.4e-05,1,0
702240,,2.4e-05,1,0
870840,,2.4e-05,1,0
1740276,,2.4e-05,1,0
1928029,,2.4e-05,1,0
112876941,,2.4e-05,1,0
1210149,,2.4e-05,1,0
353312,,2.4e-05,1,0
64804,,2.4e-05,1,0
1715040,,2.4e-05,1,0
160727,,2.4e-05,1,0
752712,,2.4e-05,1,0
166039,,2.4e-05,2,0
1138174,,2.4e-05,2,0
1214175,"The Collector Of Bombay vs Nusserwanji Rattanji Mistri & Others on 28 February, 1955",2.4e-05,1,4
646555,,2.4e-05,1,0
1118187,,2.4e-05,1,0
1763701,,2.4e-05,1,0
15535,"Yudhishter vs Ashok Kumar on 11 December, 1986",2.4e-05,1,5
992385,,2.4e-05,1,0
840661,,2.4e-05,1,0
59498,,2.4e-05,1,0
885760,,2.4e-05,1,0
814017,,2.4e-05,1,0
840273,,2.4e-05,1,0
1432986,,2.4e-05,1,0
1888918,,2.4e-05,1,0
43502055,,2.4e-05,2,0
188958994,,2.4e-05,2,0
1719918,,2.4e-05,2,0
173516,"T. V. R. Subbu Chetty'S Family Charities vs M. Raghava Mudaliar And Others on 27 January, 1961",2.4e-05,1,5
1966624,,2.4e-05,1,0
882376,,2.4e-05,1,0
1821470,,2.4e-05,1,0
776967,,2.4e-05,1,0
1278309,,2.4e-05,1,0
717257,,2.4e-05,1,0
1327409,,2.4e-05,1,0
810499,,2.4e-05,2,0
1211323,,2.4e-05,1,0
495540,,2.4e-05,1,0
1516172,,2.4e-05,1,0
1506613,,2.4e-05,1,0
1905032,,2.4e-05,1,0
1562272,,2.4e-05,1,0
659090,,2.4e-05,1,0
1184671,,2.4e-05,1,0
1777961,,2.4e-05,1,0
786541,,2.4e-05,1,0
1315992,,2.4e-05,2,0
758237,,2.4e-05,1,0
1922508,,2.4e-05,1,0
37282232,,2.4e-05,1,0
494297,,2.4e-05,1,0
1261287,,2.4e-05,1,0
1787456,,2.4e-05,1,0
1812848,,2.4e-05,1,0
1901138,,2.4e-05,1,0
912991,,2.4e-05,1,0
234995,,2.4e-05,1,0
434065,,2.4e-05,1,0
1640953,,2.4e-05,1,0
1178872,,2.4e-05,2,0
1324332,,2.4e-05,4,0
856631,,2.4e-05,2,0
541216,,2.4e-05,2,0
1606165,"Harihar Prasad Singh And Another vs Must. Of Munshi Nath Prasadand Others on 16 January, 1956",2.4e-05,1,8
1795976,"Jadavji Purshottam vs Dhami Navnitbhai Amaratlal & Ors on 9 September, 1987",2.4e-05,1,8
338968,,2.4e-05,1,0
739122,,2.4e-05,1,0
766176,,2.4e-05,1,0
451577,,2.4e-05,1,0
465398,,2.4e-05,1,0
1676342,,2.4e-05,1,0
1042021,,2.4e-05,1,0
1000162,,2.4e-05,1,0
1716755,,2.4e-05,1,0
144689,"Suresh Chandra Bahri vs State Of Bihar on 13 July, 1994",2.4e-05,1,13
1740383,,2.4e-05,1,0
766895,,2.4e-05,1,0
1038382,,2.4e-05,1,0
1424480,,2.4e-05,1,0
24680,,2.4e-05,1,0
1343785,,2.4e-05,1,0
1234645,,2.4e-05,1,0
1658205,,2.4e-05,1,0
1841330,,2.4e-05,1,0
1445922,,2.4e-05,1,0
96366,,2.4e-05,1,0
435826,,2.4e-05,1,0
1251433,,2.4e-05,1,0
99578,,2.4e-05,1,0
1182563,,2.4e-05,1,0
1524844,,2.4e-05,1,0
1863649,,2.4e-05,1,0
880046,,2.4e-05,1,0
141159,,2.4e-05,1,0
417495,,2.4e-05,1,0
6910,,2.4e-05,1,0
1861858,,2.4e-05,1,0
861817,,2.4e-05,1,0
1777946,,2.4e-05,1,0
732701,,2.4e-05,1,0
1961699,,2.4e-05,1,0
120366,,2.4e-05,1,0
1920729,,2.4e-05,1,0
1962215,,2.4e-05,1,0
16581,,2.4e-05,1,0
1161744,,2.4e-05,1,0
873058,,2.4e-05,1,0
1212957,,2.4e-05,1,0
760028,,2.4e-05,1,0
1718757,,2.4e-05,1,0
1923910,,2.4e-05,1,0
885614,,2.4e-05,1,0
142389,,2.4e-05,1,0
1436227,,2.4e-05,1,0
1045974,,2.4e-05,1,0
524062,,2.4e-05,1,0
1959935,,2.4e-05,1,0
690973,,2.4e-05,1,0
689136,,2.4e-05,1,0
763973,,2.4e-05,1,0
1665532,,2.4e-05,1,0
474613,,2.4e-05,1,0
1077072,,2.4e-05,1,0
1063675,,2.4e-05,1,0
497290,,2.4e-05,1,0
15900,,2.4e-05,1,0
1398868,,2.4e-05,1,0
1296235,,2.4e-05,1,0
1563042,,2.4e-05,1,0
1013625,,2.4e-05,1,0
1455518,,2.4e-05,1,0
1982605,,2.4e-05,1,0
1777209,,2.4e-05,1,0
246999,,2.4e-05,1,0
1999828,,2.4e-05,1,0
1677558,,2.4e-05,1,0
1217620,,2.4e-05,1,0
1853434,,2.4e-05,1,0
1694764,,2.4e-05,1,0
35499,,2.4e-05,1,0
260571,,2.4e-05,1,0
401501,,2.4e-05,1,0
2937017,,2.4e-05,1,0
95938674,,2.4e-05,1,0
147933424,,2.4e-05,1,0
24572090,,2.4e-05,1,0
486773,,2.4e-05,1,0
1394500,,2.4e-05,1,0
911874,,2.4e-05,1,0
157226401,,2.4e-05,1,0
1926455,,2.4e-05,1,0
219659,"Twyford Tea Co. Ltd. And Another vs The State Of Kerala And Another on 15 January, 1970",2.4e-05,2,9
373267,"Shankara Co-Op. Housing Society Ltd vs M. Prabhakar & Ors on 5 May, 2011",2.4e-05,2,36
1339608,,2.4e-05,2,0
769498,"Narmada Bachao Andolan vs State Of M.P. & Anr on 11 May, 2011",2.4e-05,3,74
1334665,,2.4e-05,2,0
100486606,,2.4e-05,2,0
51987756,,2.4e-05,2,0
512761,,2.4e-05,1,0
531290,,2.4e-05,1,0
1921280,,2.4e-05,1,0
1737054,,2.4e-05,1,0
722178,,2.4e-05,1,0
997653,,2.4e-05,1,0
754938,,2.4e-05,1,0
132106647,,2.4e-05,1,0
194090444,,2.4e-05,1,0
1255827,,2.4e-05,1,0
1083208,,2.4e-05,1,0
64256453,,2.4e-05,1,0
1550631,,2.4e-05,1,0
840517,,2.4e-05,1,0
54883247,,2.4e-05,1,0
726997,,2.4e-05,1,0
6544121,,2.4e-05,1,0
110813550,,2.4e-05,1,0
1380175,,2.4e-05,1,0
1953165,,2.4e-05,1,0
453008,,2.4e-05,1,0
29030278,,2.4e-05,1,0
1760787,,2.4e-05,1,0
73584704,,2.4e-05,1,0
1901075,,2.4e-05,1,0
42184625,,2.4e-05,1,0
93307339,,2.4e-05,1,0
748535,,2.4e-05,2,0
1391679,,2.4e-05,1,0
1016981,,2.4e-05,1,0
302141,,2.4e-05,1,0
96294865,,2.4e-05,1,0
1586768,,2.4e-05,1,0
796287,,2.4e-05,1,0
574042,,2.4e-05,1,0
1540437,,2.4e-05,1,0
398439,,2.4e-05,1,0
711652,,2.4e-05,1,0
1840064,,2.4e-05,1,0
1186413,,2.4e-05,1,0
611866,"Doypack Systems Pvt. Ltd. Etc vs Union Of India & Ors., Etc on 12 February, 1988",2.4e-05,1,22
160288133,,2.4e-05,1,0
844851,,2.4e-05,1,0
954195,,2.4e-05,1,0
1104465,,2.4e-05,1,0
1603336,,2.4e-05,1,0
341524,,2.4e-05,1,0
1832829,,2.4e-05,1,0
142000,,2.4e-05,1,0
123456797,,2.4e-05,1,0
838980,,2.4e-05,2,0
1000517,,2.4e-05,2,0
1370552,,2.4e-05,2,0
25282,,2.4e-05,1,0
34929594,,2.4e-05,1,0
1407701,,2.4e-05,1,0
150830,,2.4e-05,1,0
1796891,,2.4e-05,1,0
1957056,,2.4e-05,1,0
713825,,2.4e-05,1,0
1757111,,2.4e-05,1,0
826407,,2.4e-05,1,0
735537,,2.4e-05,3,0
25628246,Nareshbhai Bhagubhai vs Union Of India,2.4e-05,2,23
545614,"Radhy Shyam vs Shyam Behari Singh on 12 August, 1970",2.4e-05,1,10
1815215,"Puran Singh & Ors vs State Of Punjab on 25 April, 1975",2.4e-05,1,6
1654698,,2.4e-05,1,0
1402003,,2.4e-05,1,0
105787,,2.4e-05,1,0
1919997,,2.4e-05,1,0
296672,,2.4e-05,1,0
1678937,,2.4e-05,1,0
1971577,,2.4e-05,1,0
950723,,2.4e-05,1,0
756239,,2.4e-05,1,0
382417,,2.4e-05,1,0
515003,,2.4e-05,1,0
1759402,,2.4e-05,1,0
128548,,2.4e-05,1,0
1272899,,2.4e-05,1,0
1333489,,2.4e-05,1,0
136961,,2.4e-05,1,0
1838405,,2.4e-05,1,0
1931055,,2.4e-05,1,0
138947,,2.4e-05,1,0
80221,,2.4e-05,1,0
1372653,,2.4e-05,1,0
1865363,,2.4e-05,1,0
460742,,2.4e-05,1,0
824375,,2.4e-05,1,0
699765,,2.4e-05,1,0
1953705,,2.4e-05,1,0
302116,,2.4e-05,1,0
638235,,2.4e-05,1,0
1686992,,2.4e-05,1,0
1235310,,2.4e-05,1,0
1312885,,2.4e-05,1,0
1273443,,2.4e-05,1,0
1955890,,2.4e-05,1,0
746830,,2.4e-05,1,0
898076,,2.4e-05,1,0
1535888,,2.4e-05,1,0
1509783,,2.4e-05,1,0
677551,"Allahabad Bank vs Canara Bank & Another on 10 April, 2000",2.4e-05,1,12
106471,,2.4e-05,1,0
376053,,2.4e-05,1,0
396290,,2.4e-05,1,0
396704,,2.4e-05,1,0
458973,,2.4e-05,1,0
942439,,2.4e-05,1,0
959413,,2.4e-05,1,0
1120137,,2.4e-05,1,0
1121698,,2.4e-05,1,0
1520994,,2.4e-05,1,0
1626208,,2.4e-05,1,0
43412881,,2.4e-05,1,0
156094367,,2.4e-05,1,0
410660,,2.4e-05,1,0
1385890,,2.4e-05,1,0
1572027,,2.4e-05,1,0
1671011,,2.4e-05,1,0
8443008,,2.4e-05,1,0
188686410,,2.4e-05,2,0
1579661,,2.4e-05,1,0
348205,,2.4e-05,3,0
63447541,,2.4e-05,1,0
1627618,,2.4e-05,1,0
679914,,2.4e-05,1,0
1897504,,2.4e-05,1,0
259313,,2.4e-05,1,0
1080529,,2.4e-05,1,0
1285565,,2.4e-05,3,0
963091,,2.4e-05,1,0
1844353,,2.4e-05,1,0
87572034,,2.4e-05,1,0
527952,,2.4e-05,1,0
1233720,,2.4e-05,1,0
1382485,,2.4e-05,1,0
1699291,,2.4e-05,1,0
107246332,,2.4e-05,1,0
700780,,2.4e-05,1,0
293896,,2.4e-05,1,0
1074166,,2.4e-05,1,0
111867,,2.4e-05,1,0
152484,,2.4e-05,1,0
1272620,,2.4e-05,1,0
664536,,2.4e-05,1,0
105948,,2.4e-05,1,0
1076061,,2.4e-05,1,0
1098625,,2.4e-05,1,0
7661,,2.4e-05,1,0
1248005,,2.4e-05,1,0
1495401,,2.4e-05,1,0
247765,,2.4e-05,1,0
669219,,2.4e-05,1,0
1889659,,2.4e-05,1,0
195994,,2.4e-05,1,0
6791744,,2.4e-05,2,0
107180491,,2.4e-05,2,0
1272244,,2.4e-05,2,0
883586,,2.4e-05,2,0
184335016,"Union Of India vs Harbhajan Singh Dhillon on 21 October, 1971",2.4e-05,3,25
1646640,,2.4e-05,4,0
758867,,2.4e-05,4,0
733096,,2.4e-05,2,0
830852,,2.4e-05,2,0
971668,,2.4e-05,1,0
126442,,2.4e-05,1,0
168102,,2.4e-05,1,0
640725,,2.4e-05,1,0
636080,,2.4e-05,1,0
1575265,,2.4e-05,1,0
1840224,,2.4e-05,1,0
1396382,,2.4e-05,1,0
331067,,2.4e-05,1,0
841005,,2.4e-05,1,0
973034,,2.4e-05,1,0
279214,,2.4e-05,1,0
1526815,,2.4e-05,1,0
58894,,2.4e-05,1,0
557021,,2.4e-05,1,0
1337023,,2.4e-05,1,0
139888,,2.4e-05,1,0
939717,,2.4e-05,1,0
787919,,2.4e-05,1,0
487919,,2.4e-05,1,0
1845391,,2.4e-05,1,0
1428216,,2.4e-05,1,0
1432872,,2.4e-05,1,0
1959538,,2.4e-05,1,0
688926,,2.4e-05,1,0
172903360,The Project Director Project ... vs P.V. Krishnamoorthy,2.4e-05,1,41
31307356,,2.4e-05,1,0
47991736,,2.4e-05,1,0
529632,,2.4e-05,1,0
1887390,,2.4e-05,1,0
1442672,,2.4e-05,1,0
129507,,2.4e-05,1,0
538039,,2.4e-05,1,0
766732,,2.4e-05,1,0
1442574,,2.4e-05,1,0
83684041,,2.4e-05,1,0
1326572,,2.4e-05,2,0
481284,,2.4e-05,2,0
602096,,2.4e-05,4,0
1233135,,2.4e-05,2,0
176039345,,2.4e-05,2,0
1941195,,2.4e-05,3,0
440324,,2.4e-05,1,0
632405,,2.4e-05,1,0
739956,,2.4e-05,1,0
1103295,,2.4e-05,1,0
689330,"Union Of India And Ors vs Filip Tiago De Gama Of Vedem Vasco De Gama on 30 November, 1989",2.4e-05,3,5
1463544,,2.4e-05,3,0
1121727,"Kanwar Singh Saini vs High Court Of Delhi on 23 September, 2011",2.4e-05,1,22
1156817,,2.4e-05,1,0
1001362,,2.4e-05,1,0
110233725,,2.4e-05,1,0
176234517,,2.4e-05,1,0
160058428,,2.4e-05,1,0
649192,,2.4e-05,1,0
1743399,,2.4e-05,1,0
983567,,2.4e-05,1,0
179242296,,2.4e-05,1,0
1473374,,2.4e-05,1,0
311096,,2.4e-05,1,0
772951,,2.4e-05,1,0
199986312,,2.4e-05,1,0
1230234,,2.4e-05,1,0
115833969,,2.4e-05,1,0
139101201,,2.4e-05,1,0
176022740,,2.4e-05,1,0
19476584,,2.4e-05,1,0
66238908,,2.4e-05,1,0
393199,,2.4e-05,1,0
41624592,,2.4e-05,1,0
1351834,,2.4e-05,1,0
651070,,2.4e-05,1,0
1754651,,2.4e-05,1,0
45615545,,2.4e-05,1,0
40565843,,2.4e-05,1,0
188754484,,2.4e-05,1,0
107282883,,2.4e-05,1,0
1087557,,2.4e-05,1,0
70817512,,2.4e-05,1,0
158333337,,2.4e-05,1,0
2609982,,2.4e-05,1,0
1937178,,2.4e-05,1,0
776786,,2.4e-05,1,0
1968665,,2.4e-05,1,0
922120,,2.4e-05,1,0
159890672,,2.4e-05,1,0
70416,,2.4e-05,1,0
764318,,2.4e-05,1,0
341611,,2.4e-05,1,0
1541691,,2.4e-05,1,0
400885,,2.4e-05,1,0
155472,,2.4e-05,1,0
943701,,2.4e-05,1,0
321651,,2.4e-05,1,0
1833094,,2.4e-05,1,0
198681,,2.4e-05,2,0
1495021,,2.4e-05,2,0
722472,"Gazula Dasaratha Rama Rao vs The State Of Andhra Pradesh & Others on 6 December, 1960",2.4e-05,1,7
1792958,,2.4e-05,1,0
591231,,2.4e-05,1,0
1801637,,2.4e-05,1,0
930529,,2.4e-05,1,0
511537,,2.4e-05,1,0
54591,,2.4e-05,1,0
657912,,2.4e-05,1,0
1365143,,2.4e-05,1,0
823553,,2.4e-05,1,0
663883,,2.4e-05,1,0
1716554,,2.4e-05,1,0
168450156,,2.4e-05,2,0
799228,,2.4e-05,2,0
994091,,2.4e-05,2,0
131697,,2.4e-05,1,0
198953,,2.4e-05,1,0
337165,,2.4e-05,1,0
618763,,2.4e-05,1,0
1293065,,2.4e-05,1,0
1368505,,2.4e-05,1,0
18192195,,2.4e-05,1,0
30306259,,2.4e-05,1,0
66931999,,2.4e-05,1,0
106402586,,2.4e-05,1,0
112827475,,2.4e-05,1,0
134312773,,2.4e-05,1,0
1283903,,2.4e-05,1,0
1551823,,2.4e-05,1,0
1772562,,2.4e-05,1,0
1174300,,2.4e-05,1,0
1446293,,2.4e-05,1,0
674898,,2.4e-05,1,0
525991,,2.4e-05,1,0
1521345,,2.4e-05,1,0
1758642,,2.4e-05,1,0
949443,,2.4e-05,1,0
1249510,,2.4e-05,1,0
1725486,,2.4e-05,1,0
1805227,,2.4e-05,1,0
1159177,,2.4e-05,2,0
375776,,2.4e-05,1,0
462095,,2.4e-05,1,0
295393,,2.4e-05,1,0
138005,,2.4e-05,1,0
298957,,2.4e-05,2,0
362611,,2.4e-05,1,0
608994,,2.4e-05,1,0
1054103,,2.4e-05,1,0
1933730,,2.4e-05,1,0
1116451,,2.4e-05,1,0
1824281,,2.4e-05,1,0
375247,,2.4e-05,1,0
1162532,,2.4e-05,1,0
1587219,,2.4e-05,1,0
1055947,,2.4e-05,1,0
969291,,2.4e-05,1,0
302432,,2.4e-05,1,0
914997,,2.4e-05,1,0
256464,,2.4e-05,1,0
1528934,,2.4e-05,1,0
389295,,2.4e-05,1,0
1868983,,2.4e-05,1,0
201665,,2.4e-05,1,0
1188628,,2.4e-05,1,0
913120,,2.4e-05,1,0
1660038,,2.4e-05,1,0
41388,,2.4e-05,1,0
983794,,2.4e-05,1,0
123645104,"Jaypee Kensington Boulevard ... vs Nbcc (India) Ltd on 24 March, 2021",2.4e-05,1,24
489726,,2.4e-05,1,0
74190276,,2.4e-05,1,0
557202,,2.4e-05,1,0
1238017,,2.4e-05,1,0
467021,,2.4e-05,1,0
1885496,,2.4e-05,1,0
354257,,2.4e-05,1,0
77081689,,2.4e-05,1,0
187501619,,2.4e-05,1,0
1512746,,2.4e-05,1,0
111311,,2.4e-05,1,0
556997,,2.4e-05,1,0
1420233,,2.4e-05,1,0
45887322,,2.4e-05,1,0
871138,,2.4e-05,1,0
217758,,2.4e-05,1,0
377617,,2.4e-05,1,0
139344517,,2.4e-05,1,0
182557,,2.4e-05,1,0
1477095,,2.4e-05,2,0
161999,,2.4e-05,1,0
242440,,2.4e-05,1,0
1254200,,2.4e-05,1,0
1961122,,2.4e-05,1,0
18844735,,2.4e-05,1,0
1682813,,2.4e-05,2,0
767596,,2.4e-05,3,0
19878,,2.4e-05,2,0
634059,,2.4e-05,1,0
691651,,2.4e-05,1,0
756653,,2.4e-05,1,0
830409,,2.4e-05,1,0
834739,,2.4e-05,1,0
1411774,,2.4e-05,1,0
1477372,,2.4e-05,1,0
1797138,,2.4e-05,1,0
1958607,,2.4e-05,1,0
24891868,,2.4e-05,1,0
38912453,,2.4e-05,1,0
68865219,,2.4e-05,1,0
83737437,,2.4e-05,1,0
129719559,,2.4e-05,1,0
181959049,,2.4e-05,1,0
1511319,,2.4e-05,2,0
41744252,"State Of Tamil Nadu vs State Of Kerala & Anr on 7 May, 2014",2.4e-05,3,36
1842039,"Rajendra Kumar vs Kalyan (D) By Lrs on 2 August, 2000",2.4e-05,1,5
226270,"Omprakash Verma & Ors vs State Of A.P. & Ors on 8 October, 2010",2.4e-05,1,33
181673905,,2.4e-05,1,0
133345714,,2.4e-05,1,0
186418602,,2.4e-05,1,0
1074081,,2.4e-05,1,0
1672252,,2.4e-05,1,0
1213429,,2.4e-05,1,0
115941239,,2.4e-05,1,0
107854050,,2.4e-05,1,0
147477273,,2.4e-05,2,0
88759498,,2.4e-05,2,0
85748040,,2.4e-05,1,0
293495,,2.4e-05,1,0
354211,,2.4e-05,1,0
30480761,,2.4e-05,1,0
4963236,,2.4e-05,1,0
86566809,,2.4e-05,1,0
10839534,,2.4e-05,1,0
23675,,2.4e-05,1,0
28622663,,2.4e-05,1,0
678245,"Jyoti Pershad vs The Administrator For The ... on 21 April, 1961",2.4e-05,1,7
115845812,,2.4e-05,1,0
937925,,2.4e-05,1,0
1013123,,2.4e-05,1,0
1691358,,2.4e-05,1,0
1125816,,2.4e-05,1,0
779491,,2.4e-05,1,0
428949,,2.4e-05,1,0
459058,,2.4e-05,1,0
1179473,,2.4e-05,1,0
1279382,,2.4e-05,1,0
3414815,,2.4e-05,1,0
143800718,,2.4e-05,1,0
1708066,,2.4e-05,1,0
1033301,,2.4e-05,1,0
513644,,2.4e-05,1,0
50352079,,2.4e-05,1,0
135538435,,2.4e-05,1,0
172610348,,2.4e-05,1,0
548497,,2.4e-05,1,0
9130815,,2.4e-05,1,0
1498181,,2.4e-05,1,0
194281998,,2.4e-05,1,0
1684706,,2.4e-05,1,0
603130,,2.4e-05,1,0
24458802,,2.4e-05,1,0
1899862,,2.4e-05,1,0
1304475,,2.4e-05,1,0
1335460,,2.4e-05,1,0
822927,,2.4e-05,1,0
1330761,,2.4e-05,1,0
1333274,,2.4e-05,1,0
384084,,2.4e-05,1,0
1998529,,2.4e-05,1,0
1531491,,2.4e-05,1,0
438670,,2.4e-05,1,0
298718,,2.4e-05,1,0
26264,,2.4e-05,1,0
1641494,,2.4e-05,1,0
1733637,,2.4e-05,1,0
1296130,,2.4e-05,1,0
1929952,,2.4e-05,1,0
1394213,,2.4e-05,2,0
799151,,2.4e-05,2,0
71379004,,2.4e-05,2,0
1277061,,2.4e-05,2,0
47629,,2.4e-05,1,0
342903,,2.4e-05,1,0
562,,2.4e-05,1,0
1455214,,2.4e-05,1,0
193182,,2.4e-05,1,0
777951,,2.4e-05,1,0
553711,"Nalinakhya Bysack vs Shyam Sunder Haldar And Others on 29 January, 1953",2.4e-05,1,4
212063,,2.4e-05,1,0
11649885,,2.4e-05,1,0
90949106,,2.4e-05,1,0
125709,,2.4e-05,1,0
607502,,2.4e-05,1,0
695786,,2.4e-05,1,0
1004751,,2.4e-05,1,0
1945501,,2.4e-05,1,0
32552139,,2.4e-05,1,0
69624144,,2.4e-05,1,0
196481565,,2.4e-05,1,0
35662889,,2.4e-05,2,0
1084188,,2.4e-05,3,0
121162,,2.4e-05,3,0
1289828,,2.4e-05,1,0
867790,,2.4e-05,1,0
356206,,2.4e-05,1,0
743769,,2.4e-05,1,0
835334,,2.4e-05,1,0
27216590,,2.4e-05,1,0
18725,,2.4e-05,1,0
314962,,2.4e-05,1,0
1737583,"Balco Employees Union (Regd.) vs Union Of India & Ors on 10 December, 2001",2.4e-05,1,28
503166,,2.4e-05,1,0
165611960,,2.4e-05,1,0
580380,"Amarjit Singh vs Smt. Khatoon Quamarain on 18 November, 1986",2.4e-05,2,5
943108,,2.4e-05,3,0
611571,,2.4e-05,1,0
1985622,,2.4e-05,2,0
1901448,,2.4e-05,2,0
329988,,2.4e-05,1,0
50870574,,2.4e-05,1,0
130853122,,2.4e-05,1,0
433120,"Sulochana Chandrakant Galande vs Pune Municipal Transport & Ors on 3 August, 2010",2.4e-05,3,31
674147,,2.4e-05,2,0
968992,,2.4e-05,1,0
1167977,,2.4e-05,1,0
1170359,,2.4e-05,1,0
1347870,,2.4e-05,1,0
1921237,,2.4e-05,1,0
12721854,,2.4e-05,1,0
34295630,,2.4e-05,1,0
104031308,,2.4e-05,1,0
146899420,,2.4e-05,1,0
181623893,,2.4e-05,1,0
174813,,2.4e-05,1,0
433147,,2.4e-05,1,0
583732,,2.4e-05,1,0
702009,,2.4e-05,1,0
1228547,,2.4e-05,1,0
1460162,,2.4e-05,1,0
1605932,,2.4e-05,1,0
755710,,2.4e-05,2,0
411194,,2.4e-05,1,0
485394,,2.4e-05,5,0
104313664,,2.4e-05,2,0
812937,,2.4e-05,2,0
1948372,,2.4e-05,2,0
662814,,2.4e-05,2,0
1704181,,2.4e-05,2,0
452289,,2.4e-05,2,0
64096785,,2.4e-05,2,0
126889,,2.4e-05,2,0
1521043,,2.4e-05,2,0
588752,,2.4e-05,2,0
450953,"Madhu Kishwar & Ors. Etc vs State Of Bihar & Ors on 17 April, 1996",2.4e-05,1,20
987041,,2.4e-05,1,0
1065068,,2.4e-05,1,0
1843510,,2.4e-05,1,0
618976,,2.4e-05,1,0
1320680,,2.4e-05,1,0
179794777,,2.4e-05,1,0
1320720,,2.4e-05,1,0
922615,,2.4e-05,1,0
599506,,2.4e-05,1,0
18283,,2.4e-05,1,0
228570,,2.4e-05,1,0
975141,,2.4e-05,1,0
1460747,,2.4e-05,1,0
178099225,,2.4e-05,1,0
1502681,,2.4e-05,1,0
78958066,,2.4e-05,1,0
1273462,,2.4e-05,1,0
1061804,,2.4e-05,1,0
82290891,,2.4e-05,1,0
164693074,,2.4e-05,1,0
126340965,,2.4e-05,1,0
245892,,2.4e-05,1,0
1630460,,2.4e-05,1,0
936398,,2.4e-05,1,0
1029167,,2.4e-05,1,0
779392,,2.4e-05,1,0
117942691,,2.4e-05,1,0
424874,,2.4e-05,1,0
50504,,2.4e-05,1,0
892458,,2.4e-05,1,0
691488,,2.4e-05,1,0
1536503,,2.4e-05,1,0
1105134,,2.4e-05,1,0
1486034,,2.4e-05,1,0
1473632,,2.4e-05,1,0
1627102,,2.4e-05,1,0
1113996,,2.4e-05,1,0
1253177,,2.4e-05,1,0
780722,,2.4e-05,1,0
1182346,,2.4e-05,1,0
1514077,,2.4e-05,1,0
332955,,2.4e-05,1,0
873290,,2.4e-05,1,0
1564072,,2.4e-05,1,0
1578099,,2.4e-05,1,0
431465,,2.4e-05,1,0
911704,,2.4e-05,1,0
1552948,,2.4e-05,1,0
638221,,2.4e-05,1,0
245929,,2.4e-05,1,0
1620206,,2.4e-05,1,0
392455,,2.4e-05,2,0
1439781,,2.4e-05,3,0
1900678,,2.4e-05,3,0
4572688,,2.4e-05,1,0
1871696,,2.4e-05,2,0
501420,,2.4e-05,1,0
1168610,,2.4e-05,1,0
1945589,,2.4e-05,1,0
868356,,2.4e-05,1,0
205911,,2.4e-05,1,0
168701962,,2.4e-05,1,0
123551693,,2.4e-05,2,0
1281413,,2.4e-05,2,0
281220,"Bala Shankar Mama Shankar Bhattjee And ... vs Charity Commissioner, Gujarat State on 17 August, 1994",2.4e-05,1,11
7149,,2.4e-05,1,0
428586,,2.4e-05,1,0
696952,,2.4e-05,1,0
957269,,2.4e-05,1,0
1397363,,2.4e-05,1,0
1426669,,2.4e-05,1,0
1913374,,2.4e-05,1,0
4932021,,2.4e-05,1,0
191724553,,2.4e-05,1,0
199096823,Ravinder Kaur Grewal vs Manjit Kaur,2.4e-05,1,46
1156062,,2.4e-05,2,0
98457,,2.4e-05,1,0
1457193,,2.4e-05,1,0
933428,,2.4e-05,1,0
720652,,2.4e-05,1,0
882976,,2.4e-05,1,0
1535001,,2.4e-05,1,0
722036,,2.4e-05,1,0
356372,,2.4e-05,1,0
1662037,,2.4e-05,1,0
1365838,,2.4e-05,1,0
1229535,,2.4e-05,1,0
438031,,2.4e-05,1,0
1004322,,2.4e-05,1,0
156242701,,2.4e-05,2,0
53979742,,2.4e-05,3,0
50531,,2.4e-05,1,0
958224,,2.4e-05,1,0
312295,,2.4e-05,1,0
1143963,,2.4e-05,1,0
1584712,,2.4e-05,1,0
1583107,,2.4e-05,1,0
1884895,,2.4e-05,1,0
1054659,,2.4e-05,1,0
1227549,,2.4e-05,1,0
847706,,2.4e-05,1,0
1046041,,2.4e-05,1,0
1224505,,2.4e-05,1,0
521740,,2.4e-05,1,0
795551,,2.4e-05,1,0
1641635,,2.4e-05,1,0
220229,,2.4e-05,1,0
681436,,2.4e-05,1,0
1092342,,2.4e-05,1,0
1583403,,2.4e-05,1,0
1738088,,2.4e-05,1,0
77175401,,2.4e-05,1,0
80997184,,2.4e-05,1,0
133955032,,2.4e-05,1,0
396862,,2.4e-05,2,0
1594055,,2.4e-05,1,0
41408,,2.4e-05,1,0
489698,,2.4e-05,2,0
1031512,,2.4e-05,2,0
56073873,"M/S Delhi Airtech Services Pvt. ... vs State Of U.P. & Anr on 18 August, 2011",2.4e-05,2,37
195489454,,2.4e-05,2,0
197643,,2.4e-05,2,0
834893,,2.4e-05,2,0
539179,,2.4e-05,2,0
542470,,2.4e-05,2,0
1143216,"Sirajul Haq Khan & Others vs The Sunni Central Board Of Waqf,U. P. & ... on 16 September, 1958",2.4e-05,1,5
1264696,,2.4e-05,1,0
1770844,,2.4e-05,1,0
988594,,2.4e-05,1,0
1739043,,2.4e-05,1,0
1773000,,2.4e-05,1,0
1943462,,2.4e-05,1,0
1806797,,2.4e-05,1,0
9256,,2.4e-05,1,0
482715,,2.4e-05,1,0
36193,,2.4e-05,1,0
1463688,,2.4e-05,1,0
947015,,2.4e-05,1,0
1215505,,2.4e-05,1,0
814469,,2.4e-05,1,0
198873,,2.4e-05,1,0
541947,,2.4e-05,1,0
227145,,2.4e-05,1,0
358457,,2.4e-05,1,0
1864797,,2.4e-05,1,0
1852954,,2.4e-05,1,0
241522,,2.4e-05,1,0
1365681,,2.4e-05,1,0
124405420,,2.4e-05,1,0
7427609,,2.4e-05,2,0
209256,,2.4e-05,2,0
1916315,,2.4e-05,2,0
1960340,,2.4e-05,2,0
1799890,,2.4e-05,2,0
101057776,,2.4e-05,1,0
970048,,2.4e-05,1,0
1703652,,2.4e-05,1,0
55216283,,2.4e-05,1,0
1429681,,2.4e-05,1,0
2711809,,2.4e-05,1,0
1741134,,2.4e-05,1,0
62408831,,2.4e-05,1,0
612395,,2.4e-05,1,0
190288453,,2.4e-05,1,0
106830819,,2.4e-05,1,0
764540,,2.4e-05,1,0
1873931,,2.4e-05,1,0
131538726,,2.4e-05,1,0
277738,,2.4e-05,1,0
156344483,,2.4e-05,1,0
2269,,2.4e-05,1,0
7087,,2.4e-05,1,0
192869,,2.4e-05,1,0
291727,,2.4e-05,1,0
1142960,,2.4e-05,1,0
1149369,,2.4e-05,1,0
1988649,,2.4e-05,1,0
84627277,,2.4e-05,1,0
89358011,,2.4e-05,1,0
131182995,,2.4e-05,1,0
183113094,,2.4e-05,1,0
1668029,,2.4e-05,1,0
613978,,2.4e-05,1,0
1273177,,2.4e-05,1,0
1274405,,2.4e-05,1,0
535339,,2.4e-05,1,0
1455798,,2.4e-05,1,0
358183,,2.4e-05,1,0
183165917,,2.4e-05,2,0
1102044,,2.4e-05,2,0
477313,,2.4e-05,2,0
637816,,2.4e-05,1,0
32134,,2.4e-05,1,0
321652,,2.4e-05,1,0
1854752,,2.4e-05,1,0
364995,,2.4e-05,1,0
20762,,2.4e-05,1,0
1907321,,2.4e-05,1,0
707735,,2.4e-05,1,0
1581602,,2.4e-05,3,0
522930,,2.4e-05,2,0
1016548,,2.4e-05,2,0
1820934,,2.4e-05,1,0
1041845,,2.4e-05,1,0
252279,,2.4e-05,1,0
1126318,,2.4e-05,1,0
511868,,2.4e-05,1,0
107472,,2.4e-05,1,0
1895275,,2.4e-05,1,0
1457932,,2.4e-05,1,0
1988879,,2.4e-05,1,0
1322034,,2.4e-05,1,0
1429928,,2.4e-05,1,0
1094537,,2.4e-05,1,0
1489208,,2.4e-05,1,0
263011,,2.4e-05,1,0
2154,,2.4e-05,1,0
680916,,2.4e-05,1,0
500579,,2.4e-05,1,0
1385561,,2.4e-05,1,0
1547282,,2.4e-05,1,0
320189,,2.4e-05,1,0
347683,,2.4e-05,1,0
1992688,,2.4e-05,1,0
1672659,,2.4e-05,1,0
1334697,,2.4e-05,1,0
1721191,,2.4e-05,1,0
408898,,2.4e-05,1,0
1202621,,2.4e-05,1,0
922444,,2.4e-05,1,0
1344836,,2.4e-05,1,0
147360590,,2.4e-05,2,0
1543623,,2.4e-05,2,0
1921640,,2.4e-05,2,0
395434,,2.4e-05,2,0
239122,,2.4e-05,1,0
4735043,,2.4e-05,1,0
20317,,2.4e-05,1,0
202973,,2.4e-05,1,0
666427,,2.4e-05,1,0
1036300,,2.4e-05,1,0
1087099,,2.4e-05,1,0
1243245,,2.4e-05,1,0
1340817,,2.4e-05,1,0
1500505,,2.4e-05,1,0
1545494,,2.4e-05,1,0
1591400,,2.4e-05,1,0
1703962,,2.4e-05,1,0
1737932,,2.4e-05,1,0
1752565,,2.4e-05,1,0
1875345,,2.4e-05,1,0
23402471,,2.4e-05,1,0
26596259,,2.4e-05,1,0
49144233,,2.4e-05,1,0
82476980,,2.4e-05,1,0
92712826,,2.4e-05,1,0
92854857,,2.4e-05,1,0
116018390,,2.4e-05,1,0
133653680,,2.4e-05,1,0
146487961,,2.4e-05,1,0
180680303,,2.4e-05,1,0
180850491,,2.4e-05,1,0
408637,,2.4e-05,2,0
121065383,Ravindra Ramchandra Waghmare vs Indore Mun.Corp.& Ors,2.4e-05,1,44
95910470,,2.4e-05,1,0
197283071,,2.4e-05,1,0
85628420,,2.4e-05,1,0
1708048949,,2.4e-05,1,0
160214,,2.4e-05,1,0
1918433,,2.4e-05,1,0
613620,,2.4e-05,1,0
53127,,2.4e-05,1,0
1181002,,2.4e-05,1,0
33652803,,2.4e-05,1,0
11350512,,2.4e-05,1,0
588155,,2.4e-05,2,0
1198151,,2.4e-05,2,0
603019,,2.4e-05,2,0
489216,,2.4e-05,1,0
40472258,,2.4e-05,2,0
1332919,,2.4e-05,2,0
1963913,,2.4e-05,2,0
1191016,,2.4e-05,2,0
944301,,2.4e-05,2,0
93885,,2.4e-05,2,0
1872897,,2.4e-05,1,0
1356700,,2.4e-05,1,0
568551,,2.4e-05,1,0
1268166,,2.4e-05,1,0
595923,,2.4e-05,1,0
428500,,2.4e-05,1,0
1499220,,2.4e-05,1,0
61189,,2.4e-05,1,0
1174074,,2.4e-05,1,0
10238,,2.4e-05,1,0
1078702,,2.4e-05,1,0
1429888,,2.4e-05,1,0
282522,,2.4e-05,1,0
1996153,,2.4e-05,1,0
27095,,2.4e-05,1,0
1949050,,2.4e-05,1,0
512987,,2.4e-05,1,0
873220,,2.4e-05,1,0
478003,,2.4e-05,1,0
86313,,2.4e-05,1,0
186830,,2.4e-05,1,0
1430457,,2.4e-05,1,0
1787753,,2.4e-05,1,0
1528800,,2.4e-05,1,0
770161,,2.4e-05,1,0
1023553,,2.4e-05,1,0
542961,,2.4e-05,1,0
288980,,2.4e-05,1,0
311931,,2.4e-05,1,0
359668,,2.4e-05,1,0
387276,,2.4e-05,1,0
690805,,2.4e-05,1,0
937486,,2.4e-05,1,0
1041403,,2.4e-05,1,0
1215719,,2.4e-05,1,0
1686885,,2.4e-05,1,0
196582635,,2.4e-05,1,0
144974117,,2.4e-05,1,0
194709354,,2.4e-05,1,0
158550073,,2.4e-05,1,0
158576757,,2.4e-05,1,0
1521969,,2.4e-05,1,0
1225520,,2.4e-05,1,0
1644513,,2.4e-05,1,0
75268133,,2.4e-05,1,0
1031794,,2.4e-05,1,0
116046444,,2.4e-05,1,0
1319748,,2.4e-05,1,0
75464071,,2.4e-05,1,0
1907020,,2.4e-05,2,0
166780307,,2.4e-05,2,0
765920,,2.4e-05,2,0
1391279,,2.4e-05,2,0
1468380,,2.4e-05,2,0
261493,,2.4e-05,2,0
1145726,"Union Of India & Ors vs Dhanwanti Devi & Ors on 21 August, 1996",2.4e-05,2,10
1562920,,2.4e-05,3,0
1019201,,2.4e-05,2,0
478010,,2.4e-05,1,0
1381144,,2.4e-05,1,0
93036199,,2.4e-05,1,0
1380454,,2.4e-05,2,0
520317,,2.4e-05,3,0
705721,,2.4e-05,2,0
24073,,2.4e-05,1,0
120262,,2.4e-05,1,0
239562,,2.4e-05,1,0
307678,,2.4e-05,1,0
366892,,2.4e-05,1,0
403856,,2.4e-05,1,0
695993,,2.4e-05,1,0
1080704,,2.4e-05,1,0
1424462,,2.4e-05,2,0
1814506,,2.4e-05,1,0
126354796,,2.4e-05,1,0
151619456,,2.4e-05,1,0
160769826,,2.4e-05,1,0
1851717,,2.4e-05,1,0
990166,,2.4e-05,1,0
692994,,2.4e-05,1,0
319514,,2.4e-05,1,0
1141174,,2.4e-05,2,0
1530058,,2.4e-05,2,0
177188375,T.Ravi & Anr vs B.Chinna Narasimha & Ors. Etc,2.4e-05,2,73
144009523,,2.4e-05,2,0
1954356,"Province Of Bombay vs Kusaldas S. Advani And Others on 15 September, 1950",2.4e-05,1,9
1395167,,2.4e-05,1,0
1798175,,2.4e-05,1,0
82228149,,2.4e-05,1,0
50417372,,2.4e-05,1,0
1126147,,2.4e-05,1,0
196317833,,2.4e-05,1,0
1799668,,2.4e-05,1,0
522631,,2.4e-05,1,0
1098573,,2.4e-05,1,0
3149689,,2.4e-05,1,0
16236170,,2.4e-05,1,0
1387586,,2.4e-05,1,0
84456462,,2.4e-05,1,0
937834,"Jayalakshmi Coelho vs Oswald Joseph Coelho on 28 February, 2001",2.4e-05,1,5
967935,"M/S. Nagarjuna Construction Co. Ltd vs Govt. Of A.P. & Ors on 20 October, 2008",2.4e-05,1,5
1774319,,2.4e-05,1,0
1861743,,2.4e-05,1,0
1292736,,2.4e-05,1,0
994554,,2.4e-05,1,0
96170,,2.4e-05,1,0
196256,,2.4e-05,1,0
1189153,,2.4e-05,1,0
1890994,,2.4e-05,1,0
85788,,2.4e-05,1,0
103406670,,2.4e-05,1,0
1281375,,2.4e-05,1,0
1733535,,2.4e-05,1,0
942232,,2.4e-05,2,0
181463281,,2.4e-05,2,0
1770523,,2.4e-05,2,0
49975,,2.4e-05,1,0
1601725,,2.4e-05,1,0
536359,,2.4e-05,1,0
817612,,2.4e-05,1,0
1305957,,2.4e-05,1,0
567128,,2.4e-05,1,0
1178711,,2.4e-05,1,0
1274317,,2.4e-05,1,0
1868321,,2.4e-05,1,0
401087,,2.4e-05,1,0
1510376,,2.4e-05,1,0
647017,,2.4e-05,1,0
1580137,,2.4e-05,1,0
908828,,2.4e-05,1,0
1286395,,2.4e-05,1,0
1467829,,2.4e-05,1,0
1386184,,2.4e-05,1,0
715849,,2.4e-05,1,0
1683926,,2.4e-05,1,0
149576506,,2.4e-05,1,0
1715527,,2.4e-05,1,0
1540070,,2.4e-05,1,0
1346687,,2.4e-05,1,0
89832867,,2.4e-05,1,0
502470,,2.4e-05,1,0
315007,,2.4e-05,1,0
1563564,,2.4e-05,2,0
1644772,,2.4e-05,2,0
1808782,,2.4e-05,2,0
81544,,2.4e-05,3,0
139670361,,2.4e-05,2,0
891198,,2.4e-05,3,0
892303,,2.4e-05,2,0
29446724,,2.4e-05,2,0
1417820,,2.4e-05,3,0
924542,,2.4e-05,2,0
756414,,2.4e-05,1,0
840665,,2.4e-05,1,0
1943347,,2.4e-05,1,0
249000,,2.4e-05,1,0
1097981,,2.4e-05,1,0
300036,,2.4e-05,2,0
146413,,2.4e-05,1,0
17957,,2.4e-05,1,0
19951,,2.4e-05,1,0
104245,,2.4e-05,1,0
127110,,2.4e-05,1,0
154847,,2.4e-05,1,0
269082,,2.4e-05,1,0
270615,,2.4e-05,1,0
282787,,2.4e-05,1,0
283292,,2.4e-05,1,0
404264,,2.4e-05,1,0
408373,,2.4e-05,1,0
451820,,2.4e-05,1,0
472682,,2.4e-05,1,0
540361,,2.4e-05,1,0
601364,,2.4e-05,1,0
688536,,2.4e-05,1,0
714582,,2.4e-05,1,0
819483,,2.4e-05,1,0
1059524,,2.4e-05,1,0
1066164,,2.4e-05,1,0
1070931,,2.4e-05,1,0
1124455,,2.4e-05,1,0
1131710,,2.4e-05,1,0
1354132,,2.4e-05,1,0
1410294,,2.4e-05,1,0
1413126,,2.4e-05,1,0
1466398,,2.4e-05,1,0
1557321,,2.4e-05,1,0
1682387,,2.4e-05,1,0
1909810,,2.4e-05,1,0
1933150,,2.4e-05,1,0
66676137,,2.4e-05,1,0
76495058,,2.4e-05,1,0
78632159,,2.4e-05,1,0
160064989,,2.4e-05,1,0
177594361,,2.4e-05,1,0
58480721,,2.4e-05,2,0
670543,,2.4e-05,1,0
633652,,2.4e-05,1,0
64823282,,2.4e-05,1,0
108143,,2.4e-05,1,0
994816,,2.4e-05,1,0
1797784,,2.4e-05,1,0
1596320,,2.4e-05,1,0
342033,,2.4e-05,1,0
211216,,2.4e-05,1,0
246146,,2.4e-05,1,0
180529,,2.4e-05,1,0
1691368,,2.4e-05,1,0
1368956,,2.4e-05,1,0
1514910,,2.4e-05,1,0
173015163,,2.4e-05,3,0
176573517,,2.4e-05,1,0
1271338,,2.4e-05,1,0
17399,,2.4e-05,1,0
64581514,,2.4e-05,1,0
333507,,2.4e-05,1,0
1308991,,2.4e-05,1,0
4436830,"Monnet Ispat And Energy Ltd vs Union Of India And Ors on 26 July, 2012",2.4e-05,1,66
678316,,2.4e-05,1,0
225561,,2.4e-05,1,0
1152219,,2.4e-05,1,0
288555,,2.4e-05,1,0
1429052,,2.4e-05,1,0
802260,,2.4e-05,1,0
344198,,2.4e-05,1,0
1879133,,2.4e-05,1,0
154462684,,2.4e-05,1,0
1995089,,2.4e-05,1,0
567993,,2.4e-05,1,0
584903,,2.4e-05,1,0
1079194,,2.4e-05,1,0
1462333,,2.4e-05,1,0
585040,,2.4e-05,1,0
1324353,,2.4e-05,1,0
23459690,,2.4e-05,1,0
572784,,2.4e-05,1,0
289593,,2.4e-05,1,0
128591542,,2.4e-05,1,0
1971641,,2.4e-05,1,0
4541584,,2.4e-05,1,0
103003427,,2.4e-05,1,0
1049711,,2.4e-05,1,0
1857258,,2.4e-05,1,0
1035346,,2.4e-05,1,0
627069,,2.4e-05,1,0
1999324,,2.4e-05,1,0
1881,,2.4e-05,1,0
662965,,2.4e-05,1,0
919654,,2.4e-05,1,0
319428,,2.4e-05,1,0
897822,,2.4e-05,1,0
1873699,,2.4e-05,1,0
1960330,,2.4e-05,1,0
56399808,,2.4e-05,1,0
153831190,,2.4e-05,1,0
165621647,,2.4e-05,1,0
30150,,2.4e-05,1,0
83810,,2.4e-05,1,0
243501,,2.4e-05,1,0
353130,,2.4e-05,1,0
641383,,2.4e-05,1,0
1962308,,2.4e-05,1,0
71246029,,2.4e-05,1,0
188835545,,2.4e-05,1,0
141262436,,2.4e-05,1,0
1166808,,2.4e-05,1,0
108592994,,2.4e-05,1,0
88875598,,2.4e-05,1,0
143013917,,2.4e-05,1,0
121814942,,2.4e-05,1,0
138240228,,2.4e-05,1,0
115468342,,2.4e-05,1,0
42502475,,2.4e-05,1,0
30560910,,2.4e-05,1,0
98697098,,2.4e-05,1,0
37623680,,2.4e-05,1,0
82036345,,2.4e-05,1,0
37507130,,2.4e-05,1,0
14713882,,2.4e-05,1,0
169217844,,2.4e-05,1,0
220764,,2.4e-05,1,0
64683860,,2.4e-05,1,0
459272,,2.4e-05,1,0
132092,,2.4e-05,1,0
1914931,,2.4e-05,1,0
1625909,,2.4e-05,1,0
1293683,,2.4e-05,1,0
1151678,,2.4e-05,1,0
1210461,,2.4e-05,1,0
308632,,2.4e-05,1,0
1464908,,2.4e-05,1,0
932176,,2.4e-05,1,0
1220782,,2.4e-05,1,0
1585467,,2.4e-05,1,0
180341827,,2.4e-05,1,0
684091,,2.4e-05,1,0
195122408,,2.4e-05,1,0
21112725,,2.4e-05,1,0
751657,,2.4e-05,1,0
487135,,2.4e-05,1,0
1964881,,2.4e-05,2,0
235029,,2.4e-05,1,0
708486,,2.4e-05,1,0
921841,,2.4e-05,1,0
97471022,,2.4e-05,1,0
105489743,,2.4e-05,1,0
116591054,,2.4e-05,1,0
174239173,,2.4e-05,1,0
208309,,2.4e-05,3,0
1928044,,2.4e-05,1,0
694936,,2.4e-05,3,0
712525,,2.4e-05,1,0
880076,,2.4e-05,1,0
1855184,,2.4e-05,1,0
194009576,,2.4e-05,1,0
189659,,2.4e-05,1,0
17643,,2.4e-05,1,0
1018127,,2.4e-05,1,0
764917,,2.4e-05,1,0
929437,"D. Satyanarayana vs P. Jagadish on 15 September, 1987",2.4e-05,1,7
954540,,2.4e-05,1,0
954098,,2.4e-05,1,0
858066,,2.4e-05,1,0
442517,,2.4e-05,1,0
1230897,,2.4e-05,1,0
1334818,,2.4e-05,1,0
790780,,2.4e-05,1,0
1290397,,2.4e-05,1,0
1045688,,2.4e-05,1,0
880158,,2.4e-05,1,0
1114057,,2.4e-05,1,0
46757720,,2.4e-05,1,0
1147382,,2.4e-05,1,0
276078,,2.4e-05,1,0
730816,,2.4e-05,1,0
1028373,,2.4e-05,1,0
1808223,,2.4e-05,1,0
744834,,2.4e-05,1,0
92448954,,2.4e-05,1,0
1939643,,2.4e-05,1,0
386457,,2.4e-05,1,0
1239771,,2.4e-05,1,0
1917378,,2.4e-05,1,0
1259417,,2.4e-05,1,0
1468895,,2.4e-05,1,0
1291918,,2.4e-05,1,0
900221,,2.4e-05,1,0
1271000,,2.4e-05,1,0
577265,,2.4e-05,1,0
159755499,,2.4e-05,1,0
198261756,,2.4e-05,1,0
501550,,2.4e-05,1,0
701326,,2.4e-05,1,0
96494,,2.4e-05,1,0
753279,,2.4e-05,1,0
244267,,2.4e-05,1,0
1323709,,2.4e-05,1,0
1827447,,2.4e-05,1,0
170445,,2.4e-05,1,0
1062764,,2.4e-05,1,0
1124782,,2.4e-05,1,0
1331869,,2.4e-05,1,0
370236,,2.4e-05,1,0
628977,,2.4e-05,1,0
1393394,,2.4e-05,1,0
1980553,,2.4e-05,1,0
1634179,,2.4e-05,1,0
24041216,,2.4e-05,1,0
1565619,,2.4e-05,1,0
56768737,,2.4e-05,1,0
129700,,2.4e-05,1,0
363952,,2.4e-05,1,0
1793297,,2.4e-05,1,0
622650,,2.4e-05,1,0
726105,,2.4e-05,1,0
71241615,,2.4e-05,1,0
1896562,,2.4e-05,1,0
12634303,,2.4e-05,1,0
58777719,,2.4e-05,1,0
739751,"Vatticherukuru Village Panchayat And ... vs Nori Vekatrama Deekshithulu And Ors on 26 April, 1991",2.4e-05,2,24
208856,,2.4e-05,2,0
1131596,,2.4e-05,2,0
1149168,,2.4e-05,2,0
461988,,2.4e-05,2,0
1308647,,2.4e-05,1,0
1134697,,2.4e-05,2,0
212535,,2.4e-05,3,0
15033988,Anuj Jain Interim Resolution ... vs Axis Bank Limited,2.4e-05,1,44
51355351,,2.4e-05,1,0
37755267,,2.4e-05,1,0
522037,,2.4e-05,1,0
774518,,2.4e-05,1,0
672592,,2.4e-05,1,0
750958,,2.4e-05,3,0
97084276,,2.4e-05,2,0
913087,"Vimalben Ajitbhai Patel vs Vatslabeen Ashokbhai Patel And Others on 14 March, 2008",2.4e-05,1,11
1537904,,2.4e-05,1,0
25521654,,2.4e-05,1,0
141914270,,2.4e-05,1,0
467631,,2.4e-05,1,0
351838,,2.4e-05,1,0
698472,,2.4e-05,1,0
37174,,2.4e-05,1,0
1053929,,2.4e-05,1,0
181033,,2.4e-05,1,0
953068,,2.4e-05,1,0
1297215,,2.4e-05,1,0
19796997,,2.4e-05,1,0
49826244,,2.4e-05,1,0
69435080,,2.4e-05,1,0
1060261,,2.4e-05,1,0
286262,,2.4e-05,1,0
414243,,2.4e-05,1,0
664488,,2.4e-05,1,0
678574,,2.4e-05,1,0
1175722,,2.4e-05,1,0
42480626,,2.4e-05,1,0
112136452,,2.4e-05,1,0
4526047,,2.4e-05,1,0
440197,,2.4e-05,1,0
1700735,,2.4e-05,1,0
146351380,,2.4e-05,1,0
32920761,,2.4e-05,1,0
1570613,,2.4e-05,1,0
1075762,,2.4e-05,1,0
1864824,,2.4e-05,1,0
905302,,2.4e-05,1,0
918452,,2.4e-05,1,0
63927093,,2.4e-05,1,0
7293093,,2.4e-05,1,0
118777590,,2.4e-05,1,0
101208106,,2.4e-05,1,0
84792457,,2.4e-05,1,0
195049575,,2.4e-05,1,0
29278743,,2.4e-05,1,0
161682615,,2.4e-05,1,0
9311516,,2.4e-05,1,0
105327534,,2.4e-05,1,0
115557753,,2.4e-05,1,0
152448425,,2.4e-05,1,0
181829382,,2.4e-05,1,0
60015135,,2.4e-05,1,0
538961,,2.4e-05,1,0
1930357,,2.4e-05,1,0
1947567,,2.4e-05,1,0
13449041,,2.4e-05,1,0
1030593,,2.4e-05,1,0
63372840,,2.4e-05,1,0
184952977,,2.4e-05,1,0
1155272,,2.4e-05,1,0
128390183,,2.4e-05,1,0
72028728,,2.4e-05,1,0
153747,,2.4e-05,1,0
85481828,,2.4e-05,1,0
124975,,2.4e-05,1,0
504317,,2.4e-05,1,0
567380,,2.4e-05,1,0
791105,,2.4e-05,1,0
194853219,,2.4e-05,1,0
1891606,,2.4e-05,1,0
553582,,2.4e-05,1,0
607649,,2.4e-05,1,0
413104,,2.4e-05,1,0
399631,,2.4e-05,1,0
874352,,2.4e-05,1,0
38264736,,2.4e-05,1,0
669757,,2.4e-05,1,0
221873,,2.4e-05,1,0
107688497,,2.4e-05,1,0
572449,,2.4e-05,1,0
275170,,2.4e-05,1,0
37211,,2.4e-05,1,0
666909,,2.4e-05,1,0
720704,,2.4e-05,1,0
752687,,2.4e-05,1,0
998380,,2.4e-05,1,0
1117400,,2.4e-05,1,0
94543326,,2.4e-05,1,0
546084,,2.4e-05,3,0
544845,,2.4e-05,1,0
85211,,2.4e-05,1,0
351816,,2.4e-05,1,0
896769,,2.4e-05,1,0
1664951,,2.4e-05,2,0
92507,,2.4e-05,2,0
1879831,,2.4e-05,1,0
1596565,,2.4e-05,1,0
857240,,2.4e-05,1,0
1686481,,2.4e-05,1,0
1367404,,2.4e-05,1,0
1006829,,2.4e-05,1,0
765456,,2.4e-05,1,0
56085754,,2.4e-05,1,0
1547506,,2.4e-05,1,0
130470,,2.4e-05,1,0
437533,,2.4e-05,1,0
838466,,2.4e-05,1,0
450219,,2.4e-05,1,0
1141543,,2.4e-05,1,0
103100,,2.4e-05,1,0
230062,,2.4e-05,1,0
229273,,2.4e-05,1,0
1013581,,2.4e-05,1,0
153663510,,2.4e-05,1,0
1338548,,2.4e-05,1,0
824550,,2.4e-05,1,0
1840759,,2.4e-05,1,0
1530670,,2.4e-05,1,0
185779,,2.4e-05,1,0
1022156,,2.4e-05,2,0
397071,,2.4e-05,2,0
1145196,,2.4e-05,2,0
1387971,,2.4e-05,1,0
120130,,2.4e-05,1,0
610252,,2.4e-05,1,0
980208,,2.4e-05,1,0
1496509,,2.4e-05,1,0
1604039,,2.4e-05,1,0
172901687,,2.4e-05,1,0
1172462,,2.4e-05,1,0
28541457,,2.4e-05,1,0
1837361,,2.4e-05,1,0
152055757,,2.4e-05,1,0
1424010,,2.4e-05,1,0
1279034,,2.4e-05,1,0
1638351,,2.4e-05,1,0
1830415,,2.4e-05,1,0
197459594,,2.4e-05,1,0
73044104,,2.4e-05,1,0
11950193,,2.4e-05,1,0
74498,,2.4e-05,1,0
386597,,2.4e-05,1,0
821579,,2.4e-05,1,0
15173,,2.4e-05,1,0
1202682,,2.4e-05,1,0
1829255,,2.4e-05,1,0
58481321,,2.4e-05,1,0
67695650,,2.4e-05,1,0
176370910,,2.4e-05,1,0
19605259,,2.4e-05,2,0
22697618,,2.4e-05,2,0
119304810,,2.4e-05,2,0
1051408,,2.4e-05,2,0
538117,,2.4e-05,1,0
1748256,,2.4e-05,1,0
286982,,2.4e-05,1,0
935369,,2.4e-05,1,0
1314260,,2.4e-05,1,0
154519,,2.4e-05,1,0
1905739,,2.4e-05,1,0
43751499,,2.4e-05,1,0
958208,,2.4e-05,1,0
692478,,2.4e-05,1,0
695006,,2.4e-05,1,0
1719225,"Surjit Lal Chhabda vs Commissioner Of Income Tax, Bombay on 6 October, 1975",2.4e-05,1,5
1826665,"Dharma Shamrao Agalawe vs Pandurang Miragu Agalawe & Ors on 22 February, 1988",2.4e-05,1,5
571645,,2.4e-05,1,0
832890,,2.4e-05,1,0
1924738,,2.4e-05,1,0
1235432,,2.4e-05,1,0
1840796,,2.4e-05,1,0
1069282,,2.4e-05,1,0
1774832,,2.4e-05,1,0
158187,,2.4e-05,1,0
1939558,,2.4e-05,1,0
1000782,,2.4e-05,1,0
683713,,2.4e-05,1,0
1949994,,2.4e-05,1,0
1080522,,2.4e-05,1,0
1204020,,2.4e-05,1,0
14042890,,2.4e-05,1,0
809444,,2.4e-05,1,0
1383019,,2.4e-05,1,0
7980035,,2.4e-05,1,0
127032485,,2.4e-05,1,0
5232,,2.4e-05,1,0
5472,,2.4e-05,1,0
187164,,2.4e-05,1,0
216886,,2.4e-05,1,0
278740,,2.4e-05,1,0
379438,,2.4e-05,1,0
396336,,2.4e-05,1,0
612628,,2.4e-05,1,0
634553,,2.4e-05,1,0
845471,,2.4e-05,1,0
877342,,2.4e-05,1,0
945315,,2.4e-05,1,0
996189,,2.4e-05,1,0
1053307,,2.4e-05,1,0
1189299,,2.4e-05,1,0
1223432,,2.4e-05,1,0
1457288,,2.4e-05,1,0
1475439,,2.4e-05,1,0
1485199,,2.4e-05,1,0
1625798,,2.4e-05,1,0
1627271,,2.4e-05,1,0
1944931,,2.4e-05,1,0
22704500,,2.4e-05,1,0
104392489,,2.4e-05,1,0
184162387,,2.4e-05,1,0
147381309,,2.4e-05,1,0
1353604,,2.4e-05,1,0
756364,,2.4e-05,1,0
1772349,,2.4e-05,1,0
880618,,2.4e-05,1,0
117756190,,2.4e-05,1,0
127362139,,2.4e-05,1,0
32815634,,2.4e-05,1,0
68767408,,2.4e-05,1,0
69170272,,2.4e-05,1,0
166285500,,2.4e-05,1,0
92644502,,2.4e-05,1,0
56944064,,2.4e-05,1,0
1034761,,2.4e-05,1,0
513911,,2.4e-05,1,0
137079252,,2.4e-05,1,0
1414802,,2.4e-05,1,0
134990086,,2.4e-05,1,0
1403361,,2.4e-05,1,0
110903542,,2.4e-05,1,0
177992848,,2.4e-05,1,0
742712,,2.4e-05,1,0
57599948,,2.4e-05,1,0
1059331,,2.4e-05,1,0
144478381,,2.4e-05,1,0
303796,,2.4e-05,1,0
1406710,,2.4e-05,1,0
1994047,,2.4e-05,1,0
37674498,,2.4e-05,1,0
114103003,,2.4e-05,1,0
135789736,,2.4e-05,1,0
790256,,2.4e-05,1,0
1085457,,2.4e-05,1,0
907493,,2.4e-05,1,0
1839211,,2.4e-05,1,0
1883818,,2.4e-05,2,0
1937304,"M.I. Builders Pvt. Ltd vs Radhey Shyam Sahu And Others on 26 July, 1999",2.4e-05,1,25
163043,,2.4e-05,1,0
191199,,2.4e-05,1,0
220588,,2.4e-05,1,0
456890,,2.4e-05,1,0
474568,,2.4e-05,1,0
802267,,2.4e-05,1,0
1630803,,2.4e-05,1,0
1802930,,2.4e-05,1,0
1948618,,2.4e-05,1,0
55720968,,2.4e-05,1,0
68453527,,2.4e-05,1,0
71777130,,2.4e-05,1,0
75790666,,2.4e-05,1,0
126029762,,2.4e-05,1,0
155803306,,2.4e-05,1,0
182543032,,2.4e-05,1,0
187367945,,2.4e-05,1,0
189637875,,2.4e-05,1,0
859367,"Administrator General Of West Bengal vs Collector, Varanasi on 16 February, 1988",2.4e-05,1,6
78370396,,2.4e-05,1,0
57981484,,2.4e-05,1,0
323075,,2.4e-05,1,0
163226671,,2.4e-05,1,0
158626204,,2.4e-05,1,0
1191372,,2.4e-05,1,0
134399364,,2.4e-05,1,0
197825953,,2.4e-05,1,0
617693,,2.4e-05,1,0
105580756,,2.4e-05,1,0
29017280,,2.4e-05,1,0
1526289,,2.4e-05,1,0
1774034,,2.4e-05,1,0
1794577,,2.4e-05,1,0
1948248,,2.4e-05,1,0
1976157,,2.4e-05,1,0
197599,,2.4e-05,1,0
418213,,2.4e-05,1,0
519320,,2.4e-05,1,0
923171,,2.4e-05,1,0
1668595,,2.4e-05,1,0
158461569,,2.4e-05,1,0
12892785,,2.4e-05,1,0
268285,,2.4e-05,1,0
29317208,,2.4e-05,1,0
468041,,2.4e-05,1,0
407050,,2.4e-05,1,0
19349803,,2.4e-05,1,0
71461910,,2.4e-05,1,0
538289,,2.4e-05,2,0
29817439,,2.4e-05,1,0
158990506,,2.4e-05,1,0
169314637,,2.4e-05,1,0
53558237,The State Of Karnataka By Its Chief ... vs State Of Tamil Nadu By Its Chief ...,2.4e-05,1,39
680178,,2.4e-05,1,0
100229906,,2.4e-05,1,0
1851551,,2.4e-05,1,0
365209,,2.4e-05,1,0
89840135,,2.4e-05,1,0
1019528,,2.4e-05,1,0
109525160,,2.4e-05,1,0
40258977,,2.4e-05,1,0
1607832,,2.4e-05,1,0
1927487,,2.4e-05,1,0
689891,,2.4e-05,1,0
107682274,,2.4e-05,1,0
419923,,2.4e-05,1,0
548162,,2.4e-05,1,0
75554994,,2.4e-05,1,0
1360634,,2.4e-05,1,0
1119777,,2.4e-05,1,0
95736196,,2.4e-05,1,0
679175,,2.4e-05,3,0
351814,,2.4e-05,1,0
1652872,,2.4e-05,1,0
91147414,,2.4e-05,1,0
159140946,,2.4e-05,1,0
174078673,,2.4e-05,1,0
821143,,2.4e-05,1,0
1900683,,2.4e-05,1,0
157433067,,2.4e-05,1,0
65715027,,2.4e-05,1,0
101844180,,2.4e-05,1,0
162444548,,2.4e-05,1,0
188893170,,2.4e-05,1,0
56843882,,2.4e-05,1,0
49497432,,2.4e-05,1,0
7713530,,2.4e-05,1,0
173623374,,2.4e-05,1,0
82436619,,2.4e-05,1,0
109752958,,2.4e-05,1,0
196904054,,2.4e-05,1,0
80461543,,2.4e-05,1,0
91969802,,2.4e-05,1,0
156447139,,2.4e-05,1,0
53262123,,2.4e-05,1,0
184967738,,2.4e-05,1,0
1941769,,2.4e-05,1,0
1037695,,2.4e-05,1,0
941966,,2.4e-05,1,0
555312,,2.4e-05,1,0
1428096,,2.4e-05,1,0
878157,,2.4e-05,1,0
95685,,2.4e-05,1,0
164278185,,2.4e-05,1,0
143730176,,2.4e-05,1,0
198000498,,2.4e-05,1,0
73225941,,2.4e-05,1,0
32781367,,2.4e-05,1,0
1524559,,2.4e-05,1,0
74936,,2.4e-05,1,0
1941871,,2.4e-05,1,0
360268,,2.4e-05,1,0
629330,,2.4e-05,1,0
1101587,,2.4e-05,1,0
1799441,,2.4e-05,1,0
979053,,2.4e-05,1,0
1478515,,2.4e-05,1,0
1520241,,2.4e-05,1,0
1368284,,2.4e-05,1,0
243782,,2.4e-05,2,0
245629,,2.4e-05,2,0
246070,,2.4e-05,2,0
461398,,2.4e-05,2,0
1043630,,2.4e-05,2,0
1187237,,2.4e-05,2,0
1372854,,2.4e-05,2,0
1696931,,2.4e-05,2,0
1774354,,2.4e-05,2,0
1915525,,2.4e-05,2,0
89575618,,2.4e-05,2,0
123741567,,2.4e-05,2,0
120358,,2.4e-05,2,0
318771,,2.4e-05,1,0
1792106,,2.4e-05,1,0
663,,2.4e-05,1,0
136856,,2.4e-05,1,0
1887454,,2.4e-05,1,0
1887042,,2.4e-05,1,0
214161,,2.4e-05,1,0
515736,,2.4e-05,1,0
1880499,,2.4e-05,1,0
443306,,2.4e-05,1,0
1694576,,2.4e-05,1,0
128807,,2.4e-05,1,0
477860,,2.4e-05,1,0
1284716,,2.4e-05,1,0
1641206,,2.4e-05,1,0
1641377,,2.4e-05,1,0
1471903,,2.4e-05,1,0
101302,,2.4e-05,1,0
1783995,,2.4e-05,1,0
431219,,2.4e-05,1,0
1377573,,2.4e-05,1,0
851452,,2.4e-05,1,0
162429855,,2.4e-05,1,0
604788,,2.4e-05,1,0
1194905,,2.4e-05,1,0
391164,,2.4e-05,1,0
821335,,2.4e-05,1,0
835267,,2.4e-05,1,0
1381418,,2.4e-05,1,0
67291607,,2.4e-05,1,0
133190703,,2.4e-05,1,0
105179863,,2.4e-05,1,0
59682311,,2.4e-05,1,0
18952,,2.4e-05,1,0
618766,,2.4e-05,1,0
70828540,,2.4e-05,1,0
73982056,,2.4e-05,1,0
1012622,,2.4e-05,1,0
1602248,,2.4e-05,1,0
1740415,,2.4e-05,1,0
41481,,2.4e-05,1,0
996437,,2.4e-05,1,0
1176333,,2.4e-05,1,0
1584453,,2.4e-05,1,0
91099808,,2.4e-05,1,0
76457,,2.4e-05,1,0
646144,,2.4e-05,1,0
736842,,2.4e-05,1,0
789000,,2.4e-05,1,0
1108930,,2.4e-05,1,0
1214654,,2.4e-05,1,0
1547137,,2.4e-05,1,0
1613023,,2.4e-05,1,0
1626809,,2.4e-05,1,0
36793044,,2.4e-05,1,0
93264341,,2.4e-05,1,0
141466740,,2.4e-05,1,0
150284439,,2.4e-05,1,0
153204323,,2.4e-05,1,0
37963,,2.4e-05,2,0
1192149,,2.4e-05,1,0
581612,,2.4e-05,1,0
1690928,,2.4e-05,1,0
1705117,,2.4e-05,1,0
56142423,,2.4e-05,1,0
170240238,,2.4e-05,1,0
176130133,,2.4e-05,1,0
1924452,,2.4e-05,1,0
1522913,,2.4e-05,1,0
1292925,,2.4e-05,1,0
110794538,,2.4e-05,1,0
514616,,2.4e-05,1,0
238366,,2.4e-05,1,0
1253073,,2.4e-05,1,0
569739,,2.4e-05,1,0
93024245,,2.4e-05,1,0
1004292,,2.4e-05,1,0
271375,,2.4e-05,1,0
782644,,2.4e-05,1,0
1837473,,2.4e-05,1,0
1728255,,2.4e-05,1,0
1624453,,2.4e-05,1,0
1510648,,2.4e-05,1,0
167605589,,2.4e-05,1,0
402815,,2.4e-05,1,0
7540743,,2.4e-05,1,0
665015,,2.4e-05,1,0
1805332,,2.4e-05,1,0
23414761,,2.4e-05,1,0
157058707,,2.4e-05,1,0
258680,,2.4e-05,1,0
525269,,2.4e-05,1,0
693176,,2.4e-05,1,0
60568976,,2.4e-05,1,0
158962101,,2.4e-05,1,0
181440373,,2.4e-05,1,0
845417,"M/S. Ambalal Sarabhai Enterprises Ltd vs M/S. Amrit Lal & Co. & Anr on 27 August, 2001",2.4e-05,1,9
156532,,2.4e-05,1,0
491463,,2.4e-05,1,0
1801897,,2.4e-05,1,0
353846,,2.4e-05,1,0
1494202,,2.4e-05,1,0
239473,,2.4e-05,1,0
246766,,2.4e-05,1,0
500542,,2.4e-05,1,0
1811309,,2.4e-05,1,0
1413166,,2.4e-05,1,0
68116322,,2.4e-05,1,0
1510521,,2.4e-05,1,0
549295,,2.4e-05,1,0
1728925,,2.4e-05,1,0
634758,,2.4e-05,1,0
1275754,,2.4e-05,1,0
1416765,,2.4e-05,1,0
93647950,,2.4e-05,1,0
163298045,,2.4e-05,1,0
176690927,,2.4e-05,1,0
41993725,,2.4e-05,1,0
92567883,,2.4e-05,1,0
952427,,2.4e-05,1,0
1710182,,2.4e-05,1,0
113598179,,2.4e-05,1,0
198040270,,2.4e-05,1,0
51816248,,2.4e-05,1,0
1604496,,2.4e-05,1,0
1602681,,2.4e-05,1,0
30055189,,2.4e-05,1,0
60500851,,2.4e-05,1,0
155822,,2.4e-05,1,0
141946357,,2.4e-05,1,0
181690587,,2.4e-05,1,0
98511521,,2.4e-05,1,0
19933770,,2.4e-05,1,0
17463754,,2.4e-05,1,0
92024267,,2.4e-05,1,0
1068978,,2.4e-05,1,0
502912,,2.4e-05,1,0
173661,,2.4e-05,1,0
870347,"Pal Singh vs Sunder Singh (Dead) By Lrs. & Ors on 10 January, 1989",2.4e-05,1,5
1224134,,2.4e-05,1,0
910940,,2.4e-05,1,0
1009966,,2.4e-05,1,0
1547105,,2.4e-05,1,0
394676,,2.4e-05,1,0
1612492,,2.4e-05,1,0
1054879,,2.4e-05,1,0
1739771,,2.4e-05,1,0
1268034,,2.4e-05,1,0
1363234,,2.4e-05,1,0
31276692,,2.4e-05,1,0
293632,,2.4e-05,1,0
687712,,2.4e-05,1,0
182927551,,2.4e-05,1,0
176261373,,2.4e-05,1,0
1586918,,2.4e-05,1,0
787866,,2.4e-05,1,0
245926,,2.4e-05,1,0
1192135,,2.4e-05,1,0
854142,,2.4e-05,1,0
89564,,2.4e-05,1,0
1878548,,2.4e-05,1,0
952172,,2.4e-05,1,0
1032947,,2.4e-05,1,0
1494424,,2.4e-05,1,0
1806633,,2.4e-05,1,0
1916513,,2.4e-05,1,0
73864943,,2.4e-05,1,0
733037,,2.4e-05,1,0
1126692,,2.4e-05,1,0
1216671,,2.4e-05,1,0
1291157,,2.4e-05,1,0
1743680,,2.4e-05,1,0
1791620,,2.4e-05,1,0
85141421,,2.4e-05,1,0
98295226,,2.4e-05,1,0
1096367,"Offshore Holdings P.Ltd vs Bangalore Devt,Authority & Ors on 18 January, 2011",2.4e-05,1,25
68376,,2.4e-05,1,0
1154829,,2.4e-05,1,0
910514,,2.4e-05,1,0
1883315,,2.4e-05,1,0
340697,,2.4e-05,2,0
212094,,2.4e-05,2,0
194523,,2.4e-05,1,0
281737,,2.4e-05,1,0
1869846,,2.4e-05,1,0
10416883,,2.4e-05,1,0
23088960,,2.4e-05,1,0
1338204,,2.4e-05,1,0
27395,,2.4e-05,1,0
92512441,,2.4e-05,1,0
101893,,2.4e-05,1,0
499460,,2.4e-05,1,0
544641,,2.4e-05,1,0
1382698,,2.4e-05,1,0
1657323,,2.4e-05,1,0
1913799,,2.4e-05,1,0
1813295,,2.4e-05,1,0
1352960,,2.4e-05,1,0
1231203,,2.4e-05,1,0
1510944,,2.4e-05,1,0
1176933,,2.4e-05,1,0
1484835,,2.4e-05,1,0
1082133,,2.4e-05,1,0
37494799,,2.4e-05,1,0
151597034,,2.4e-05,1,0
353548,,2.4e-05,1,0
45508,,2.4e-05,1,0
451240,,2.4e-05,1,0
1054793,,2.4e-05,1,0
457622,,2.4e-05,1,0
1365873,,2.4e-05,1,0
1186098,,2.4e-05,1,0
48415287,,2.4e-05,1,0
1476082,,2.4e-05,1,0
863730,,2.4e-05,1,0
778950,,2.4e-05,1,0
1788368,,2.4e-05,1,0
738746,,2.4e-05,1,0
1543290,,2.4e-05,1,0
1304919,,2.4e-05,1,0
127453,,2.4e-05,1,0
178717,,2.4e-05,1,0
471908,,2.4e-05,1,0
818183,,2.4e-05,1,0
1049823,,2.4e-05,1,0
1167165,,2.4e-05,1,0
1238385,,2.4e-05,1,0
1677758,,2.4e-05,1,0
1766860,,2.4e-05,1,0
1844910,,2.4e-05,1,0
1967584,,2.4e-05,1,0
20050778,,2.4e-05,1,0
28910822,,2.4e-05,1,0
43767590,,2.4e-05,1,0
127264637,,2.4e-05,1,0
160831025,,2.4e-05,1,0
163030556,,2.4e-05,1,0
17698471,,2.4e-05,1,0
163515102,,2.4e-05,1,0
1666530,,2.4e-05,1,0
26097051,,2.4e-05,1,0
1053040,,2.4e-05,1,0
51991948,,2.4e-05,1,0
16193384,,2.4e-05,1,0
1961784,,2.4e-05,1,0
1512854,,2.4e-05,1,0
478558,,2.4e-05,1,0
51833866,,2.4e-05,1,0
1368530,,2.4e-05,1,0
1138056,,2.4e-05,1,0
726863,,2.4e-05,1,0
445287,,2.4e-05,1,0
1502019,,2.4e-05,1,0
1239058,,2.4e-05,2,0
500548,,2.4e-05,1,0
540105,,2.4e-05,1,0
829648,,2.4e-05,1,0
1084618,,2.4e-05,1,0
1642416,,2.4e-05,1,0
41431572,,2.4e-05,1,0
109034285,,2.4e-05,1,0
114237665,,2.4e-05,1,0
136991368,,2.4e-05,1,0
144748127,,2.4e-05,1,0
151255224,,2.4e-05,1,0
165117832,,2.4e-05,1,0
177937477,,2.4e-05,1,0
187104390,,2.4e-05,1,0
198354074,,2.4e-05,1,0
175709010,,2.4e-05,1,0
1159364,,2.4e-05,1,0
1956761,,2.4e-05,1,0
1946910,,2.4e-05,1,0
1075674,,2.4e-05,1,0
164673968,,2.4e-05,1,0
60084250,,2.4e-05,1,0
108020655,,2.4e-05,1,0
922287,,2.4e-05,1,0
104550619,,2.4e-05,1,0
1083,,2.4e-05,1,0
879806,,2.4e-05,1,0
1910120,,2.4e-05,1,0
685797,,2.4e-05,1,0
1283371,,2.4e-05,1,0
1250556,,2.4e-05,1,0
250790,,2.4e-05,1,0
1163186,,2.4e-05,1,0
76106797,,2.4e-05,1,0
211821,,2.4e-05,1,0
212806,,2.4e-05,1,0
85840345,,2.4e-05,1,0
1923727,,2.4e-05,1,0
667735,,2.4e-05,1,0
980023,,2.4e-05,1,0
1180441,,2.4e-05,1,0
168037,,2.4e-05,1,0
393555,,2.4e-05,1,0
482639,,2.4e-05,1,0
520776,,2.4e-05,1,0
648753,,2.4e-05,1,0
992326,,2.4e-05,1,0
1338559,,2.4e-05,1,0
98737584,,2.4e-05,1,0
136212482,,2.4e-05,1,0
143277567,,2.4e-05,1,0
154040253,,2.4e-05,1,0
36169479,,2.4e-05,3,0
396572,,2.4e-05,2,0
806710,,2.4e-05,2,0
568319,,2.4e-05,2,0
1052096,,2.4e-05,2,0
1245481,,2.4e-05,2,0
1262371,,2.4e-05,2,0
1361980,,2.4e-05,2,0
34999496,,2.4e-05,2,0
617687,,2.4e-05,1,0
1041904,,2.4e-05,1,0
1124884,,2.4e-05,1,0
4769144,,2.4e-05,1,0
1962061,,2.4e-05,2,0
91224853,,2.4e-05,1,0
395921,,2.4e-05,1,0
140818,,2.4e-05,1,0
23929388,,2.4e-05,1,0
155639970,,2.4e-05,1,0
1647965,,2.4e-05,1,0
18862049,,2.4e-05,1,0
82868069,,2.4e-05,1,0
605319,,2.4e-05,1,0
174274990,,2.4e-05,1,0
154062467,,2.4e-05,1,0
179064366,,2.4e-05,1,0
85970339,,2.4e-05,1,0
128386073,,2.4e-05,1,0
32979174,,2.4e-05,1,0
23048746,,2.4e-05,1,0
21893499,,2.4e-05,1,0
1669028,,2.4e-05,2,0
1494950,,2.4e-05,1,0
1295247,,2.4e-05,1,0
354079,,2.4e-05,1,0
44770847,,2.4e-05,1,0
832592,,2.4e-05,1,0
179868451,,2.4e-05,1,0
100145744,,2.4e-05,1,0
697194,,2.4e-05,1,0
1261117,,2.4e-05,1,0
1727525,,2.4e-05,1,0
350976,,2.4e-05,1,0
36523,,2.4e-05,1,0
407647,,2.4e-05,1,0
565204,,2.4e-05,1,0
902353,,2.4e-05,1,0
1031628,,2.4e-05,1,0
1656779,,2.4e-05,1,0
509435,,2.4e-05,1,0
554556,,2.4e-05,1,0
1060105,,2.4e-05,1,0
1370394,,2.4e-05,1,0
1422834,,2.4e-05,1,0
1622502,,2.4e-05,1,0
1723465,,2.4e-05,1,0
1805206,,2.4e-05,1,0
1983545,,2.4e-05,1,0
1166417,"Pomal Kanji Govindji & Ors vs Vrajlal Karsandas Purohit & Ors on 4 November, 1988",2.4e-05,1,17
2755,,2.4e-05,1,0
552694,,2.4e-05,1,0
1704157,,2.4e-05,1,0
38170203,,2.4e-05,1,0
146707759,,2.4e-05,1,0
1441920,"Hanskumar Kishanchand vs The Union Of India(And Connected ... on 22 August, 1958",2.4e-05,1,4
1172544,Collector_Of_Varanasi_vs_Gauri_Shankar_Misra_Ors_on_29_August_1967,2.4e-05,1,7
18031,,2.4e-05,1,0
191003,,2.4e-05,1,0
202665,,2.4e-05,1,0
229683,,2.4e-05,1,0
418098,,2.4e-05,1,0
637056,,2.4e-05,1,0
646798,,2.4e-05,1,0
684288,,2.4e-05,1,0
881209,,2.4e-05,1,0
916239,,2.4e-05,1,0
1177203,,2.4e-05,1,0
1215028,,2.4e-05,1,0
1229358,,2.4e-05,1,0
1285096,,2.4e-05,1,0
1323297,,2.4e-05,1,0
1358082,,2.4e-05,1,0
1409408,,2.4e-05,1,0
1494598,,2.4e-05,1,0
1537347,,2.4e-05,1,0
1664246,,2.4e-05,1,0
1776469,,2.4e-05,1,0
1940398,,2.4e-05,1,0
77021317,,2.4e-05,1,0
114194,,2.4e-05,2,0
264553,,2.4e-05,2,0
191902,,2.4e-05,1,0
222820,,2.4e-05,1,0
526619,,2.4e-05,1,0
865312,,2.4e-05,1,0
1081310,,2.4e-05,1,0
1151918,,2.4e-05,1,0
1338147,,2.4e-05,1,0
1898159,,2.4e-05,1,0
52136901,,2.4e-05,1,0
781113,,2.4e-05,1,0
1137071,,2.4e-05,1,0
763317,,2.4e-05,1,0
75087113,,2.4e-05,1,0
1882138,,2.4e-05,1,0
1894179,,2.4e-05,1,0
33512197,,2.4e-05,1,0
40133779,,2.4e-05,1,0
999951,,2.4e-05,1,0
1398969,,2.4e-05,1,0
373442,,2.4e-05,1,0
1054168,,2.4e-05,1,0
1503707,,2.4e-05,1,0
184076213,,2.4e-05,1,0
1357355,,2.4e-05,1,0
1432902,,2.4e-05,1,0
1476337,,2.4e-05,1,0
1031431,"Smt. Bachahan Devi & Anr vs Nagar Nigam, Gorakhpur & Anr on 5 February, 2008",2.4e-05,1,6
599427,,2.4e-05,1,0
555540,,2.4e-05,1,0
1812352,,2.4e-05,1,0
153638,,2.4e-05,1,0
1602521,,2.4e-05,1,0
1868789,,2.4e-05,1,0
1104087,,2.4e-05,1,0
27391014,,2.4e-05,1,0
74875172,,2.4e-05,1,0
187759726,,2.4e-05,1,0
91066971,,2.4e-05,1,0
55510061,,2.4e-05,1,0
127814326,,2.4e-05,1,0
155887229,,2.4e-05,1,0
187475778,,2.4e-05,1,0
1008190,"Mosammat Bibi Sayeeda & Ors. Etc vs The State Of Bihar & Ors. Etc on 25 April, 1996",2.4e-05,1,10
56258,,2.4e-05,1,0
81161,,2.4e-05,1,0
599322,,2.4e-05,1,0
625093,,2.4e-05,1,0
1148287,,2.4e-05,1,0
1398092,,2.4e-05,1,0
1852004,,2.4e-05,1,0
62349704,,2.4e-05,1,0
175832973,,2.4e-05,1,0
236012,"Namdeo Lokman Lodhi vs Narmadabai And Others on 27 February, 1953",2.4e-05,1,12
895896,"Vimla Bai (Dead) By Lrs vs Hiralal Gupta And Ors on 22 December, 1989",2.4e-05,1,8
124852,,2.4e-05,1,0
145565,,2.4e-05,1,0
180091,,2.4e-05,1,0
334593,,2.4e-05,1,0
571161,,2.4e-05,1,0
718210,,2.4e-05,1,0
757648,,2.4e-05,1,0
781858,,2.4e-05,1,0
1203298,,2.4e-05,1,0
1286874,,2.4e-05,1,0
1355562,,2.4e-05,1,0
1423714,,2.4e-05,1,0
1533893,,2.4e-05,1,0
1642495,,2.4e-05,1,0
1664552,,2.4e-05,1,0
1699330,,2.4e-05,1,0
1957843,,2.4e-05,1,0
1922173,"Dalbir Kaur & Ors vs State Of Punjab on 20 August, 1976",2.4e-05,1,20
764222,"Jangbir vs Mahavir Prasad Gupta on 22 September, 1976",2.4e-05,1,5
1557100,,2.4e-05,1,0
1425731,,2.4e-05,1,0
735056,,2.4e-05,1,0
1015823,,2.4e-05,1,0
1959496,,2.4e-05,1,0
32449,,2.4e-05,1,0
1114841,,2.4e-05,1,0
1315880,,2.4e-05,1,0
448126,,2.4e-05,1,0
1316600,,2.4e-05,1,0
307138,,2.4e-05,1,0
151134,,2.4e-05,1,0
1505645,,2.4e-05,1,0
1661027,,2.4e-05,1,0
412700,,2.4e-05,1,0
1052178,,2.4e-05,1,0
751132,,2.4e-05,1,0
819576,,2.4e-05,1,0
539250,,2.4e-05,1,0
633256,,2.4e-05,1,0
69407,,2.4e-05,1,0
101697,,2.4e-05,1,0
1939903,,2.4e-05,1,0
1614622,,2.4e-05,1,0
880530,,2.4e-05,1,0
198890,,2.4e-05,1,0
1173633,,2.4e-05,1,0
478730,,2.4e-05,1,0
1343955,,2.4e-05,1,0
714167,,2.4e-05,1,0
1821458,,2.4e-05,1,0
8799014,,2.4e-05,1,0
935358,,2.4e-05,1,0
1903591,,2.4e-05,1,0
427543,,2.4e-05,1,0
594554,,2.4e-05,1,0
846815,,2.4e-05,1,0
834492,,2.4e-05,1,0
444058,,2.4e-05,1,0
1316181,,2.4e-05,1,0
1247367,,2.4e-05,1,0
731242,,2.4e-05,1,0
258225,,2.4e-05,1,0
1461370,,2.4e-05,1,0
1813026,,2.4e-05,1,0
928175,,2.4e-05,1,0
491475,,2.4e-05,1,0
835103,,2.4e-05,1,0
124469,,2.4e-05,1,0
1607181,,2.4e-05,1,0
560500,,2.4e-05,1,0
709155,,2.4e-05,1,0
1158069,,2.4e-05,1,0
775527,,2.4e-05,1,0
605891,,2.4e-05,1,0
630706,,2.4e-05,1,0
146954,,2.4e-05,1,0
140244564,,2.4e-05,1,0
1227910,,2.4e-05,1,0
626262,,2.4e-05,1,0
1173837,,2.4e-05,1,0
1740256,,2.4e-05,1,0
1057277,,2.4e-05,1,0
1644420,,2.4e-05,1,0
157674,,2.4e-05,1,0
1176258,,2.4e-05,1,0
1919663,,2.4e-05,1,0
502529,,2.4e-05,1,0
873760,,2.4e-05,1,0
118617,,2.4e-05,1,0
553874,,2.4e-05,1,0
698352,,2.4e-05,1,0
239245,,2.4e-05,1,0
603155,,2.4e-05,1,0
1677367,,2.4e-05,1,0
1218527,,2.4e-05,1,0
922783,,2.4e-05,1,0
205909,,2.4e-05,1,0
494666,,2.4e-05,1,0
1340429,,2.4e-05,1,0
615469,,2.4e-05,1,0
713534,,2.4e-05,1,0
1970738,,2.4e-05,1,0
1560414,,2.4e-05,1,0
1385217,,2.4e-05,1,0
1470332,,2.4e-05,1,0
1309162,,2.4e-05,1,0
944601,,2.4e-05,1,0
924262,,2.4e-05,1,0
1436792,,2.4e-05,1,0
615647,,2.4e-05,1,0
1672729,,2.4e-05,1,0
1463678,,2.4e-05,1,0
475675,,2.4e-05,1,0
1405204,,2.4e-05,1,0
1719619,,2.4e-05,1,0
705604,,2.4e-05,1,0
991082,,2.4e-05,1,0
288909,,2.4e-05,1,0
1321505,,2.4e-05,1,0
1587029,,2.4e-05,1,0
67608,,2.4e-05,1,0
526157,,2.4e-05,1,0
855469,,2.4e-05,1,0
1144945,,2.4e-05,1,0
1438364,,2.4e-05,1,0
130504148,,2.4e-05,1,0
188483483,,2.4e-05,1,0
1064891,"Dattatraya Shanker Mote & Ors vs Anand Chintaman Datar & Ors on 3 October, 1974",2.4e-05,1,9
864936,,2.4e-05,1,0
197296101,,2.4e-05,1,0
1396722,,2.4e-05,1,0
223862,,2.4e-05,1,0
1040803,,2.4e-05,1,0
330146,,2.4e-05,1,0
1542937,,2.4e-05,1,0
60167709,,2.4e-05,1,0
964173,,2.4e-05,1,0
120092300,,2.4e-05,1,0
50737,,2.4e-05,1,0
4853151,,2.4e-05,1,0
97950877,,2.4e-05,1,0
342005,,2.4e-05,1,0
1723469,,2.4e-05,1,0
1243718,,2.4e-05,1,0
133932061,,2.4e-05,1,0
106567259,,2.4e-05,1,0
369141,,2.4e-05,1,0
885483,,2.4e-05,1,0
44550644,,2.4e-05,1,0
199927369,,2.4e-05,1,0
132692083,"Bhudan Singh And Anr. vs Nabi Bux And Anr. on 20 August, 1969",2.4e-05,1,6
23195,,2.4e-05,1,0
71315,,2.4e-05,1,0
100098,,2.4e-05,1,0
298240,,2.4e-05,1,0
457553,,2.4e-05,1,0
593057,,2.4e-05,1,0
614998,,2.4e-05,1,0
1046518,,2.4e-05,1,0
1155660,,2.4e-05,1,0
1253411,,2.4e-05,1,0
1511412,,2.4e-05,1,0
1785523,,2.4e-05,1,0
1887677,,2.4e-05,1,0
1977799,,2.4e-05,1,0
33876126,,2.4e-05,1,0
34373683,,2.4e-05,1,0
35463223,,2.4e-05,1,0
39291020,,2.4e-05,1,0
138892583,,2.4e-05,1,0
182256409,,2.4e-05,1,0
2428,,2.4e-05,1,0
107126,,2.4e-05,1,0
1075667,,2.4e-05,1,0
1180195,,2.4e-05,1,0
1536310,,2.4e-05,1,0
1935167,,2.4e-05,1,0
114900127,,2.4e-05,1,0
1194271,,2.4e-05,1,0
1852162,,2.4e-05,1,0
186917912,,2.4e-05,1,0
6759,,2.4e-05,2,0
190580,,2.4e-05,2,0
148589889,Deccan Paper Mills Co. Ltd. vs Regency Mahavir Properties .,2.4e-05,1,23
276364,,2.4e-05,1,0
633209,,2.4e-05,1,0
847271,,2.4e-05,1,0
1276756,,2.4e-05,1,0
1770082,,2.4e-05,1,0
1875448,,2.4e-05,1,0
8193660,,2.4e-05,1,0
19604233,,2.4e-05,1,0
28390841,,2.4e-05,1,0
41329464,,2.4e-05,1,0
150814946,,2.4e-05,1,0
164803491,,2.4e-05,1,0
113126923,,2.4e-05,1,0
8871590,,2.4e-05,1,0
179036679,,2.4e-05,1,0
975323,,2.4e-05,1,0
129049489,,2.4e-05,1,0
157762460,,2.4e-05,1,0
423516,,2.4e-05,1,0
600280,,2.4e-05,1,0
1598183,,2.4e-05,1,0
1308350,,2.4e-05,1,0
731187,,2.4e-05,1,0
771183,,2.4e-05,1,0
102584860,,2.4e-05,2,0
392667,,2.4e-05,1,0
542383,,2.4e-05,1,0
748977,,2.4e-05,1,0
1638658,,2.4e-05,1,0
1757390,,2.4e-05,1,0
11157604,,2.4e-05,1,0
61480953,,2.4e-05,1,0
66970168,,2.4e-05,1,0
83270443,,2.4e-05,1,0
127517806,,2.4e-05,1,0
139734870,,2.4e-05,1,0
147862660,,2.4e-05,1,0
148460737,,2.4e-05,1,0
181443842,,2.4e-05,1,0
39995479,,2.4e-05,1,0
68983377,,2.4e-05,1,0
133239022,,2.4e-05,1,0
176007543,,2.4e-05,1,0
97792257,,2.4e-05,1,0
174075334,,2.4e-05,1,0
168778115,,2.4e-05,1,0
89274040,,2.4e-05,1,0
451059,,2.4e-05,1,0
1931795,,2.4e-05,1,0
150734606,,2.4e-05,1,0
175911066,,2.4e-05,1,0
758713,,2.4e-05,1,0
596084,,2.4e-05,1,0
18700540,,2.4e-05,1,0
1086398,,2.4e-05,1,0
1879326,,2.4e-05,1,0
379785,,2.4e-05,1,0
1670134,,2.4e-05,1,0
199141576,,2.4e-05,1,0
46148335,,2.4e-05,1,0
1839963,,2.4e-05,1,0
170753948,,2.4e-05,1,0
525747,,2.4e-05,1,0
307206,,2.4e-05,1,0
55012242,,2.4e-05,3,0
42047,,2.4e-05,2,0
619586,,2.4e-05,2,0
630382,,2.4e-05,2,0
756481,,2.4e-05,2,0
1045661,,2.4e-05,2,0
495674,,2.4e-05,1,0
974498,,2.4e-05,1,0
1004968,,2.4e-05,1,0
1237719,,2.4e-05,1,0
1795168,,2.4e-05,1,0
1999938,,2.4e-05,1,0
29295224,,2.4e-05,1,0
121678891,,2.4e-05,1,0
10201928,,2.4e-05,1,0
156446828,,2.4e-05,1,0
101560885,,2.4e-05,1,0
1382012,,2.4e-05,1,0
167114502,,2.4e-05,1,0
1593674,,2.4e-05,1,0
1348574,,2.4e-05,1,0
171427291,,2.4e-05,1,0
1158072,,2.4e-05,1,0
1603548,,2.4e-05,1,0
62362537,,2.4e-05,1,0
128555,,2.4e-05,1,0
147992356,,2.4e-05,1,0
568459,,2.4e-05,1,0
23073731,,2.4e-05,1,0
71094511,,2.4e-05,1,0
1478450,,2.4e-05,1,0
1025500,,2.4e-05,1,0
761050,,2.4e-05,1,0
126101026,,2.4e-05,1,0
642829,,2.4e-05,1,0
172383107,,2.4e-05,1,0
941160,,2.4e-05,1,0
812084,,2.4e-05,1,0
459864,,2.4e-05,1,0
619283,,2.4e-05,1,0
99436,,2.4e-05,1,0
1218187,,2.4e-05,1,0
906698,,2.4e-05,1,0
185802,,2.4e-05,1,0
275922,,2.4e-05,1,0
222244,,2.4e-05,1,0
1220288,"Snndur Manganese & Iron Ores Ltd vs State Of Karnataka & Ors on 13 September, 2010",2.4e-05,1,23
415238,,2.4e-05,1,0
90876,,2.4e-05,1,0
1506702,,2.4e-05,1,0
1799086,,2.4e-05,1,0
490558,,2.4e-05,1,0
336923,,2.4e-05,1,0
746327,,2.4e-05,1,0
1002467,,2.4e-05,1,0
146451,,2.4e-05,1,0
98342524,,2.4e-05,1,0
1925724,,2.4e-05,1,0
1913517,,2.4e-05,1,0
615661,,2.4e-05,1,0
181471005,,2.4e-05,1,0
938108,,2.4e-05,1,0
1047951,,2.4e-05,1,0
323494,,2.4e-05,1,0
1917909,,2.4e-05,1,0
341085,,2.4e-05,1,0
1627056,,2.4e-05,1,0
1850593,,2.4e-05,1,0
84566570,,2.4e-05,1,0
1884106,,2.4e-05,1,0
334788,,2.4e-05,1,0
633831,,2.4e-05,1,0
1569529,,2.4e-05,1,0
182991489,,2.4e-05,1,0
143636306,,2.4e-05,1,0
1891159,,2.4e-05,1,0
1180387,,2.4e-05,1,0
834394,,2.4e-05,1,0
151808,,2.4e-05,1,0
1539259,,2.4e-05,1,0
249892,,2.4e-05,1,0
116869444,,2.4e-05,1,0
792283,,2.4e-05,1,0
432564,,2.4e-05,1,0
1649151,,2.4e-05,1,0
70194,,2.4e-05,2,0
115030,,2.4e-05,1,0
132907,,2.4e-05,1,0
193109,,2.4e-05,1,0
698716,,2.4e-05,1,0
1047975,,2.4e-05,1,0
1631802,,2.4e-05,1,0
41139692,,2.4e-05,1,0
91564105,,2.4e-05,1,0
1642722,,2.4e-05,1,0
1563902,,2.4e-05,1,0
173339,,2.4e-05,1,0
663505,,2.4e-05,1,0
798141,,2.4e-05,1,0
631590,,2.4e-05,1,0
586046,,2.4e-05,1,0
796453,,2.4e-05,1,0
627760,,2.4e-05,1,0
1786018,,2.4e-05,1,0
1619581,,2.4e-05,1,0
1108032,,2.4e-05,1,0
708901,,2.4e-05,1,0
1544426,,2.4e-05,1,0
329415,,2.4e-05,1,0
245069,,2.4e-05,1,0
1867699,,2.4e-05,1,0
196315128,,2.4e-05,1,0
1091603,,2.4e-05,1,0
1541230,,2.4e-05,1,0
362532,,2.4e-05,1,0
642220,,2.4e-05,1,0
1039413,,2.4e-05,1,0
421059,,2.4e-05,1,0
102015009,,2.4e-05,1,0
488907,,2.4e-05,2,0
24969584,,2.4e-05,2,0
651601,,2.4e-05,2,0
1214358,,2.4e-05,1,0
1729433,,2.4e-05,1,0
372795,,2.4e-05,1,0
342680,,2.4e-05,1,0
432945,,2.4e-05,1,0
171861,,2.4e-05,1,0
1849667,,2.4e-05,1,0
102863,,2.4e-05,1,0
1630253,,2.4e-05,1,0
455842,,2.4e-05,1,0
366091,,2.4e-05,1,0
1875108,,2.4e-05,1,0
206943,,2.4e-05,1,0
853784,,2.4e-05,1,0
816126,,2.4e-05,1,0
1136229,,2.4e-05,1,0
614153,,2.4e-05,1,0
793142,,2.4e-05,1,0
504006,,2.4e-05,1,0
87302033,,2.4e-05,1,0
1732220,,2.4e-05,1,0
107483,,2.4e-05,1,0
1891124,,2.4e-05,1,0
1490250,,2.4e-05,1,0
63489929,,2.4e-05,1,0
82262912,"K.S. Paripoornan vs State Of Kerala on 12 September, 1994",2.4e-05,1,22
144255939,Sri Jagannath Temple Mng. Committee vs Siddha Math & Ors,2.4e-05,1,23
45884,,2.4e-05,1,0
147832,,2.4e-05,1,0
161448,,2.4e-05,1,0
227409,,2.4e-05,1,0
232894,,2.4e-05,1,0
257531,,2.4e-05,1,0
355919,,2.4e-05,1,0
382717,,2.4e-05,1,0
421654,,2.4e-05,1,0
421764,,2.4e-05,1,0
462158,,2.4e-05,1,0
527480,,2.4e-05,1,0
535729,,2.4e-05,1,0
564368,,2.4e-05,1,0
617282,,2.4e-05,1,0
631918,,2.4e-05,1,0
650753,,2.4e-05,1,0
740650,,2.4e-05,1,0
819178,,2.4e-05,1,0
881594,,2.4e-05,1,0
1049491,,2.4e-05,1,0
1086225,,2.4e-05,1,0
1293440,,2.4e-05,1,0
1301943,,2.4e-05,1,0
1318926,,2.4e-05,1,0
1319193,,2.4e-05,1,0
1398781,,2.4e-05,1,0
1542502,,2.4e-05,1,0
1582573,,2.4e-05,1,0
1630197,,2.4e-05,1,0
1674539,,2.4e-05,1,0
1787277,,2.4e-05,1,0
1822935,,2.4e-05,1,0
1925650,,2.4e-05,1,0
1983009,,2.4e-05,1,0
1992267,,2.4e-05,1,0
1993869,,2.4e-05,1,0
1997809,,2.4e-05,1,0
17684571,,2.4e-05,1,0
24170317,,2.4e-05,1,0
38847073,,2.4e-05,1,0
51689837,,2.4e-05,1,0
163696803,,2.4e-05,1,0
176715973,,2.4e-05,1,0
193640840,,2.4e-05,1,0
195483504,,2.4e-05,1,0
390420,,2.4e-05,1,0
629693,,2.4e-05,1,0
713290,,2.4e-05,1,0
906181,,2.4e-05,1,0
1388066,,2.4e-05,1,0
1561259,,2.4e-05,1,0
1585555,,2.4e-05,1,0
12623307,,2.4e-05,1,0
34046064,,2.4e-05,1,0
60968321,,2.4e-05,1,0
64475663,,2.4e-05,1,0
378101,,2.4e-05,1,0
500723,,2.4e-05,1,0
576780,,2.4e-05,1,0
708017,,2.4e-05,1,0
769281,,2.4e-05,1,0
926154,,2.4e-05,1,0
1093611,,2.4e-05,1,0
1226569,,2.4e-05,1,0
1451241,,2.4e-05,1,0
1867676,,2.4e-05,1,0
214581,,2.4e-05,1,0
278936,,2.4e-05,1,0
1067949,,2.4e-05,1,0
1523135,,2.4e-05,1,0
1558943,,2.4e-05,1,0
71169598,,2.4e-05,1,0
82965014,,2.4e-05,1,0
1420336,"Union Of India & Ors vs Sicom Ltd. & Anr on 5 December, 2008",2.4e-05,2,12
16653152,Delhi Development Authority vs Sukhbir Singh & Ors,2.4e-05,2,29
1848,,2.4e-05,2,0
260133,,2.4e-05,2,0
825029,,2.4e-05,2,0
876879,,2.4e-05,2,0
1062130,,2.4e-05,2,0
1119469,,2.4e-05,2,0
1160519,,2.4e-05,2,0
1230295,,2.4e-05,2,0
1352746,,2.4e-05,2,0
1967334,,2.4e-05,2,0
80086234,,2.4e-05,2,0
150723892,,2.4e-05,2,0
189593250,,2.4e-05,2,0
63759035,,2.4e-05,2,0
41657,,2.4e-05,1,0
210345,,2.4e-05,1,0
233689,,2.4e-05,1,0
499876,,2.4e-05,1,0
593401,,2.4e-05,1,0
928347,,2.4e-05,1,0
1338327,,2.4e-05,1,0
1768021,,2.4e-05,1,0
1789630,,2.4e-05,1,0
1879406,,2.4e-05,1,0
1944274,,2.4e-05,1,0
11713142,,2.4e-05,1,0
23906052,,2.4e-05,1,0
28635046,,2.4e-05,1,0
84763194,,2.4e-05,1,0
107074023,,2.4e-05,1,0
107422737,,2.4e-05,1,0
175388722,,2.4e-05,1,0
179115337,,2.4e-05,1,0
185101414,,2.4e-05,1,0
22699,,2.4e-05,1,0
431154,,2.4e-05,1,0
708348,,2.4e-05,1,0
1002007,,2.4e-05,1,0
1401884,,2.4e-05,1,0
1497995,,2.4e-05,1,0
1629583,,2.4e-05,1,0
1681365,,2.4e-05,1,0
1683667,,2.4e-05,1,0
1792264,,2.4e-05,1,0
188185869,,2.4e-05,1,0
198919484,,2.4e-05,1,0
68571,"Dwarka Prasad vs Dwarka Das Saraf on 11 August, 1975",2.4e-05,1,7
1395333,"Rubber House vs Excellsior Needle Industries Pvt. Ltd on 10 March, 1989",2.4e-05,1,8
391843,"Smt. Parayankandiyal ... vs K. Devi & Ors on 26 April, 1996",2.4e-05,1,13
88188427,Indore Development Authority vs Shailendra (Dead) Through Its Lrs. And ...,2.4e-05,1,157
184521,,2.4e-05,1,0
225599,,2.4e-05,1,0
254072,,2.4e-05,1,0
254131,,2.4e-05,1,0
273146,,2.4e-05,1,0
302605,,2.4e-05,1,0
515389,,2.4e-05,1,0
516439,,2.4e-05,1,0
516976,,2.4e-05,1,0
555928,,2.4e-05,1,0
559872,,2.4e-05,1,0
605193,,2.4e-05,1,0
681001,,2.4e-05,1,0
739145,,2.4e-05,1,0
764609,,2.4e-05,1,0
809304,,2.4e-05,1,0
850597,,2.4e-05,1,0
864296,,2.4e-05,1,0
1036498,,2.4e-05,1,0
1072165,,2.4e-05,1,0
1096808,,2.4e-05,1,0
1138005,,2.4e-05,1,0
1182744,,2.4e-05,1,0
1193125,,2.4e-05,1,0
1217545,,2.4e-05,1,0
1253493,,2.4e-05,1,0
1325692,,2.4e-05,1,0
1339388,,2.4e-05,1,0
1340757,,2.4e-05,1,0
1351099,,2.4e-05,1,0
1448985,,2.4e-05,1,0
1497108,,2.4e-05,1,0
1539693,,2.4e-05,1,0
1541674,,2.4e-05,1,0
1572214,,2.4e-05,1,0
1592182,,2.4e-05,1,0
1592558,,2.4e-05,1,0
1652148,,2.4e-05,1,0
1697343,,2.4e-05,1,0
1761598,,2.4e-05,1,0
1874252,,2.4e-05,1,0
1889206,,2.4e-05,1,0
1893617,,2.4e-05,1,0
1997066,,2.4e-05,1,0
15288204,,2.4e-05,1,0
53588003,,2.4e-05,1,0
60003623,,2.4e-05,1,0
60210015,,2.4e-05,1,0
73830580,,2.4e-05,1,0
97843968,,2.4e-05,1,0
108117499,,2.4e-05,1,0
114348135,,2.4e-05,1,0
124125140,,2.4e-05,1,0
132996988,,2.4e-05,1,0
140349928,,2.4e-05,1,0
163193102,,2.4e-05,1,0
178222182,,2.4e-05,1,0
185087565,,2.4e-05,1,0
186389649,,2.4e-05,1,0
188511039,,2.4e-05,1,0
76789,"[In The Supreme Court Of India ... vs Kadar Unnisa Begum And Others on 12 October, 1950",2.4e-05,0,7
1072049,"The New Piecegoods Bazar Co., ... vs The Commissioner Of Income-Tax,Bombay on 26 May, 1950",2.4e-05,0,5
330852,"Kumar Pashupatinath Malia & Another vs Deba Prosanna Mukherjee on 4 May, 1951",2.4e-05,0,8
1156375,"Dhiyan Singh And Anr. vs Jugal Kishore And Anr. on 22 February, 1952",2.4e-05,0,6
591580,"Shrimant Sardar Bhujangaraodaulatrao ... vs Shrimant Malojirao Daulatraoghorpade ... on 30 January, 1952",2.4e-05,0,5
49043,"The State Of Bihar vs Maharajadhiraja Sir Kameshwar Singh Of ... on 2 May, 1952",2.4e-05,0,9
1786669,"Natvarlal Punjabhai And Another vs Dadubhai Manubhai And Others on 18 November, 1953",2.4e-05,0,8
1305829,"Saraswathi Ammal And Another vs Rajagopal Ammal on 20 October, 1953",2.4e-05,0,6
1428157,"Saraswathi Ammal vs Jagadambal And Another on 27 February, 1953",2.4e-05,0,4
661850,"Gurunath Alias Bhimaji vs Kamalabai, Kom Kenchangaudanadgaudar ... on 10 December, 1954",2.4e-05,0,6
635142,"Purshottam Govindji Halai vs Shree B. M. Desai, Additional Collector ... on 14 October, 1955",2.4e-05,0,4
1105428,"Raja Bhairebendra Narayan Bhup vs The State Of Assam(With Connected ... on 11 April, 1956",2.4e-05,0,5
1527823,"Raja Sri Sailendra Narayanbhanja Deo vs The State Of Orissa on 3 February, 1956",2.4e-05,0,4
1896039,"Sri Venkataramana Devaruand Others vs The State Of Mysore And Others(With ... on 8 November, 1957",2.4e-05,0,5
858834,"The Commissioner Of Income-Tax,West ... vs Raja Benoy Kumar Sahas Roy on 23 May, 1957",2.4e-05,0,29
1713186,"The Member For The Board Of Agricultural ... vs Smt. Sindhurani Chaudhurani.(With ... on 24 April, 1957",2.4e-05,0,10
1839804,"Chaube Jagdish Prasad And Another vs Ganga Prasad Chaturvedi on 5 December, 1958",2.4e-05,0,4
551145,"G. Venkataswami Naidu & Co vs The Comm1Ssioner Of Income-Tax on 24 November, 1958",2.4e-05,0,4
990120,"Gummalapura Taggina ... vs Setra Veeravva And Others on 19 December, 1958",2.4e-05,0,5
45058000,"Hanskumar Kishanchand vs The Union Of India (Uoi) on 22 August, 1958",2.4e-05,0,5
981621,"S. M. Jakati & Another vs S. M. Borkar & Others on 24 September, 1958",2.4e-05,0,14
254621,"Mahant Moti Das vs S. P. Sahi, The Special Officer In ... on 15 April, 1959",2.4e-05,0,5
1604881,"Saroj Kumar Mazumdar vs The Commissioner Of Income-Tax, ... on 4 May, 1959",2.4e-05,0,5
621247,"Kishan Chand Arora vs Commissioner Of Police, Calcutta on 9 December, 1960",2.4e-05,0,8
1270365,"M/S. Piyare Lal Adishwar Lal vs The Commissioner Of Income-Tax, Delhi on 26 April, 1960",2.4e-05,0,5
888353,"Pingle Industries Ltd., Secunderabad vs Commissioner Of Income Tax, Hyderabad on 26 April, 1960",2.4e-05,0,12
693505,"Raja Narayanlal Bansilal vs Maneck Phiroz Mistry And Another on 31 August, 1960",2.4e-05,0,7
1416049,"Shrimant Appasaheb Tuljaram Desaiand ... vs Bhalchandra Vithalrao Thube on 28 October, 1960",2.4e-05,0,5
1386353,"The Superintendent, Central ... vs Ram Manohar Lohia on 21 January, 1960",2.4e-05,0,5
823347,"L. Janakirama Iyer And Others vs P. M. Nilakanta Iyer And Others on 26 October, 1961",2.4e-05,0,8
1794569,"Munshi Ram vs Banwari Lal on 9 January, 1961",2.4e-05,0,5
858595,"Raje Anandrao vs Shamrao And Others on 23 February, 1961",2.4e-05,0,7
374494,"State Of Saurashtra vs Jamadar Mohamad Abdulla And Ors on 3 October, 1961",2.4e-05,0,7
702509,"Sunkavilli Suranna And Others vs Goli Sathiraju And Others on 18 September, 1961",2.4e-05,0,6
136976989,"Tirumalachetti Rajaram vs Tirumalachetti Radhakrishnayya ... on 27 April, 1961",2.4e-05,0,11
1758207,"Tirumalachetti Rajaram vs Tirumalachetti ... on 27 April, 1961",2.4e-05,0,12
457910,"A. L. V. R. S. T. Veerappa Chettiar vs S. Michael Etc on 19 November, 1962",2.4e-05,0,8
472343,"Laxman Purshottam Pimputkar vs State Of Bombay And Others on 13 December, 1962",2.4e-05,0,6
1780881,T_V_V_Narasimham_And_Others_vs_The_State_Of_Orissa_on_24_October_1962,2.4e-05,0,6
1271790,The_Jumma_Masjid_Mercara_vs_Kodimaniandra_Deviah_on_11_January_1962,2.4e-05,0,9
421372,V_T_S_Chandarasekhara_Mudaliar_vs_Kulandaivelu_Mudaliar_And_Others_on_26_April_1962,2.4e-05,0,6
557898,Bhagwati_Prasad_Sah_And_Others_vs_Bhagwati_Prasad_Sah_And_Another_on_10_October_1963,2.4e-05,0,7
781769,Guramma_Bhratar_Chanbasappa_Deshmukh_vs_Malappa_on_19_August_1963,2.4e-05,0,16
1326957,Kalwa_Devadattam_And_Two_Others_vs_The_Union_Of_India_And_Others_on_19_April_1963,2.4e-05,0,6
495668,Kamalammal_And_Ors_vs_Venkatalakshmi_Ammal_And_Anr_on_23_September_1964,2.4e-05,0,6
1860126,Mahjibhai_Mohanbhai_Barot_vs_Patel_Manibhai_Gokalbhai_Ors_on_11_December_1964,2.4e-05,0,6
872053,Aluru_Kondayya_And_Ors_vs_Singaraju_Rama_Rao_And_Ors_on_20_September_1965,2.4e-05,0,6
954858,Commissioner_Of_Income_Tax_Madhya_vs_Seth_Govindram_Sugar_Mills_Ltd_on_26_March_1965,2.4e-05,0,7
1297847,Mamidi_Venkata_Satyanarayana_vs_Mandela_Narasimhaswami_And_Others_on_27_August_1965,2.4e-05,0,6
1267551,V_T_S_Thyagasundaradoss_Thevar_And_vs_V_T_S_Sevuga_Pandia_Thevar_And_Anr_on_25_February_1965,2.4e-05,0,7
325729,Faqir_Chand_vs_Harnam_Kaur_Anr_on_5_August_1966,2.4e-05,0,6
744798,Ram_Lal_Puri_vs_Gokalnagar_Sugar_Mills_Co_Ltd_on_13_December_1966,2.4e-05,0,6
1012429,Ram_Prasad_Dagduram_vs_Vijay_Kumar_Motilal_Mirakhanwala_Ors_on_18_April_1966,2.4e-05,0,7
1645313,Ramchandra_Aggarwal_And_Anr_vs_State_Of_Uttar_Pradesh_Anr_on_5_May_1966,2.4e-05,0,7
913776,Ramchandra_Spg_Wvg_Mills_vs_Bijli_Cotton_Mills_Ors_on_16_December_1966,2.4e-05,0,7
1934515,Bhagat_Raja_vs_The_Union_Of_India_Ors_on_29_March_1967,2.4e-05,0,6
313985,Hans_Raj_vs_Rattan_Chand_Etc_on_3_April_1967,2.4e-05,0,6
579475,Nirshi_Dhobin_Ors_vs_Dr_Sudhir_Kumar_Mukherji_And_Ors_on_30_July_1968,2.4e-05,0,6
19300,"Satish Kumar & Ors vs Surinder Kumar & Ors on 27 September, 1968",2.4e-05,0,7
1916459,"Beohar Rajendra Sinha & Ors vs State Of M.P. & Ors on 11 March, 1969",2.4e-05,0,7
1062835,"Rajah Velugoti Kumara Krishna ... vs Rajah Velugoti Sarvagna Kumara ... on 28 October, 1969",2.4e-05,0,8
291828,"Kakinada Annadana Samajam Etc vs Commissioner Of Hindu Religious & ... on 2 December, 1970",2.4e-05,0,6
423307,"Mannan Lal vs Mst. Chhotaka Bibi on 10 April, 1970",2.4e-05,0,5
704850,"Bombay Panjrapole, Bhuleshwar vs The Workmen And Another on 16 August, 1971",2.4e-05,0,5
111973,"Chapsibhai Dhanjibhai Danad vs Purushottam on 5 April, 1971",2.4e-05,0,4
65348,"Commissioner Of Income-Tax Bombay vs Maharashtra Sugar Mills Ltd. Bombay on 16 August, 1971",2.4e-05,0,4
1214330,"Damyanti Naranga vs The Union Of India And Others on 23 February, 1971",2.4e-05,0,4
298959,"Dantuluri Ram Raju And Ors vs State Of Andhra Pradesh And Anr on 16 December, 1971",2.4e-05,0,8
360332,"Mohan Lal vs Anandibai And Ors. on 3 March, 1971",2.4e-05,0,5
1794534,"Shambhu Prasad Singh vs Mst. Phool Kumari & Ors on 24 March, 1971",2.4e-05,0,8
1664202,"V. Venugopala Varma Rajah vs Commissioner, Agricultural Income ... on 6 October, 1971",2.4e-05,0,5
1959192,"Mewar Sugar Mills Ltd., Bhopal Sagar vs Commissioner Of Income-Tax, ... on 26 September, 1972",2.4e-05,0,5
1560549,"R. Ramamurthi Iyer vs Raja V. Rajeswara Rao on 22 August, 1972",2.4e-05,0,5
1190054,"Shaukat Hussain Alias Ali Akram & Ors vs Smt. Bhuneshwari Devi (Dead)) By L. Rs. & ... on 25 August, 1972",2.4e-05,0,5
1561728,"Parkash Chand Khurana Etc vs Harnam Singh & Ors on 28 March, 1973",2.4e-05,0,5
182190,"Sappani Mohamed Mohideen & Anr vs R. V. Sethusubramania Pillai & Ors on 7 December, 1973",2.4e-05,0,7
1444367,"Chawla And Another vs State Of Haryana on 12 February, 1974",2.4e-05,0,5
1580245,"Controller Of Estate Duty, Madras vs Parvathi Ammal on 11 November, 1974",2.4e-05,0,5
281123,"Daya Singh (Dead) Through L.Rs. & Anr vs Dhan Kaur on 5 March, 1974",2.4e-05,0,11
1354608,"Harihar Prasad Singh And Ors vs Balmiki Prasad Singh And Ors on 10 December, 1974",2.4e-05,0,12
1260147,"Mahant Dharam Das Etc. Etc vs The State Of Punjab And Ors on 14 January, 1974",2.4e-05,0,8
349715,"Prem Raj vs Ram Charan on 4 March, 1974",2.4e-05,0,26
1760957,"Purxomoma Ramanata Quenin vs Makan Kalyan Tandel & Ors on 9 January, 1974",2.4e-05,0,5
1116650,"Raja Bahadur Motilal Bombay Mills ... vs M/S. Govind Ram Brothers (P) Ltd., ... on 12 March, 1974",2.4e-05,0,5
265262,"State Of Punjab (Now Haryana) And, Ors vs Amar Singh And Another on 21 January, 1974",2.4e-05,0,17
436026,"Dharam Pal & Ors vs The State Of U.P on 1 September, 1975",2.4e-05,0,6
913722,"Godavari Sugar Mills Ltd. And Ors vs S. B. Kamble And Ors on 7 March, 1975",2.4e-05,0,10
123698,"Thakur Prasad Sao Etc vs The Member, Board Of Revenue & Ors on 18 December, 1975",2.4e-05,0,5
843319,"Dhaneshwarbuwa Guru Purshottambuwa ... vs The Charity Commissioner, State Of ... on 1 March, 1976",2.4e-05,0,6
1475334,"Gurdit Singh And Ors. Etc vs Munsha Singh And Ors. Etc on 29 November, 1976",2.4e-05,0,7
1896732,"C.G. Ghanshamdas & Ors vs Collector Of Madras on 12 September, 1986",2.4e-05,0,7
1379469,"C.I.T. Bombay City vs Bombay Burmah Trading Corporation, ... on 16 July, 1986",2.4e-05,0,6
853159,"Commissioner Of Income-Tax,West ... vs Hindustan Housing & Land ... on 29 July, 1986",2.4e-05,0,5
167519,"General Radio & Appliances Co. Ltd. & Ors vs M.A. Khader (Dead) By Lrs on 17 April, 1986",2.4e-05,0,5
1030864,"Surinder Singh vs Central Government & Ors on 26 September, 1986",2.4e-05,0,6
184238590,"Umaji Keshao Meshram And Ors. vs Radhikabai, Widow Of Anandrao ... on 14 March, 1986",2.4e-05,0,27
265322,"Bal Niketan Nursery School vs Kesari Prasad on 15 July, 1987",2.4e-05,0,4
81682,"Capt. (Now Major) Ashok Kshyap vs Mrs. Sudha Vasisht & Anr on 4 February, 1987",2.4e-05,0,4
529151,"D.K. Soni vs P.K. Mukerjee And Ors on 27 October, 1987",2.4e-05,0,6
830683,"Haji T.M. Hassan Rawther vs Kerala Financial Corporation on 17 November, 1987",2.4e-05,0,9
1800034,"Pratapsinhji N. Desai vs Deputy Charity Commissioner, Gujarat & ... on 11 August, 1987",2.4e-05,0,10
1636196,"Richpal Singh And Others Etc vs Dalip on 9 September, 1987",2.4e-05,0,9
224201,"Smt. Shakuntala S. Tiwari vs Hem Chand M. Singhania on 6 May, 1987",2.4e-05,0,12
1509618,"State Of Gujarat And Ors. Etc vs Parshottamdas Ramdas Patel & Ors on 12 November, 1987",2.4e-05,0,5
617692,"Venkatlal G. Pittie & Anr vs Bright Bros. (Pvt.) Ltd on 21 July, 1987",2.4e-05,0,7
398258,"Jawaharlal Wadhwa And Another vs Haripada Chakroberty on 14 October, 1988",2.4e-05,0,5
570358,"Jetha Bai & Sons, Jew Town, Cochin, Etc. ... vs Sunderdas Rathenai, Etc. Etc on 4 February, 1988",2.4e-05,0,6
1611356,"Krishi Utpadan Mandi Samiti, ... vs Ratan Prakash Mangal & Ors., Etc on 6 May, 1988",2.4e-05,0,8
1946601,"Smt. Rajbir Kaur & Anr vs S. Chokesiri & Co on 9 August, 1988",2.4e-05,0,9
1740382,"State Of Punjab vs Raj Kumar on 11 February, 1988",2.4e-05,0,10
1128683,"Arjun Khiamal Makhijani Etc vs Jamnadas C. Tuliani & Ors. Etc on 5 October, 1989",2.4e-05,0,10
573026,"Gopal Saran vs Satyanarayana on 20 February, 1989",2.4e-05,0,8
1781361,"Johri Singh vs Sukh Pal Singh & Ors on 4 September, 1989",2.4e-05,0,8
1268492,"Maganlal Etc vs Jaiswal Industries Neemach & Ors on 7 August, 1989",2.4e-05,0,13
1667279,"Pandurang Ramchandra Mandlik (Since ... vs Smt. Shantabai Ramchandra Ghatge And ... on 12 September, 1989",2.4e-05,0,15
1013087,"Smt. Chandrakantaben Etc vs Vadilal Bapalal Modi & Others on 30 March, 1989",2.4e-05,0,5
378921,"State Of Tamil Nadu vs Shakti Estates & Anr on 1 February, 1989",2.4e-05,0,5
747330,"State Of Uttar Pradesh & Ors vs Radhey Shyam Nigam & Ors. Etc. Etc on 11 January, 1989",2.4e-05,0,5
72954,"Vij Resins Pvt. Ltd. & Anr. Etc vs State Of Jammu & Kashmir & Ors on 12 May, 1989",2.4e-05,0,8
453977,"Ashoka Marketing Ltd. And Anr. Etc. Etc vs Punjab National Bank And Ors. Etc. Etc on 7 August, 1990",2.4e-05,0,19
978541,"Life Insurance Corporation Of India vs India Automobiles And Co. And Ors on 1 August, 1990",2.4e-05,0,17
861691,"Sanwarmal Kejriwal vs Vishwa Cooperative Housing Society ... on 8 March, 1990",2.4e-05,0,11
517737,"Vasantkumar Radhakisan Vora vs Board Of Trustees Of The Port Of Bombay on 21 August, 1990",2.4e-05,0,9
581955,"Dattatraya @ Prakash And Ors vs Krishna Rao @ Lala Saheb Baxi Through ... on 20 August, 1991",2.4e-05,0,13
1144022,"East India Hotels Ltd. vs Syndicate Bank on 12 September, 1991",2.4e-05,0,18
1362442,"Desh Bandhu Gupta vs N.L.Anand & Rajinder Singh on 17 September, 1993",2.4e-05,0,11
1752395,"Gauri Shankar vs State Of U.P on 12 August, 1993",2.4e-05,0,27
168653623,"His Highness Maharaja Pratap Singh vs Her Highness Maharani Sarojini Devi And ... on 17 August, 1993",2.4e-05,0,9
583554,"Pratap Singh vs Sarojini Devi on 17 August, 1993",2.4e-05,0,12
863497,"Shiv Kumar Chadha Etc. Etc vs Municipal Corporation Of Delhi And Ors on 4 May, 1993",2.4e-05,0,15
1806862,"Babua Ram And Ors vs State Of U.P. And Anr on 4 October, 1994",2.4e-05,0,18
1453495,"Bijendra Nath Srivastava vs Mayank Srivastava on 10 August, 1994",2.4e-05,0,12
52822922,"Dr M. Ismail Frauqui And Ors. vs Union Of India (Uoi) And Ors. on 24 October, 1994",2.4e-05,0,13
1308614,"Goodricke Group Ltd. And Ors vs State Of W.B. And Ors on 25 November, 1994",2.4e-05,0,24
1622720,"Gumpha vs Jaibai on 11 February, 1994",2.4e-05,0,10
1053338,"M/S. Neyvely Lignite Corpn. Ltd vs Special Tahsildar(Land Acquisition) ... on 19 October, 1994",2.4e-05,0,9
63794871,"Shankar @ Gauri Shankar And Ors. vs State Of Tamil Nadu on 4 April, 1994",2.4e-05,0,15
1593993,"Shankar vs State Of T.N on 4 April, 1994",2.4e-05,0,20
1426371,"Bhoop Singh vs Ram Singh Major & Ors on 11 September, 1995",2.4e-05,0,12
301671,"Commissioner Of Income Tax, Kanpur vs Kamla Town Trust on 16 November, 1995",2.4e-05,0,17
1685004,"Karnal Improvement Trust, Karnal vs Smt. Parkash Wanti (Dead) And Anr on 9 May, 1995",2.4e-05,0,9
1651733,"Itc Bhadrachalam Paperborads & Anr vs Mandal Revenue Officer, Andhrapradesh ... on 9 September, 1996",2.4e-05,0,18
1367950,"New Delhi Municipal Committee vs State Of Punjab Etc. Etc on 19 December, 1996",2.4e-05,0,9
50919315,"New Delhi Municipal Corporation Etc vs State Of Punjab Etc.Etc on 19 December, 1996",2.4e-05,0,18
1987491,"P.Kannadasan Etc. Etc vs State Of Tamil Nadu & Ors. Etc. Etc on 26 July, 1996",2.4e-05,0,14
529036,"Sk.Sattar Sk.Mohd.Choudhari vs Gundappa Amabadas Bukate on 11 October, 1996",2.4e-05,0,15
1865791,"State Bank Of Patiala & Ors vs S.K.Sharma on 27 March, 1996",2.4e-05,0,16
1946315,"The Officer On Special Duty(Land ... vs Shah Manilal Chandulal Etc on 9 February, 1996",2.4e-05,0,9
1835110,"The State Of Tamil Nadu vs M/S. Arooran Sugars Ltd on 31 October, 1996",2.4e-05,0,21
1615335,"Associated Stone Industries (Kotah) ... vs Commissioner Of Income Tax, Rajasthan on 5 February, 1997",2.4e-05,0,17
149988148,"Bhuri Nath And Ors. vs State Of J&K And Ors. on 10 January, 1997",2.4e-05,0,16
518414,"Commissioner Of Income-Tax Bombay Etc vs Podar Cement Pvt. Ltd. Etc on 27 May, 1997",2.4e-05,0,20
1664373,"Raptakos Brett And Co. Ltd vs Ganesh Property on 8 September, 1998",2.4e-05,0,15
996616,"E.I.D. Parry (I) Ltd vs Asst. Commr. Of Commercial Taxes And Anr on 17 December, 1999",2.4e-05,0,19
1332419,"Vidhyadhar vs Manikrao & Anr. on 17 March, 1999",2.4e-05,0,14
1796405,"Abdul Wahab Ansari vs State Of Bihar & Anr on 17 October, 2000",2.4e-05,0,4
151141,"Ambika Prasad And Another vs State (Delhi Administration, Delhi) on 21 January, 2000",2.4e-05,0,5
830805,"Anthony vs Kc Ittoop And Sons And Others on 21 July, 2000",2.4e-05,0,4
501542,"Delhi Administration vs Gurdip Singh Uban And Ors. Etc on 18 August, 2000",2.4e-05,0,8
240013,"Gautam Paul vs Debi Rani Paul And Ors on 17 October, 2000",2.4e-05,0,4
928028,"Gura Singh vs The State Of Rajasthan on 6 December, 2000",2.4e-05,0,15
394979,"M. Arul Jothi & Anr. vs Lajja Bal (Deceased) & Anr. on 29 February, 2000",2.4e-05,0,4
462163,"Netai Bag & Ors vs The State Of West Bengal & Ors on 27 September, 2000",2.4e-05,0,7
1478973,"Shriomani Gurudwara Prabandhak ... vs Shri Som Nath Dass & Ors on 29 March, 2000",2.4e-05,0,7
166442,"State Govt. Houseless Harijan ... vs State Of Karnataka & Ors on 11 December, 2000",2.4e-05,0,13
1279953,"Surjit Kaur vs Naurata Singh & Anr on 13 September, 2000",2.4e-05,0,5
935705,"The Commissioner Of Income-Tax, West ... vs United Provinces Electric Supply ... on 17 April, 2000",2.4e-05,0,9
1067714,"U.P. State Sugar Corporation Ltd vs Dy. Director Of Consolidation & Ors. on 7 February, 2000",2.4e-05,0,5
755721,"Vannattankandy Ibrayi vs Kunhabdulla Hajee on 13 December, 2000",2.4e-05,0,9
1224932,"Ghulam Qadir vs Special Tribunal & Ors on 3 October, 2001",2.4e-05,0,10
1858757,"Her Highness Maharani Shantidevi P. ... vs Savjibhai Haribhai Patel & Ors on 21 March, 2001",2.4e-05,0,10
840688,"Kewal Chand Mimani (D) By Lrs vs S.K. Sem And Ors on 23 July, 2001",2.4e-05,0,7
1833459,"M/S. Estralla Rubber vs Dass Estate (Private) Ltd on 12 September, 2001",2.4e-05,0,5
552423,"N. Kamalam (Dead) And Anr vs Ayyasamy & Anr on 3 August, 2001",2.4e-05,0,13
433507,"Prakash Dhawal Khairnar (Patil) vs State Of Maharastra on 12 December, 2001",2.4e-05,0,7
1529365,"Rajender Singh vs Ramdhar Singh And Ors on 11 May, 2001",2.4e-05,0,6
1661153,"Ramji Singh & Anr vs State Of Bihar on 12 October, 2001",2.4e-05,0,8
246132,"Sri Mohan Wahi vs Commissioner, Income-Tax, Varanasi & ... on 30 March, 2001",2.4e-05,0,11
406616,"State Of Maharashtra vs Bharat Chaganlal Raghani & Ors on 11 July, 2001",2.4e-05,0,7
1433451,"The Dental Council Of India vs Subharti K.K.B. Charitable Trust & Anr on 25 April, 2001",2.4e-05,0,8
1792834,"Kamala & Ors vs K.T. Eshwara Sa & Ors on 29 April, 2008",2.4e-05,0,8
389917,"Karnataka State Financial Corporation vs N. Narasimahaiah & Ors on 13 March, 2008",2.4e-05,0,16
1125536,"Mumtaz Yunus Mulani vs State Of Maharashtra & Ors on 14 March, 2008",2.4e-05,0,6
1803980,"Narendra Gopal Vidyarthi vs Rajat Vidyarthi on 2 December, 2008",2.4e-05,0,12
1471225,"Pundlik Jalam Patil (D) By Lrs vs Exe.Eng. Jalgaon Medium Project & Anr on 3 November, 2008",2.4e-05,0,6
256224,"Ranganayakamma & Anr vs K.S. Prakash (D) By Lrs. & Ors on 16 May, 2008",2.4e-05,0,23
1703207,"Satyawati Sharma (Dead) By Lrs vs Union Of India & Another on 16 April, 2008",2.4e-05,0,31
1331963,"Shamahad Ahmad & Ors vs Tilak Raj Bajaj (D) By Lrs. & Ors on 11 September, 2008",2.4e-05,0,6
1491184,"Tamil Nadu Housing Board & Ors vs Sea Shore Apartments Owners Welfare ... on 9 January, 2008",2.4e-05,0,5
1705231,"Tanusree Basu & Ors vs Ishani Prasad Basu & Ors on 5 March, 2008",2.4e-05,0,9
14125,"Thiruvengada Pillai vs Navaneethammal & Anr on 19 February, 2008",2.4e-05,0,5
860342,"Vidyabai & Ors vs Padmalatha & Anr on 12 December, 2008",2.4e-05,0,7
192605638,"Banatwala & Company vs L.I.C.Of India & Anr on 19 August, 2010",2.4e-05,0,24
479268,"Madan Mohan Singh & Ors vs Rajni Kant & Anr on 13 August, 2010",2.4e-05,0,23
1350793,"Manohar Lal (D) By Lrs vs Ugrasen (D) By Lrs. & Ors on 3 June, 2010",2.4e-05,0,27
1668065,"Shalini Shyam Shetty & Anr vs Rajendra Shankar Patil on 23 July, 2010",2.4e-05,0,30
617176,"Sunder Singh vs State Of Uttaranchal on 16 September, 2010",2.4e-05,0,24
622480,,2.4e-05,2,0
1082846,"M/S Msk Projects (I)(Jv) Ltd vs State Of Rajasthan & Anr on 21 July, 2011",2.4e-05,0,27
166329624,"Amit Kapoor vs Ramesh Chander & Anr on 13 September, 2012",2.4e-05,0,25
3304039,"Manharibhai Muljibhai Kakadia & Anr vs Shaileshbhai Mohanbhai Patel & Ors on 1 October, 2012",2.4e-05,0,23
57069428,"Mano Dutt & Anr vs State Of U.P on 29 February, 2012",2.4e-05,0,22
53756698,"Shyamal Ghosh vs State Of West Bengal on 11 July, 2012",2.4e-05,0,24
61939581,"Union Of India vs Ibrahim Uddin & Anr on 17 July, 2012",2.4e-05,0,66
182415069,"Arun Bhandari vs State Of U.P.& Ors on 10 January, 2013",2.4e-05,0,22
81270820,"Himmat Singh And Ors vs State Of M.P. And Anr on 29 November, 2013",2.4e-05,0,28
68011257,"Joginder Singh vs State Of Haryana on 24 October, 2013",2.4e-05,0,22
111373359,"Rajasthan State I.D.I.Corpn. Ltd. & Anr vs Diamond & Gem Dev. Corpn. Ltd. & Anr on 12 February, 2013",2.4e-05,0,23
83295596,"Ramji Gupta & Anr vs Gopi Krishan Agrawal (D) & Ors on 11 April, 2013",2.4e-05,0,31
41748785,"Ravinder Singh vs Sukhbir Singh & Ors on 11 January, 2013",2.4e-05,0,27
31895821,"Chandigarh Administration & Anr vs Jasmine Kaur & Ors on 1 September, 2014",2.4e-05,0,22
196164116,"Dr. Subramanian Swamy vs State Of Tamil Nadu & Ors on 6 December, 2014",2.4e-05,0,35
76417350,"State Of Nct Of Delhi vs Sanjay on 4 September, 2014",2.4e-05,0,23
85389729,"Sumer Singh vs Surajbhan Singh & Ors on 22 April, 2014",2.4e-05,0,24
159281458,Rajasthan Housing Board vs New Pink City Nirman Sahka.Sam.Ld.& Anr,2.4e-05,0,31
168057026,Kedar Nath Yadav vs State Of West Bengal & Ors,2.4e-05,0,92
191215727,M/S Anita International vs Tungabadra Sugar Works Maz.Sangh & Ors,2.4e-05,0,36
50527052,State Of Rajasthan And Ors vs Gotan Lime Stone Khanij Udyog And Anr,2.4e-05,0,22
31538746,Himachal Pradesh Cricket Association vs The State Of Himachal Pradesh,2.4e-05,0,26
157067218,Lic vs Nandini J. Shah .,2.4e-05,0,45
25681951,Satluj Jal Vidyut Nigam Ltd. vs Raj Kumar Rajinder Singh(D)Thru Lrs,2.4e-05,0,28
116024620,Union Of India vs Moolchand Khairati Ram Trust,2.4e-05,0,28
36423291,Rojer Mathew vs South Indian Bank Ltd And Ors Chief ...,2.4e-05,0,58
40305755,"The Authorized Officer,Indian Bank vs D. Visalakshi",2.4e-05,0,53
19097861,Director General (Road Development) ... vs Aam Aadmi Lokmanch .,2.4e-05,0,24
168564255,Kavita Kanwar vs Mrs. Pamela Mehta,2.4e-05,0,32
99337348,Raj Pal Singh vs Commissioner Of Income Tax Haryana,2.4e-05,0,22
96039159,V. Kalyanaswamy (D) By Lrs. vs L. Bakthavatsalam (D) Thr. Lrs. .,2.4e-05,0,63
121987320,Vidya Drolia vs Durga Trading Corporation,2.4e-05,0,56
67965481,Vineeta Sharma vs Rakesh Sharma,2.4e-05,0,90
7835951,"G. Mohan Rao vs The State Of Tamil Nadu on 29 June, 2021",2.4e-05,0,26
173843611,"Neena Aneja vs Jai Prakash Associates Ltd. on 16 March, 2021",2.4e-05,0,35
141468481,"Abid-Ul-Islam vs Inder Sain Dua on 7 April, 2022",2.4e-05,0,23
141904436,"G.T. Girish vs Y Subba Raju (D) By Lrs on 18 January, 2022",2.4e-05,0,23
54860909,"Kotak Mahindra Bank Ltd. vs A. Balakrishnan on 30 May, 2022",2.4e-05,0,27
125036411,"M.P. Power Management Company Limited vs M/S Sky Power Southeast Solar India ... on 16 November, 2022",2.4e-05,0,40
140312526,"New Okhla Industrial Development ... vs Yunus on 3 February, 2022",2.4e-05,0,29
85317640,"Prabha Tyagi vs Kamlesh Devi on 12 May, 2022",2.4e-05,0,27
147756011,"State Of A.P. vs A.P.State Wakf Board . on 7 February, 2022",2.4e-05,0,65
182057593,"The State Of Haryana Through Secretary ... vs Jai Singh And Ors.Etc. Etc. on 7 April, 2022",2.4e-05,0,40
42885821,"Assocn. Of Vasanth Appts. Owners vs V. Gopinanth And Ors. on 13 February, 2023",2.4e-05,0,57
39892480,"Balwantbhai Somabhai Bhandari vs Hiralal Somabhai Contractor ... on 6 September, 2023",2.4e-05,0,39
140008397,"Ganesh Prasad vs Rajeshwar Prasad on 14 March, 2023",2.4e-05,0,24
59843273,"Govt. Of Kerala vs Joseph on 9 August, 2023",2.4e-05,0,26
173934539,"M/S Suneja Towers Private Limited vs Anita Merchant on 18 April, 2023",2.4e-05,0,22
5808278,"Paschimanchal Vidyut Vitran Nigam Ltd. vs Raman Ispat Private Limited on 17 July, 2023",2.4e-05,0,22
45932283,"Prasanta Kumar Sahoo vs Charulata Sahu . on 29 March, 2023",2.4e-05,0,23
156667327,"Ravasaheb @ Ravasahebagouda vs The State Of Karnataka on 16 March, 2023",2.4e-05,0,28
165428571,"Sri Gulam Mustafa vs The State Of Karnataka on 10 May, 2023",2.4e-05,0,24
50472982,"State Of Orissa vs Laxmi Narayan Das .(Dead) Thr. Lrs. on 12 July, 2023",2.4e-05,0,30
20820063,"Army Welfare Education Society New ... vs Sunil Kumar Sharma on 9 July, 2024",2.4e-05,0,34
128833671,"Celir Llp vs Mr. Sumati Prasad Bafna on 13 December, 2024",2.4e-05,0,39
170545247,"Chief Commissioner Of Central Goods And ... vs M/S Safari Retreats Private Limited on 3 October, 2024",2.4e-05,0,35
24167527,"Joginder Singh (Dead) Thr. Lrs vs Dr. Virinderjit Singh Gill (Dead) Thr. ... on 17 October, 2024",2.4e-05,0,27
11565482,"Kolkata Municipal Corporation vs Bimal Kumar Shah on 16 May, 2024",2.4e-05,0,38
159675077,"Mukund Bhavan Trust vs Shrimant Chhatrapati Udayan Raje ... on 20 December, 2024",2.4e-05,0,22
159695469,"New Okhla Industrial Development ... vs Darshan Lal Bohra on 10 July, 2024",2.4e-05,0,29
64157726,"Rinku Baheti vs Sandesh Sharda on 19 December, 2024",2.4e-05,0,22
93432083,"S Tirupathi Rao vs M Lingamaiah on 22 July, 2024",2.4e-05,0,23
6300708,"The Authorised Officer Central Bank Of ... vs Shanmugavelu on 2 February, 2024",2.4e-05,0,31
157051080,"The State Of Himachal Pradesh vs Yogendra Mohan Sengupta on 11 January, 2024",2.4e-05,0,58
94522888,"The State Of Telangana vs Mohd. Abdul Qasim (Died) Per Lrs. on 18 April, 2024",2.4e-05,0,24
166046346,"V.S. Palanivel vs P. Shriram Cs Liquidator on 28 August, 2024",2.4e-05,0,24
99751019,"Bernard Francis Joseph Vaz vs Government Of Karnataka on 2 January, 2025",2.4e-05,0,24
119367069,"Central Bank Of India vs Smt. Prabha Jain on 9 January, 2025",2.4e-05,0,24
137854586,"Cuddalore Powergen Corporation Ltd vs M/S Chemplast Cuddalore Vinyls Limited ... on 15 January, 2025",2.4e-05,0,22
117249167,"Independent Sugar Corporation Limited vs Girish Sriram Juneja on 29 January, 2025",2.4e-05,0,47
177746361,"M/S A.P. Electrical Equipment ... vs The Tahsildar on 27 February, 2025",2.4e-05,0,41
66273855,"N.P. Saseendran vs N.P. Ponnamma on 24 March, 2025",2.4e-05,0,29
187867095,"The Municipal Corporation Of Greater ... vs Century Textiles And Industries ... on 7 January, 2025",2.4e-05,0,25
117290714,"Vellore Dist.Environment ... vs The District Collector Vellore ... on 30 January, 2025",2.4e-05,0,23
184866874,"Yerikala Sunkalamma vs The State Of Andhra Pradesh And Ors. ... on 24 March, 2025",2.4e-05,0,39
20367,,2.4e-05,2,0
885236,,2.4e-05,2,0
139299795,,2.4e-05,2,0
1701224,"Shyam Sunder And Others vs Ram Kumar And Another on 30 July, 2001",2.4e-05,1,18
504033,,2.4e-05,1,0
1006731,,2.4e-05,1,0
703393,,2.4e-05,2,0
110552,,2.4e-05,1,0
1029152,,2.4e-05,1,0
76833139,,2.4e-05,1,0
1758160,,2.4e-05,2,0
745737,,2.4e-05,1,0
127982,,2.4e-05,1,0
1970592,,2.4e-05,1,0
940100,,2.4e-05,2,0
99642278,,2.4e-05,2,0
102943138,,2.4e-05,1,0
189304684,,2.4e-05,1,0
1703259,,2.4e-05,2,0
1087872,,2.3e-05,1,0
1435011,,2.3e-05,1,0
344239,,2.3e-05,1,0
177237522,,2.3e-05,1,0
1300023,,2.3e-05,1,0
5523291,,2.3e-05,1,0
1336616,,2.3e-05,1,0
1887300,,2.3e-05,1,0
98360574,,2.3e-05,1,0
835829,,2.3e-05,2,0
147142,,2.3e-05,3,0
112216125,,2.3e-05,1,0
30893632,,2.3e-05,1,0
752418,,2.3e-05,1,0
1969672,,2.3e-05,1,0
1447362,,2.3e-05,1,0
103932958,,2.3e-05,2,0
146895817,,2.3e-05,1,0
137967096,,2.3e-05,1,0
136710490,,2.3e-05,2,0
743328,,2.3e-05,1,0
1652863,,2.3e-05,1,0
860204,,2.3e-05,1,0
903045,,2.3e-05,1,0
1966601,,2.3e-05,1,0
47976,,2.3e-05,1,0
816456,,2.3e-05,1,0
1707158,,2.3e-05,2,0
1866757,,2.3e-05,1,0
800089,,2.3e-05,1,0
115852355,,2.3e-05,3,0
855255,,2.3e-05,1,0
38179354,,2.3e-05,2,0
1501218,,2.3e-05,1,0
1362718,,2.3e-05,1,0
740675,,2.3e-05,1,0
441621,,2.3e-05,1,0
1046756,,2.3e-05,1,0
1426884,,2.3e-05,1,0
58824073,,2.3e-05,1,0
19235057,,2.3e-05,1,0
160724045,,2.3e-05,1,0
45758819,,2.3e-05,1,0
1593210,,2.3e-05,1,0
1122405,,2.3e-05,3,0
1916182,,2.3e-05,1,0
122046,,2.3e-05,1,0
62052655,,2.3e-05,1,0
663097,,2.3e-05,2,0
626580,,2.3e-05,1,0
1462311,,2.3e-05,1,0
1100478,,2.3e-05,1,0
604676,,2.3e-05,1,0
84347624,,2.3e-05,1,0
64177756,,2.3e-05,1,0
161893868,,2.3e-05,1,0
24507027,,2.3e-05,1,0
1535971,,2.3e-05,1,0
482554,,2.3e-05,1,0
1922713,,2.3e-05,1,0
1624329,,2.3e-05,1,0
29819920,,2.3e-05,1,0
162662938,,2.3e-05,1,0
192196313,,2.3e-05,1,0
291475,,2.3e-05,2,0
1788830,,2.2e-05,3,0
547339,,2.2e-05,1,0
927809,,2.2e-05,1,0
562943,,2.2e-05,1,0
205543,,2.2e-05,1,0
1571780,,2.2e-05,1,0
1249910,,2.2e-05,1,0
749617,,2.2e-05,1,0
1591733,,2.2e-05,1,0
484719,,2.2e-05,1,0
846058,,2.2e-05,2,0
371078,,2.2e-05,1,0
667385,,2.2e-05,1,0
736329,,2.2e-05,4,0
587260,,2.2e-05,2,0
99411,,2.1e-05,1,0
1257644,,2.1e-05,1,0
719962,,2.1e-05,1,0
644868,,2.1e-05,1,0
1514028,,2.1e-05,1,0
379791,,2.1e-05,1,0
1427778,,2.1e-05,1,0
1127283,,2.1e-05,1,0
1925073,,2.1e-05,1,0
318782,,2.1e-05,1,0
1663888,,2.1e-05,2,0
1357135,,2e-05,1,0
1932866,,2e-05,1,0
1315932,,2e-05,1,0
245101,,2e-05,1,0
1383115,,2e-05,1,0
842028,,2e-05,1,0
846892,,2e-05,1,0
910352,,2e-05,1,0
1264494,,2e-05,1,0
461032,,1.9e-05,1,0
970959,,1.9e-05,1,0
882411,"Bhubaneshwar Prasad Narain Singh & Ors vs Sidheswar Mukherjee & Ors on 2 February, 1971",1.9e-05,1,4
1233468,,1.9e-05,1,0
8137,,1.9e-05,1,0
1225068,,1.9e-05,1,0
429613,,1.9e-05,1,0
728209,,1.9e-05,1,0
333151,,1.8e-05,1,0
147371,,1.8e-05,1,0
