filename,year,decade,doc_id,drive_path,indiankanoon_url,case_citation_count
The_Commissioner_Of_Income_Tax_West_vs_Raja_Benoy_Kumar_Sahas_Roy_on_23_May_1957_1.PDF,1957,1950,858834,/content/drive/MyDrive/Indian Dataset/supreme_court_judgments/1957/The_Commissioner_Of_Income_Tax_West_vs_Raja_Benoy_Kumar_Sahas_Roy_on_23_May_1957_1.PDF,http://indiankanoon.org/doc/858834/,29
S_M_Jakati_Another_vs_S_M_Borkar_Others_on_24_September_1958_1.PDF,1958,1950,981621,/content/drive/MyDrive/Indian Dataset/supreme_court_judgments/1958/S_M_Jakati_Another_vs_S_M_Borkar_Others_on_24_September_1958_1.PDF,http://indiankanoon.org/doc/981621/,14
Namdeo_Lokman_Lodhi_vs_Narmadabai_And_Others_on_27_February_1953_1.PDF,1953,1950,236012,/content/drive/MyDrive/Indian Dataset/supreme_court_judgments/1953/Namdeo_Lokman_Lodhi_vs_Narmadabai_And_Others_on_27_February_1953_1.PDF,http://indiankanoon.org/doc/236012/,12
Nagendra_Nath_Bora_Another_vs_The_Commissioner_Of_Hills_Divisionand_on_7_February_1958_1.PDF,1958,1950,568069,/content/drive/MyDrive/Indian Dataset/supreme_court_judgments/1958/Nagendra_Nath_Bora_Another_vs_The_Commissioner_Of_Hills_Divisionand_on_7_February_1958_1.PDF,http://indiankanoon.org/doc/568069/,11
Shrinivas_Krishnarao_Kango_vs_Narayan_Devji_Kango_And_Others_on_23_March_1954_1.PDF,1954,1950,1089401,/content/drive/MyDrive/Indian Dataset/supreme_court_judgments/1954/Shrinivas_Krishnarao_Kango_vs_Narayan_Devji_Kango_And_Others_on_23_March_1954_1.PDF,http://indiankanoon.org/doc/1089401/,10
The_Member_For_The_Board_Of_Agricultural_vs_Smt_Sindhurani_Chaudhurani_With_on_24_April_1957_1.PDF,1957,1950,1713186,/content/drive/MyDrive/Indian Dataset/supreme_court_judgments/1957/The_Member_For_The_Board_Of_Agricultural_vs_Smt_Sindhurani_Chaudhurani_With_on_24_April_1957_1.PDF,http://indiankanoon.org/doc/1713186/,10
Province_Of_Bombay_vs_Kusaldas_S_Advani_And_Others_on_15_September_1950_1.PDF,1950,1950,1954356,/content/drive/MyDrive/Indian Dataset/supreme_court_judgments/1950/Province_Of_Bombay_vs_Kusaldas_S_Advani_And_Others_on_15_September_1950_1.PDF,http://indiankanoon.org/doc/1954356/,9
The_State_Of_Bihar_vs_Maharajadhiraja_Sir_Kameshwar_Singh_Of_on_2_May_1952_1.PDF,1952,1950,49043,/content/drive/MyDrive/Indian Dataset/supreme_court_judgments/1952/The_State_Of_Bihar_vs_Maharajadhiraja_Sir_Kameshwar_Singh_Of_on_2_May_1952_1.PDF,http://indiankanoon.org/doc/49043/,9
Maharajadhiraj_Sir_Kameshwar_Singh_vs_The_State_Of_Bihar_on_15_May_1959_1.PDF,1959,1950,219225,/content/drive/MyDrive/Indian Dataset/supreme_court_judgments/1959/Maharajadhiraj_Sir_Kameshwar_Singh_vs_The_State_Of_Bihar_on_15_May_1959_1.PDF,http://indiankanoon.org/doc/219225/,9
Kumar_Pashupatinath_Malia_Another_vs_Deba_Prosanna_Mukherjee_on_4_May_1951_1.PDF,1951,1950,330852,/content/drive/MyDrive/Indian Dataset/supreme_court_judgments/1951/Kumar_Pashupatinath_Malia_Another_vs_Deba_Prosanna_Mukherjee_on_4_May_1951_1.PDF,http://indiankanoon.org/doc/330852/,8
The_State_Of_Bihar_vs_Maharajadhiraja_Sir_Kameshwar_Singhof_on_27_May_1952_1.PDF,1952,1950,41868,/content/drive/MyDrive/Indian Dataset/supreme_court_judgments/1952/The_State_Of_Bihar_vs_Maharajadhiraja_Sir_Kameshwar_Singhof_on_27_May_1952_1.PDF,http://indiankanoon.org/doc/41868/,8
Natvarlal_Punjabhai_And_Another_vs_Dadubhai_Manubhai_And_Others_on_18_November_1953_1.PDF,1953,1950,1786669,/content/drive/MyDrive/Indian Dataset/supreme_court_judgments/1953/Natvarlal_Punjabhai_And_Another_vs_Dadubhai_Manubhai_And_Others_on_18_November_1953_1.PDF,http://indiankanoon.org/doc/1786669/,8
Harihar_Prasad_Singh_And_Another_vs_Must_Of_Munshi_Nath_Prasadand_Others_on_16_January_1956_1.PDF,1956,1950,1606165,/content/drive/MyDrive/Indian Dataset/supreme_court_judgments/1956/Harihar_Prasad_Singh_And_Another_vs_Must_Of_Munshi_Nath_Prasadand_Others_on_16_January_1956_1.PDF,http://indiankanoon.org/doc/1606165/,8
The_State_Of_Bihar_Others_vs_Sm_Charusila_Dasi_on_15_April_1959_1.PDF,1959,1950,634206,/content/drive/MyDrive/Indian Dataset/supreme_court_judgments/1959/The_State_Of_Bihar_Others_vs_Sm_Charusila_Dasi_on_15_April_1959_1.PDF,http://indiankanoon.org/doc/634206/,8
In_The_Supreme_Court_Of_India_vs_Kadar_Unnisa_Begum_And_Others_on_12_October_1950_1.PDF,1950,1950,76789,/content/drive/MyDrive/Indian Dataset/supreme_court_judgments/1950/In_The_Supreme_Court_Of_India_vs_Kadar_Unnisa_Begum_And_Others_on_12_October_1950_1.PDF,http://indiankanoon.org/doc/76789/,7
The_State_Of_West_Bengal_vs_Subodh_Gopal_Bose_And_Others_on_17_December_1953_1.PDF,1953,1950,973363,/content/drive/MyDrive/Indian Dataset/supreme_court_judgments/1953/The_State_Of_West_Bengal_vs_Subodh_Gopal_Bose_And_Others_on_17_December_1953_1.PDF,http://indiankanoon.org/doc/973363/,7
Ct_A_Ct_Nachiappa_Chettiar_And_Others_vs_Ct_A_Ct_Subramaniam_Chettiar_on_13_November_1959_1.PDF,1959,1950,1778243,/content/drive/MyDrive/Indian Dataset/supreme_court_judgments/1959/Ct_A_Ct_Nachiappa_Chettiar_And_Others_vs_Ct_A_Ct_Subramaniam_Chettiar_on_13_November_1959_1.PDF,http://indiankanoon.org/doc/1778243/,7
Narayan_Bhagwantrao_Gosavibalajiwale_vs_Gopal_Vinayak_Gosavi_And_Others_on_22_September_1959_1.PDF,1959,1950,776356,/content/drive/MyDrive/Indian Dataset/supreme_court_judgments/1959/Narayan_Bhagwantrao_Gosavibalajiwale_vs_Gopal_Vinayak_Gosavi_And_Others_on_22_September_1959_1.PDF,http://indiankanoon.org/doc/776356/,7
Dhiyan_Singh_And_Another_vs_Jugal_Kishore_And_Another_on_22_February_1950_1.PDF,1950,1950,378583,/content/drive/MyDrive/Indian Dataset/supreme_court_judgments/1950/Dhiyan_Singh_And_Another_vs_Jugal_Kishore_And_Another_on_22_February_1950_1.PDF,http://indiankanoon.org/doc/378583/,6
Dhiyan_Singh_And_Anr_vs_Jugal_Kishore_And_Anr_on_22_February_1952_1.PDF,1952,1950,1156375,/content/drive/MyDrive/Indian Dataset/supreme_court_judgments/1952/Dhiyan_Singh_And_Anr_vs_Jugal_Kishore_And_Anr_on_22_February_1952_1.PDF,http://indiankanoon.org/doc/1156375/,6
Mohanlal_Goenka_vs_Benoy_Krishna_Mukherjeeand_Others_on_9_December_1952_1.PDF,1952,1950,835938,/content/drive/MyDrive/Indian Dataset/supreme_court_judgments/1952/Mohanlal_Goenka_vs_Benoy_Krishna_Mukherjeeand_Others_on_9_December_1952_1.PDF,http://indiankanoon.org/doc/835938/,6
Saraswathi_Ammal_And_Another_vs_Rajagopal_Ammal_on_20_October_1953_1.PDF,1953,1950,1305829,/content/drive/MyDrive/Indian Dataset/supreme_court_judgments/1953/Saraswathi_Ammal_And_Another_vs_Rajagopal_Ammal_on_20_October_1953_1.PDF,http://indiankanoon.org/doc/1305829/,6
Gurunath_Alias_Bhimaji_vs_Kamalabai_Kom_Kenchangaudanadgaudar_on_10_December_1954_1.PDF,1954,1950,661850,/content/drive/MyDrive/Indian Dataset/supreme_court_judgments/1954/Gurunath_Alias_Bhimaji_vs_Kamalabai_Kom_Kenchangaudanadgaudar_on_10_December_1954_1.PDF,http://indiankanoon.org/doc/661850/,6
Sahu_Madho_Das_And_Others_vs_Pandit_Mukand_Ram_And_Another_And_on_22_March_1955_1.PDF,1955,1950,946004,/content/drive/MyDrive/Indian Dataset/supreme_court_judgments/1955/Sahu_Madho_Das_And_Others_vs_Pandit_Mukand_Ram_And_Another_And_on_22_March_1955_1.PDF,http://indiankanoon.org/doc/946004/,6
Thakur_Amar_Singhji_vs_State_Of_Rajasthan_And_Other_on_15_April_1955_1.PDF,1955,1950,1750663,/content/drive/MyDrive/Indian Dataset/supreme_court_judgments/1955/Thakur_Amar_Singhji_vs_State_Of_Rajasthan_And_Other_on_15_April_1955_1.PDF,http://indiankanoon.org/doc/1750663/,6
Narayan_Bhagwantrao_Gosavi_Balajiwale_vs_Gopal_Vinayak_Gosavi_And_Ors_on_22_September_1959_1.PDF,1959,1950,37505817,/content/drive/MyDrive/Indian Dataset/supreme_court_judgments/1959/Narayan_Bhagwantrao_Gosavi_Balajiwale_vs_Gopal_Vinayak_Gosavi_And_Ors_on_22_September_1959_1.PDF,http://indiankanoon.org/doc/37505817/,6
The_New_Piecegoods_Bazar_Co_vs_The_Commissioner_Of_Income_Tax_Bombay_on_26_May_1950_1.PDF,1950,1950,1072049,/content/drive/MyDrive/Indian Dataset/supreme_court_judgments/1950/The_New_Piecegoods_Bazar_Co_vs_The_Commissioner_Of_Income_Tax_Bombay_on_26_May_1950_1.PDF,http://indiankanoon.org/doc/1072049/,5
Angurbala_Mullick_vs_Debabrata_Mullick_on_3_May_1951_1.PDF,1951,1950,1652416,/content/drive/MyDrive/Indian Dataset/supreme_court_judgments/1951/Angurbala_Mullick_vs_Debabrata_Mullick_on_3_May_1951_1.PDF,http://indiankanoon.org/doc/1652416/,5
Chinnathayi_Alias_Veeralakshmi_vs_Kulasekara_Pandiya_Naickerand_on_14_December_1951_1.PDF,1951,1950,1684167,/content/drive/MyDrive/Indian Dataset/supreme_court_judgments/1951/Chinnathayi_Alias_Veeralakshmi_vs_Kulasekara_Pandiya_Naickerand_on_14_December_1951_1.PDF,http://indiankanoon.org/doc/1684167/,5
Kidar_Lall_Seal_And_Another_vs_Hari_Lall_Seal_on_18_December_1951_1.PDF,1951,1950,133024,/content/drive/MyDrive/Indian Dataset/supreme_court_judgments/1951/Kidar_Lall_Seal_And_Another_vs_Hari_Lall_Seal_on_18_December_1951_1.PDF,http://indiankanoon.org/doc/133024/,5
Shrimant_Sardar_Bhujangarao_Daulatrao_vs_Shrimant_Malojirao_Daulatrao_Ghorpade_on_30_January_1952_1.PDF,1952,1950,124022295,/content/drive/MyDrive/Indian Dataset/supreme_court_judgments/1952/Shrimant_Sardar_Bhujangarao_Daulatrao_vs_Shrimant_Malojirao_Daulatrao_Ghorpade_on_30_January_1952_1.PDF,http://indiankanoon.org/doc/124022295/,5
Pannalal_And_Another_vs_Mst_Naraini_And_Others_on_7_March_1952_1.PDF,1952,1950,1252014,/content/drive/MyDrive/Indian Dataset/supreme_court_judgments/1952/Pannalal_And_Another_vs_Mst_Naraini_And_Others_on_7_March_1952_1.PDF,http://indiankanoon.org/doc/1252014/,5
Shrimant_Sardar_Bhujangaraodaulatrao_vs_Shrimant_Malojirao_Daulatraoghorpade_on_30_January_1952_1.PDF,1952,1950,591580,/content/drive/MyDrive/Indian Dataset/supreme_court_judgments/1952/Shrimant_Sardar_Bhujangaraodaulatrao_vs_Shrimant_Malojirao_Daulatraoghorpade_on_30_January_1952_1.PDF,http://indiankanoon.org/doc/591580/,5
Kalipada_Chakraborti_And_Another_vs_Palani_Bala_Devi_And_Others_on_16_January_1953_1.PDF,1953,1950,481866,/content/drive/MyDrive/Indian Dataset/supreme_court_judgments/1953/Kalipada_Chakraborti_And_Another_vs_Palani_Bala_Devi_And_Others_on_16_January_1953_1.PDF,http://indiankanoon.org/doc/481866/,5
Kiran_Singh_And_Others_vs_Chaman_Paswan_And_Others_on_14_April_1954_1.PDF,1954,1950,1625415,/content/drive/MyDrive/Indian Dataset/supreme_court_judgments/1954/Kiran_Singh_And_Others_vs_Chaman_Paswan_And_Others_on_14_April_1954_1.PDF,http://indiankanoon.org/doc/1625415/,5
The_Commissioner_Hindu_Religious_vs_Sri_Lakshmindra_Thirtha_Swamiar_Of_Sri_on_16_April_1954_1.PDF,1954,1950,1430396,/content/drive/MyDrive/Indian Dataset/supreme_court_judgments/1954/The_Commissioner_Hindu_Religious_vs_Sri_Lakshmindra_Thirtha_Swamiar_Of_Sri_on_16_April_1954_1.PDF,http://indiankanoon.org/doc/1430396/,5
Raja_Bhairebendra_Narayan_Bhup_vs_The_State_Of_Assam_With_Connected_on_11_April_1956_1.PDF,1956,1950,1105428,/content/drive/MyDrive/Indian Dataset/supreme_court_judgments/1956/Raja_Bhairebendra_Narayan_Bhup_vs_The_State_Of_Assam_With_Connected_on_11_April_1956_1.PDF,http://indiankanoon.org/doc/1105428/,5
Sri_Venkataramana_Devaruand_Others_vs_The_State_Of_Mysore_And_Others_With_on_8_November_1957_1.PDF,1957,1950,1896039,/content/drive/MyDrive/Indian Dataset/supreme_court_judgments/1957/Sri_Venkataramana_Devaruand_Others_vs_The_State_Of_Mysore_And_Others_With_on_8_November_1957_1.PDF,http://indiankanoon.org/doc/1896039/,5
Bishan_Singh_Others_vs_Khazan_Singh_Another_on_20_May_1958_1.PDF,1958,1950,476355,/content/drive/MyDrive/Indian Dataset/supreme_court_judgments/1958/Bishan_Singh_Others_vs_Khazan_Singh_Another_on_20_May_1958_1.PDF,http://indiankanoon.org/doc/476355/,5
Hanskumar_Kishanchand_vs_The_Union_Of_India_Uoi_on_22_August_1958_1.PDF,1958,1950,45058000,/content/drive/MyDrive/Indian Dataset/supreme_court_judgments/1958/Hanskumar_Kishanchand_vs_The_Union_Of_India_Uoi_on_22_August_1958_1.PDF,http://indiankanoon.org/doc/45058000/,5
Gummalapura_Taggina_vs_Setra_Veeravva_And_Others_on_19_December_1958_1.PDF,1958,1950,990120,/content/drive/MyDrive/Indian Dataset/supreme_court_judgments/1958/Gummalapura_Taggina_vs_Setra_Veeravva_And_Others_on_19_December_1958_1.PDF,http://indiankanoon.org/doc/990120/,5
H_Venkatachala_Iyengar_vs_B_N_Thimmajamma_Others_on_13_November_1958_1.PDF,1958,1950,22929,/content/drive/MyDrive/Indian Dataset/supreme_court_judgments/1958/H_Venkatachala_Iyengar_vs_B_N_Thimmajamma_Others_on_13_November_1958_1.PDF,http://indiankanoon.org/doc/22929/,5
Sirajul_Haq_Khan_Others_vs_The_Sunni_Central_Board_Of_Waqf_U_P_on_16_September_1958_1.PDF,1958,1950,1143216,/content/drive/MyDrive/Indian Dataset/supreme_court_judgments/1958/Sirajul_Haq_Khan_Others_vs_The_Sunni_Central_Board_Of_Waqf_U_P_on_16_September_1958_1.PDF,http://indiankanoon.org/doc/1143216/,5
Mahant_Moti_Das_vs_S_P_Sahi_The_Special_Officer_In_on_15_April_1959_1.PDF,1959,1950,254621,/content/drive/MyDrive/Indian Dataset/supreme_court_judgments/1959/Mahant_Moti_Das_vs_S_P_Sahi_The_Special_Officer_In_on_15_April_1959_1.PDF,http://indiankanoon.org/doc/254621/,5
Saroj_Kumar_Mazumdar_vs_The_Commissioner_Of_Income_Tax_on_4_May_1959_1.PDF,1959,1950,1604881,/content/drive/MyDrive/Indian Dataset/supreme_court_judgments/1959/Saroj_Kumar_Mazumdar_vs_The_Commissioner_Of_Income_Tax_on_4_May_1959_1.PDF,http://indiankanoon.org/doc/1604881/,5
Collector_Of_Bombay_vs_Municipal_Corporation_Of_The_City_Of_on_5_October_1951_1.PDF,1951,1950,561287,/content/drive/MyDrive/Indian Dataset/supreme_court_judgments/1951/Collector_Of_Bombay_vs_Municipal_Corporation_Of_The_City_Of_on_5_October_1951_1.PDF,http://indiankanoon.org/doc/561287/,4
Mummareddi_Nagi_Reddi_And_Others_vs_Pitti_Durairaja_Naidu_And_Others_on_8_May_1951_1.PDF,1951,1950,1870386,/content/drive/MyDrive/Indian Dataset/supreme_court_judgments/1951/Mummareddi_Nagi_Reddi_And_Others_vs_Pitti_Durairaja_Naidu_And_Others_on_8_May_1951_1.PDF,http://indiankanoon.org/doc/1870386/,4
Keshardeo_Chamria_vs_Radha_Kissen_Chamria_And_Othersradha_on_30_October_1952_1.PDF,1952,1950,948916,/content/drive/MyDrive/Indian Dataset/supreme_court_judgments/1952/Keshardeo_Chamria_vs_Radha_Kissen_Chamria_And_Othersradha_on_30_October_1952_1.PDF,http://indiankanoon.org/doc/948916/,4
Nalinakhya_Bysack_vs_Shyam_Sunder_Haldar_And_Others_on_29_January_1953_1.PDF,1953,1950,553711,/content/drive/MyDrive/Indian Dataset/supreme_court_judgments/1953/Nalinakhya_Bysack_vs_Shyam_Sunder_Haldar_And_Others_on_29_January_1953_1.PDF,http://indiankanoon.org/doc/553711/,4
Saraswathi_Ammal_vs_Jagadambal_And_Another_on_27_February_1953_1.PDF,1953,1950,1428157,/content/drive/MyDrive/Indian Dataset/supreme_court_judgments/1953/Saraswathi_Ammal_vs_Jagadambal_And_Another_on_27_February_1953_1.PDF,http://indiankanoon.org/doc/1428157/,4
Moran_Mar_Basselios_Catholicos_And_vs_The_Most_Rev_Mar_Poulose_Athanasius_And_on_21_May_1954_1.PDF,1954,1950,1864509,/content/drive/MyDrive/Indian Dataset/supreme_court_judgments/1954/Moran_Mar_Basselios_Catholicos_And_vs_The_Most_Rev_Mar_Poulose_Athanasius_And_on_21_May_1954_1.PDF,http://indiankanoon.org/doc/1864509/,4
Mahant_Salig_Ram_vs_Musammat_Maya_Devi_on_21_January_1955_1.PDF,1955,1950,84946,/content/drive/MyDrive/Indian Dataset/supreme_court_judgments/1955/Mahant_Salig_Ram_vs_Musammat_Maya_Devi_on_21_January_1955_1.PDF,http://indiankanoon.org/doc/84946/,4
Purshottam_Govindji_Halai_vs_Shree_B_M_Desai_Additional_Collector_on_14_October_1955_1.PDF,1955,1950,635142,/content/drive/MyDrive/Indian Dataset/supreme_court_judgments/1955/Purshottam_Govindji_Halai_vs_Shree_B_M_Desai_Additional_Collector_on_14_October_1955_1.PDF,http://indiankanoon.org/doc/635142/,4
The_Collector_Of_Bombay_vs_Nusserwanji_Rattanji_Mistri_Others_on_28_February_1955_1.PDF,1955,1950,1214175,/content/drive/MyDrive/Indian Dataset/supreme_court_judgments/1955/The_Collector_Of_Bombay_vs_Nusserwanji_Rattanji_Mistri_Others_on_28_February_1955_1.PDF,http://indiankanoon.org/doc/1214175/,4
Deoki_Nandan_vs_Murlidhar_on_4_October_1956_1.PDF,1956,1950,667935,/content/drive/MyDrive/Indian Dataset/supreme_court_judgments/1956/Deoki_Nandan_vs_Murlidhar_on_4_October_1956_1.PDF,http://indiankanoon.org/doc/667935/,4
Nagubai_Ammal_Others_vs_B_Shama_Rao_Others_on_26_April_1956_1.PDF,1956,1950,1010762,/content/drive/MyDrive/Indian Dataset/supreme_court_judgments/1956/Nagubai_Ammal_Others_vs_B_Shama_Rao_Others_on_26_April_1956_1.PDF,http://indiankanoon.org/doc/1010762/,4
P_Lakshmi_Reddy_vs_L_Lakshmi_Reddy_on_5_December_1956_1.PDF,1956,1950,1498182,/content/drive/MyDrive/Indian Dataset/supreme_court_judgments/1956/P_Lakshmi_Reddy_vs_L_Lakshmi_Reddy_on_5_December_1956_1.PDF,http://indiankanoon.org/doc/1498182/,4
Raja_Sri_Sailendra_Narayanbhanja_Deo_vs_The_State_Of_Orissa_on_3_February_1956_1.PDF,1956,1950,1527823,/content/drive/MyDrive/Indian Dataset/supreme_court_judgments/1956/Raja_Sri_Sailendra_Narayanbhanja_Deo_vs_The_State_Of_Orissa_on_3_February_1956_1.PDF,http://indiankanoon.org/doc/1527823/,4
Chaube_Jagdish_Prasad_And_Another_vs_Ganga_Prasad_Chaturvedi_on_5_December_1958_1.PDF,1958,1950,1839804,/content/drive/MyDrive/Indian Dataset/supreme_court_judgments/1958/Chaube_Jagdish_Prasad_And_Another_vs_Ganga_Prasad_Chaturvedi_on_5_December_1958_1.PDF,http://indiankanoon.org/doc/1839804/,4
Hanskumar_Kishanchand_vs_The_Union_Of_India_And_Connected_on_22_August_1958_1.PDF,1958,1950,1441920,/content/drive/MyDrive/Indian Dataset/supreme_court_judgments/1958/Hanskumar_Kishanchand_vs_The_Union_Of_India_And_Connected_on_22_August_1958_1.PDF,http://indiankanoon.org/doc/1441920/,4
G_Venkataswami_Naidu_Co_vs_The_Comm1Ssioner_Of_Income_Tax_on_24_November_1958_1.PDF,1958,1950,551145,/content/drive/MyDrive/Indian Dataset/supreme_court_judgments/1958/G_Venkataswami_Naidu_Co_vs_The_Comm1Ssioner_Of_Income_Tax_on_24_November_1958_1.PDF,http://indiankanoon.org/doc/551145/,4
Radha_Sundar_Dutta_vs_Mohd_Jahadur_Rahim_And_Others_on_18_September_1958_1.PDF,1958,1950,180317,/content/drive/MyDrive/Indian Dataset/supreme_court_judgments/1958/Radha_Sundar_Dutta_vs_Mohd_Jahadur_Rahim_And_Others_on_18_September_1958_1.PDF,http://indiankanoon.org/doc/180317/,4
Kavalappara_Kottarathil_Kochuni_And_vs_The_State_Of_Madras_And_Others_on_4_May_1960_1.PDF,1960,1960,1431786,/content/drive/MyDrive/Indian Dataset/supreme_court_judgments/1960/Kavalappara_Kottarathil_Kochuni_And_vs_The_State_Of_Madras_And_Others_on_4_May_1960_1.PDF,http://indiankanoon.org/doc/1431786/,18
Guramma_Bhratar_Chanbasappa_Deshmukh_vs_Malappa_on_19_August_1963_1.PDF,1963,1960,781769,/content/drive/MyDrive/Indian Dataset/supreme_court_judgments/1963/Guramma_Bhratar_Chanbasappa_Deshmukh_vs_Malappa_on_19_August_1963_1.PDF,http://indiankanoon.org/doc/781769/,16
Addagada_Raghavamma_And_Anr_vs_Addagada_Chenchamma_And_Anr_on_9_April_1963_1.PDF,1963,1960,388201,/content/drive/MyDrive/Indian Dataset/supreme_court_judgments/1963/Addagada_Raghavamma_And_Anr_vs_Addagada_Chenchamma_And_Anr_on_9_April_1963_1.PDF,http://indiankanoon.org/doc/388201/,14
Pingle_Industries_Ltd_Secunderabad_vs_Commissioner_Of_Income_Tax_Hyderabad_on_26_April_1960_1.PDF,1960,1960,888353,/content/drive/MyDrive/Indian Dataset/supreme_court_judgments/1960/Pingle_Industries_Ltd_Secunderabad_vs_Commissioner_Of_Income_Tax_Hyderabad_on_26_April_1960_1.PDF,http://indiankanoon.org/doc/888353/,12
Tirumalachetti_Rajaram_vs_Tirumalachetti_on_27_April_1961_1.PDF,1961,1960,1758207,/content/drive/MyDrive/Indian Dataset/supreme_court_judgments/1961/Tirumalachetti_Rajaram_vs_Tirumalachetti_on_27_April_1961_1.PDF,http://indiankanoon.org/doc/1758207/,12
Immani_Appa_Rao_And_Others_vs_Gollapalli_Ramalingamurthi_And_Ors_on_22_September_1961_1.PDF,1961,1960,135413,/content/drive/MyDrive/Indian Dataset/supreme_court_judgments/1961/Immani_Appa_Rao_And_Others_vs_Gollapalli_Ramalingamurthi_And_Ors_on_22_September_1961_1.PDF,http://indiankanoon.org/doc/135413/,11
Tirumalachetti_Rajaram_vs_Tirumalachetti_Radhakrishnayya_on_27_April_1961_1.PDF,1961,1960,136976989,/content/drive/MyDrive/Indian Dataset/supreme_court_judgments/1961/Tirumalachetti_Rajaram_vs_Tirumalachetti_Radhakrishnayya_on_27_April_1961_1.PDF,http://indiankanoon.org/doc/136976989/,11
Daryao_And_Others_vs_The_State_Of_U_P_And_Others_And_on_27_March_1961_1.PDF,1961,1960,414792,/content/drive/MyDrive/Indian Dataset/supreme_court_judgments/1961/Daryao_And_Others_vs_The_State_Of_U_P_And_Others_And_on_27_March_1961_1.PDF,http://indiankanoon.org/doc/414792/,10
Bhagwan_Dayal_vs_Mst_Reoti_Devi_on_4_September_1961_1.PDF,1961,1960,1983017,/content/drive/MyDrive/Indian Dataset/supreme_court_judgments/1961/Bhagwan_Dayal_vs_Mst_Reoti_Devi_on_4_September_1961_1.PDF,http://indiankanoon.org/doc/1983017/,9
The_Board_Of_Trustees_Ayurvedic_vs_The_State_Of_Delhi_And_Another_on_23_October_1961_1.PDF,1961,1960,1830726,/content/drive/MyDrive/Indian Dataset/supreme_court_judgments/1961/The_Board_Of_Trustees_Ayurvedic_vs_The_State_Of_Delhi_And_Another_on_23_October_1961_1.PDF,http://indiankanoon.org/doc/1830726/,9
The_Jumma_Masjid_Mercara_vs_Kodimaniandra_Deviah_on_11_January_1962_1.PDF,1962,1960,1271790,/content/drive/MyDrive/Indian Dataset/supreme_court_judgments/1962/The_Jumma_Masjid_Mercara_vs_Kodimaniandra_Deviah_on_11_January_1962_1.PDF,http://indiankanoon.org/doc/1271790/,9
Shivashankar_Prasad_Shah_Ors_vs_Baikunth_Nath_Singh_Ors_on_7_March_1969_1.PDF,1969,1960,1217538,/content/drive/MyDrive/Indian Dataset/supreme_court_judgments/1969/Shivashankar_Prasad_Shah_Ors_vs_Baikunth_Nath_Singh_Ors_on_7_March_1969_1.PDF,http://indiankanoon.org/doc/1217538/,9
Kishan_Chand_Arora_vs_Commissioner_Of_Police_Calcutta_on_9_December_1960_1.PDF,1960,1960,621247,/content/drive/MyDrive/Indian Dataset/supreme_court_judgments/1960/Kishan_Chand_Arora_vs_Commissioner_Of_Police_Calcutta_on_9_December_1960_1.PDF,http://indiankanoon.org/doc/621247/,8
L_Janakirama_Iyer_And_Others_vs_P_M_Nilakanta_Iyer_And_Others_on_26_October_1961_1.PDF,1961,1960,823347,/content/drive/MyDrive/Indian Dataset/supreme_court_judgments/1961/L_Janakirama_Iyer_And_Others_vs_P_M_Nilakanta_Iyer_And_Others_on_26_October_1961_1.PDF,http://indiankanoon.org/doc/823347/,8
A_L_V_R_S_T_Veerappa_Chettiar_vs_S_Michael_Etc_on_19_November_1962_1.PDF,1962,1960,457910,/content/drive/MyDrive/Indian Dataset/supreme_court_judgments/1962/A_L_V_R_S_T_Veerappa_Chettiar_vs_S_Michael_Etc_on_19_November_1962_1.PDF,http://indiankanoon.org/doc/457910/,8
Akadasi_Padhan_vs_State_Of_Orissa_on_5_December_1962_1.PDF,1962,1960,1258563,/content/drive/MyDrive/Indian Dataset/supreme_court_judgments/1962/Akadasi_Padhan_vs_State_Of_Orissa_on_5_December_1962_1.PDF,http://indiankanoon.org/doc/1258563/,8
Atyam_Veerraju_And_Others_vs_Pechetti_Venkanna_And_Others_on_20_September_1965_1.PDF,1965,1960,1038664,/content/drive/MyDrive/Indian Dataset/supreme_court_judgments/1965/Atyam_Veerraju_And_Others_vs_Pechetti_Venkanna_And_Others_on_20_September_1965_1.PDF,http://indiankanoon.org/doc/1038664/,8
Rajah_Velugoti_Kumara_Krishna_vs_Rajah_Velugoti_Sarvagna_Kumara_on_28_October_1969_1.PDF,1969,1960,1062835,/content/drive/MyDrive/Indian Dataset/supreme_court_judgments/1969/Rajah_Velugoti_Kumara_Krishna_vs_Rajah_Velugoti_Sarvagna_Kumara_on_28_October_1969_1.PDF,http://indiankanoon.org/doc/1062835/,8
Gazula_Dasaratha_Rama_Rao_vs_The_State_Of_Andhra_Pradesh_Others_on_6_December_1960_1.PDF,1960,1960,722472,/content/drive/MyDrive/Indian Dataset/supreme_court_judgments/1960/Gazula_Dasaratha_Rama_Rao_vs_The_State_Of_Andhra_Pradesh_Others_on_6_December_1960_1.PDF,http://indiankanoon.org/doc/722472/,7
Raja_Narayanlal_Bansilal_vs_Maneck_Phiroz_Mistry_And_Another_on_31_August_1960_1.PDF,1960,1960,693505,/content/drive/MyDrive/Indian Dataset/supreme_court_judgments/1960/Raja_Narayanlal_Bansilal_vs_Maneck_Phiroz_Mistry_And_Another_on_31_August_1960_1.PDF,http://indiankanoon.org/doc/693505/,7
Jyoti_Pershad_vs_The_Administrator_For_The_on_21_April_1961_1.PDF,1961,1960,678245,/content/drive/MyDrive/Indian Dataset/supreme_court_judgments/1961/Jyoti_Pershad_vs_The_Administrator_For_The_on_21_April_1961_1.PDF,http://indiankanoon.org/doc/678245/,7
Karimbil_Kunhikoman_vs_State_Of_Kerala_on_5_December_1961_1.PDF,1961,1960,9285,/content/drive/MyDrive/Indian Dataset/supreme_court_judgments/1961/Karimbil_Kunhikoman_vs_State_Of_Kerala_on_5_December_1961_1.PDF,http://indiankanoon.org/doc/9285/,7
Purushothaman_Nambudiri_vs_The_State_Of_Kerala_on_5_December_1961_1.PDF,1961,1960,865394,/content/drive/MyDrive/Indian Dataset/supreme_court_judgments/1961/Purushothaman_Nambudiri_vs_The_State_Of_Kerala_on_5_December_1961_1.PDF,http://indiankanoon.org/doc/865394/,7
Raje_Anandrao_vs_Shamrao_And_Others_on_23_February_1961_1.PDF,1961,1960,858595,/content/drive/MyDrive/Indian Dataset/supreme_court_judgments/1961/Raje_Anandrao_vs_Shamrao_And_Others_on_23_February_1961_1.PDF,http://indiankanoon.org/doc/858595/,7
State_Of_Saurashtra_vs_Jamadar_Mohamad_Abdulla_And_Ors_on_3_October_1961_1.PDF,1961,1960,374494,/content/drive/MyDrive/Indian Dataset/supreme_court_judgments/1961/State_Of_Saurashtra_vs_Jamadar_Mohamad_Abdulla_And_Ors_on_3_October_1961_1.PDF,http://indiankanoon.org/doc/374494/,7
S_S_Munna_Lal_vs_S_S_Rajkumar_And_Others_on_23_February_1962_1.PDF,1962,1960,77162,/content/drive/MyDrive/Indian Dataset/supreme_court_judgments/1962/S_S_Munna_Lal_vs_S_S_Rajkumar_And_Others_on_23_February_1962_1.PDF,http://indiankanoon.org/doc/77162/,7
Bhagwati_Prasad_Sah_And_Others_vs_Bhagwati_Prasad_Sah_And_Another_on_10_October_1963_1.PDF,1963,1960,557898,/content/drive/MyDrive/Indian Dataset/supreme_court_judgments/1963/Bhagwati_Prasad_Sah_And_Others_vs_Bhagwati_Prasad_Sah_And_Another_on_10_October_1963_1.PDF,http://indiankanoon.org/doc/557898/,7
Commissioner_Of_Income_Tax_Madhya_vs_Seth_Govindram_Sugar_Mills_Ltd_on_26_March_1965_1.PDF,1965,1960,954858,/content/drive/MyDrive/Indian Dataset/supreme_court_judgments/1965/Commissioner_Of_Income_Tax_Madhya_vs_Seth_Govindram_Sugar_Mills_Ltd_on_26_March_1965_1.PDF,http://indiankanoon.org/doc/954858/,7
V_T_S_Thyagasundaradoss_Thevar_And_vs_V_T_S_Sevuga_Pandia_Thevar_And_Anr_on_25_February_1965_1.PDF,1965,1960,1267551,/content/drive/MyDrive/Indian Dataset/supreme_court_judgments/1965/V_T_S_Thyagasundaradoss_Thevar_And_vs_V_T_S_Sevuga_Pandia_Thevar_And_Anr_on_25_February_1965_1.PDF,http://indiankanoon.org/doc/1267551/,7
Ram_Prasad_Dagduram_vs_Vijay_Kumar_Motilal_Mirakhanwala_Ors_on_18_April_1966_1.PDF,1966,1960,1012429,/content/drive/MyDrive/Indian Dataset/supreme_court_judgments/1966/Ram_Prasad_Dagduram_vs_Vijay_Kumar_Motilal_Mirakhanwala_Ors_on_18_April_1966_1.PDF,http://indiankanoon.org/doc/1012429/,7
Ramchandra_Aggarwal_And_Anr_vs_State_Of_Uttar_Pradesh_Anr_on_5_May_1966_1.PDF,1966,1960,1645313,/content/drive/MyDrive/Indian Dataset/supreme_court_judgments/1966/Ramchandra_Aggarwal_And_Anr_vs_State_Of_Uttar_Pradesh_Anr_on_5_May_1966_1.PDF,http://indiankanoon.org/doc/1645313/,7
Ramchandra_Spg_Wvg_Mills_vs_Bijli_Cotton_Mills_Ors_on_16_December_1966_1.PDF,1966,1960,913776,/content/drive/MyDrive/Indian Dataset/supreme_court_judgments/1966/Ramchandra_Spg_Wvg_Mills_vs_Bijli_Cotton_Mills_Ors_on_16_December_1966_1.PDF,http://indiankanoon.org/doc/913776/,7
Collector_Of_Varanasi_vs_Gauri_Shankar_Misra_Ors_on_29_August_1967_1.PDF,1967,1960,1172544,/content/drive/MyDrive/Indian Dataset/supreme_court_judgments/1967/Collector_Of_Varanasi_vs_Gauri_Shankar_Misra_Ors_on_29_August_1967_1.PDF,http://indiankanoon.org/doc/1172544/,7
Nair_Service_Society_Ltd_vs_Rev_Father_K_C_Alexander_Ors_on_12_February_1968_1.PDF,1968,1960,441001,/content/drive/MyDrive/Indian Dataset/supreme_court_judgments/1968/Nair_Service_Society_Ltd_vs_Rev_Father_K_C_Alexander_Ors_on_12_February_1968_1.PDF,http://indiankanoon.org/doc/441001/,7
Satish_Kumar_Ors_vs_Surinder_Kumar_Ors_on_27_September_1968_1.PDF,1968,1960,19300,/content/drive/MyDrive/Indian Dataset/supreme_court_judgments/1968/Satish_Kumar_Ors_vs_Surinder_Kumar_Ors_on_27_September_1968_1.PDF,http://indiankanoon.org/doc/19300/,7
Beohar_Rajendra_Sinha_Ors_vs_State_Of_M_P_Ors_on_11_March_1969_1.PDF,1969,1960,1916459,/content/drive/MyDrive/Indian Dataset/supreme_court_judgments/1969/Beohar_Rajendra_Sinha_Ors_vs_State_Of_M_P_Ors_on_11_March_1969_1.PDF,http://indiankanoon.org/doc/1916459/,7
Jaisri_Sahu_vs_Rajdewan_Dubey_And_Others_on_28_April_1961_1.PDF,1961,1960,912722,/content/drive/MyDrive/Indian Dataset/supreme_court_judgments/1961/Jaisri_Sahu_vs_Rajdewan_Dubey_And_Others_on_28_April_1961_1.PDF,http://indiankanoon.org/doc/912722/,6
Sunkavilli_Suranna_And_Others_vs_Goli_Sathiraju_And_Others_on_18_September_1961_1.PDF,1961,1960,702509,/content/drive/MyDrive/Indian Dataset/supreme_court_judgments/1961/Sunkavilli_Suranna_And_Others_vs_Goli_Sathiraju_And_Others_on_18_September_1961_1.PDF,http://indiankanoon.org/doc/702509/,6
Laxman_Purshottam_Pimputkar_vs_State_Of_Bombay_And_Others_on_13_December_1962_1.PDF,1962,1960,472343,/content/drive/MyDrive/Indian Dataset/supreme_court_judgments/1962/Laxman_Purshottam_Pimputkar_vs_State_Of_Bombay_And_Others_on_13_December_1962_1.PDF,http://indiankanoon.org/doc/472343/,6
Smt_Somavanti_And_Others_vs_The_State_Of_Punjab_And_Others_And_on_2_May_1962_1.PDF,1962,1960,1536600,/content/drive/MyDrive/Indian Dataset/supreme_court_judgments/1962/Smt_Somavanti_And_Others_vs_The_State_Of_Punjab_And_Others_And_on_2_May_1962_1.PDF,http://indiankanoon.org/doc/1536600/,6
T_V_V_Narasimham_And_Others_vs_The_State_Of_Orissa_on_24_October_1962_1.PDF,1962,1960,1780881,/content/drive/MyDrive/Indian Dataset/supreme_court_judgments/1962/T_V_V_Narasimham_And_Others_vs_The_State_Of_Orissa_on_24_October_1962_1.PDF,http://indiankanoon.org/doc/1780881/,6
V_T_S_Chandarasekhara_Mudaliar_vs_Kulandaivelu_Mudaliar_And_Others_on_26_April_1962_1.PDF,1962,1960,421372,/content/drive/MyDrive/Indian Dataset/supreme_court_judgments/1962/V_T_S_Chandarasekhara_Mudaliar_vs_Kulandaivelu_Mudaliar_And_Others_on_26_April_1962_1.PDF,http://indiankanoon.org/doc/421372/,6
Kalwa_Devadattam_And_Two_Others_vs_The_Union_Of_India_And_Others_on_19_April_1963_1.PDF,1963,1960,1326957,/content/drive/MyDrive/Indian Dataset/supreme_court_judgments/1963/Kalwa_Devadattam_And_Two_Others_vs_The_Union_Of_India_And_Others_on_19_April_1963_1.PDF,http://indiankanoon.org/doc/1326957/,6
Kamalammal_And_Ors_vs_Venkatalakshmi_Ammal_And_Anr_on_23_September_1964_1.PDF,1964,1960,495668,/content/drive/MyDrive/Indian Dataset/supreme_court_judgments/1964/Kamalammal_And_Ors_vs_Venkatalakshmi_Ammal_And_Anr_on_23_September_1964_1.PDF,http://indiankanoon.org/doc/495668/,6
Mahjibhai_Mohanbhai_Barot_vs_Patel_Manibhai_Gokalbhai_Ors_on_11_December_1964_1.PDF,1964,1960,1860126,/content/drive/MyDrive/Indian Dataset/supreme_court_judgments/1964/Mahjibhai_Mohanbhai_Barot_vs_Patel_Manibhai_Gokalbhai_Ors_on_11_December_1964_1.PDF,http://indiankanoon.org/doc/1860126/,6
Aluru_Kondayya_And_Ors_vs_Singaraju_Rama_Rao_And_Ors_on_20_September_1965_1.PDF,1965,1960,872053,/content/drive/MyDrive/Indian Dataset/supreme_court_judgments/1965/Aluru_Kondayya_And_Ors_vs_Singaraju_Rama_Rao_And_Ors_on_20_September_1965_1.PDF,http://indiankanoon.org/doc/872053/,6
Mamidi_Venkata_Satyanarayana_vs_Mandela_Narasimhaswami_And_Others_on_27_August_1965_1.PDF,1965,1960,1297847,/content/drive/MyDrive/Indian Dataset/supreme_court_judgments/1965/Mamidi_Venkata_Satyanarayana_vs_Mandela_Narasimhaswami_And_Others_on_27_August_1965_1.PDF,http://indiankanoon.org/doc/1297847/,6
Faqir_Chand_vs_Harnam_Kaur_Anr_on_5_August_1966_1.PDF,1966,1960,325729,/content/drive/MyDrive/Indian Dataset/supreme_court_judgments/1966/Faqir_Chand_vs_Harnam_Kaur_Anr_on_5_August_1966_1.PDF,http://indiankanoon.org/doc/325729/,6
Ram_Lal_Puri_vs_Gokalnagar_Sugar_Mills_Co_Ltd_on_13_December_1966_1.PDF,1966,1960,744798,/content/drive/MyDrive/Indian Dataset/supreme_court_judgments/1966/Ram_Lal_Puri_vs_Gokalnagar_Sugar_Mills_Co_Ltd_on_13_December_1966_1.PDF,http://indiankanoon.org/doc/744798/,6
Bhagat_Raja_vs_The_Union_Of_India_Ors_on_29_March_1967_1.PDF,1967,1960,1934515,/content/drive/MyDrive/Indian Dataset/supreme_court_judgments/1967/Bhagat_Raja_vs_The_Union_Of_India_Ors_on_29_March_1967_1.PDF,http://indiankanoon.org/doc/1934515/,6
Hans_Raj_vs_Rattan_Chand_Etc_on_3_April_1967_1.PDF,1967,1960,313985,/content/drive/MyDrive/Indian Dataset/supreme_court_judgments/1967/Hans_Raj_vs_Rattan_Chand_Etc_on_3_April_1967_1.PDF,http://indiankanoon.org/doc/313985/,6
Mangal_Singh_Ors_vs_Shrimati_Rattno_Anr_on_6_April_1967_1.PDF,1967,1960,502707,/content/drive/MyDrive/Indian Dataset/supreme_court_judgments/1967/Mangal_Singh_Ors_vs_Shrimati_Rattno_Anr_on_6_April_1967_1.PDF,http://indiankanoon.org/doc/502707/,6
Nirshi_Dhobin_Ors_vs_Dr_Sudhir_Kumar_Mukherji_And_Ors_on_30_July_1968_1.PDF,1968,1960,579475,/content/drive/MyDrive/Indian Dataset/supreme_court_judgments/1968/Nirshi_Dhobin_Ors_vs_Dr_Sudhir_Kumar_Mukherji_And_Ors_on_30_July_1968_1.PDF,http://indiankanoon.org/doc/579475/,6
Purtabpore_Co_Ltd_vs_Cane_Commissioner_Of_Bihar_Ors_on_21_November_1968_1.PDF,1968,1960,986468,/content/drive/MyDrive/Indian Dataset/supreme_court_judgments/1968/Purtabpore_Co_Ltd_vs_Cane_Commissioner_Of_Bihar_Ors_on_21_November_1968_1.PDF,http://indiankanoon.org/doc/986468/,6
Bhudan_Singh_And_Anr_vs_Nabi_Bux_And_Anr_on_20_August_1969_1.PDF,1969,1960,132692083,/content/drive/MyDrive/Indian Dataset/supreme_court_judgments/1969/Bhudan_Singh_And_Anr_vs_Nabi_Bux_And_Anr_on_20_August_1969_1.PDF,http://indiankanoon.org/doc/132692083/,6
State_Of_Gujarat_vs_Patel_Raghav_Natha_Ors_on_21_April_1969_1.PDF,1969,1960,1546400,/content/drive/MyDrive/Indian Dataset/supreme_court_judgments/1969/State_Of_Gujarat_vs_Patel_Raghav_Natha_Ors_on_21_April_1969_1.PDF,http://indiankanoon.org/doc/1546400/,6
M_S_Piyare_Lal_Adishwar_Lal_vs_The_Commissioner_Of_Income_Tax_Delhi_on_26_April_1960_1.PDF,1960,1960,1270365,/content/drive/MyDrive/Indian Dataset/supreme_court_judgments/1960/M_S_Piyare_Lal_Adishwar_Lal_vs_The_Commissioner_Of_Income_Tax_Delhi_on_26_April_1960_1.PDF,http://indiankanoon.org/doc/1270365/,5
Shrimant_Appasaheb_Tuljaram_Desaiand_vs_Bhalchandra_Vithalrao_Thube_on_28_October_1960_1.PDF,1960,1960,1416049,/content/drive/MyDrive/Indian Dataset/supreme_court_judgments/1960/Shrimant_Appasaheb_Tuljaram_Desaiand_vs_Bhalchandra_Vithalrao_Thube_on_28_October_1960_1.PDF,http://indiankanoon.org/doc/1416049/,5
The_Superintendent_Central_vs_Ram_Manohar_Lohia_on_21_January_1960_1.PDF,1960,1960,1386353,/content/drive/MyDrive/Indian Dataset/supreme_court_judgments/1960/The_Superintendent_Central_vs_Ram_Manohar_Lohia_on_21_January_1960_1.PDF,http://indiankanoon.org/doc/1386353/,5
Munshi_Ram_vs_Banwari_Lal_on_9_January_1961_1.PDF,1961,1960,1794569,/content/drive/MyDrive/Indian Dataset/supreme_court_judgments/1961/Munshi_Ram_vs_Banwari_Lal_on_9_January_1961_1.PDF,http://indiankanoon.org/doc/1794569/,5
Satinder_Singh_And_Others_vs_Amrao_Singh_And_Others_on_2_February_1961_1.PDF,1961,1960,1890797,/content/drive/MyDrive/Indian Dataset/supreme_court_judgments/1961/Satinder_Singh_And_Others_vs_Amrao_Singh_And_Others_on_2_February_1961_1.PDF,http://indiankanoon.org/doc/1890797/,5
T_V_R_Subbu_Chetty_S_Family_Charities_vs_M_Raghava_Mudaliar_And_Others_on_27_January_1961.PDF,1961,1960,173516,/content/drive/MyDrive/Indian Dataset/supreme_court_judgments/1961/T_V_R_Subbu_Chetty_S_Family_Charities_vs_M_Raghava_Mudaliar_And_Others_on_27_January_1961.PDF,http://indiankanoon.org/doc/173516/,5
Kesavananda_Bharati_Sripadagalvaru_vs_State_Of_Kerala_And_Anr_on_24_April_1973_1.PDF,1973,1970,257876,/content/drive/MyDrive/Indian Dataset/supreme_court_judgments/1973/Kesavananda_Bharati_Sripadagalvaru_vs_State_Of_Kerala_And_Anr_on_24_April_1973_1.PDF,http://indiankanoon.org/doc/257876/,92
Maharaj_Singh_vs_State_Of_Uttar_Pradesh_Others_on_2_November_1976_1.PDF,1976,1970,744830,/content/drive/MyDrive/Indian Dataset/supreme_court_judgments/1976/Maharaj_Singh_vs_State_Of_Uttar_Pradesh_Others_on_2_November_1976_1.PDF,http://indiankanoon.org/doc/744830/,88
Rustom_Cavasjee_Cooper_vs_Union_Of_India_on_10_February_1970_1.PDF,1970,1970,513801,/content/drive/MyDrive/Indian Dataset/supreme_court_judgments/1970/Rustom_Cavasjee_Cooper_vs_Union_Of_India_on_10_February_1970_1.PDF,http://indiankanoon.org/doc/513801/,48
Prem_Raj_vs_Ram_Charan_on_4_March_1974_1.PDF,1974,1970,349715,/content/drive/MyDrive/Indian Dataset/supreme_court_judgments/1974/Prem_Raj_vs_Ram_Charan_on_4_March_1974_1.PDF,http://indiankanoon.org/doc/349715/,26
Union_Of_India_vs_Harbhajan_Singh_Dhillon_on_21_October_1971_1.PDF,1971,1970,184335016,/content/drive/MyDrive/Indian Dataset/supreme_court_judgments/1971/Union_Of_India_vs_Harbhajan_Singh_Dhillon_on_21_October_1971_1.PDF,http://indiankanoon.org/doc/184335016/,25
Maganlal_Chhagganlal_P_Ltd_vs_Municipal_Corporation_Of_Greater_on_11_April_1974_1.PDF,1974,1970,1293557,/content/drive/MyDrive/Indian Dataset/supreme_court_judgments/1974/Maganlal_Chhagganlal_P_Ltd_vs_Municipal_Corporation_Of_Greater_on_11_April_1974_1.PDF,http://indiankanoon.org/doc/1293557/,23
Dalbir_Kaur_Ors_vs_State_Of_Punjab_on_20_August_1976_1.PDF,1976,1970,1922173,/content/drive/MyDrive/Indian Dataset/supreme_court_judgments/1976/Dalbir_Kaur_Ors_vs_State_Of_Punjab_on_20_August_1976_1.PDF,http://indiankanoon.org/doc/1922173/,20
Kale_Others_vs_Deputy_Director_Of_Consolidation_Ors_on_21_January_1976_1.PDF,1976,1970,1412888,/content/drive/MyDrive/Indian Dataset/supreme_court_judgments/1976/Kale_Others_vs_Deputy_Director_Of_Consolidation_Ors_on_21_January_1976_1.PDF,http://indiankanoon.org/doc/1412888/,18
State_Of_Punjab_Now_Haryana_And_Ors_vs_Amar_Singh_And_Another_on_21_January_1974_1.PDF,1974,1970,265262,/content/drive/MyDrive/Indian Dataset/supreme_court_judgments/1974/State_Of_Punjab_Now_Haryana_And_Ors_vs_Amar_Singh_And_Another_on_21_January_1974_1.PDF,http://indiankanoon.org/doc/265262/,17
Jayaram_Mudaliar_vs_Ayyaswami_And_Ors_on_12_April_1972_1.PDF,1972,1970,1690960,/content/drive/MyDrive/Indian Dataset/supreme_court_judgments/1972/Jayaram_Mudaliar_vs_Ayyaswami_And_Ors_on_12_April_1972_1.PDF,http://indiankanoon.org/doc/1690960/,13
Harihar_Prasad_Singh_And_Ors_vs_Balmiki_Prasad_Singh_And_Ors_on_10_December_1974_1.PDF,1974,1970,1354608,/content/drive/MyDrive/Indian Dataset/supreme_court_judgments/1974/Harihar_Prasad_Singh_And_Ors_vs_Balmiki_Prasad_Singh_And_Ors_on_10_December_1974_1.PDF,http://indiankanoon.org/doc/1354608/,12
Kannan_Devan_Hills_Produce_Company_Ltd_vs_The_State_Of_Kerala_And_Another_on_27_April_1972_1.PDF,1972,1970,1682508,/content/drive/MyDrive/Indian Dataset/supreme_court_judgments/1972/Kannan_Devan_Hills_Produce_Company_Ltd_vs_The_State_Of_Kerala_And_Another_on_27_April_1972_1.PDF,http://indiankanoon.org/doc/1682508/,11
Daya_Singh_Dead_Through_L_Rs_Anr_vs_Dhan_Kaur_on_5_March_1974_1.PDF,1974,1970,281123,/content/drive/MyDrive/Indian Dataset/supreme_court_judgments/1974/Daya_Singh_Dead_Through_L_Rs_Anr_vs_Dhan_Kaur_on_5_March_1974_1.PDF,http://indiankanoon.org/doc/281123/,11
Radhy_Shyam_vs_Shyam_Behari_Singh_on_12_August_1970_1.PDF,1970,1970,545614,/content/drive/MyDrive/Indian Dataset/supreme_court_judgments/1970/Radhy_Shyam_vs_Shyam_Behari_Singh_on_12_August_1970_1.PDF,http://indiankanoon.org/doc/545614/,10
Godavari_Sugar_Mills_Ltd_And_Ors_vs_S_B_Kamble_And_Ors_on_7_March_1975_1.PDF,1975,1970,913722,/content/drive/MyDrive/Indian Dataset/supreme_court_judgments/1975/Godavari_Sugar_Mills_Ltd_And_Ors_vs_S_B_Kamble_And_Ors_on_7_March_1975_1.PDF,http://indiankanoon.org/doc/913722/,10
Twyford_Tea_Co_Ltd_And_Another_vs_The_State_Of_Kerala_And_Another_on_15_January_1970_1.PDF,1970,1970,219659,/content/drive/MyDrive/Indian Dataset/supreme_court_judgments/1970/Twyford_Tea_Co_Ltd_And_Another_vs_The_State_Of_Kerala_And_Another_on_15_January_1970_1.PDF,http://indiankanoon.org/doc/219659/,9
Dattatraya_Shanker_Mote_Ors_vs_Anand_Chintaman_Datar_Ors_on_3_October_1974_1.PDF,1974,1970,1064891,/content/drive/MyDrive/Indian Dataset/supreme_court_judgments/1974/Dattatraya_Shanker_Mote_Ors_vs_Anand_Chintaman_Datar_Ors_on_3_October_1974_1.PDF,http://indiankanoon.org/doc/1064891/,9
Anant_Mills_Co_Ltd_vs_State_Of_Gujarat_Ors_on_21_January_1975_1.PDF,1975,1970,1648125,/content/drive/MyDrive/Indian Dataset/supreme_court_judgments/1975/Anant_Mills_Co_Ltd_vs_State_Of_Gujarat_Ors_on_21_January_1975_1.PDF,http://indiankanoon.org/doc/1648125/,9
Dantuluri_Ram_Raju_And_Ors_vs_State_Of_Andhra_Pradesh_And_Anr_on_16_December_1971_1.PDF,1971,1970,298959,/content/drive/MyDrive/Indian Dataset/supreme_court_judgments/1971/Dantuluri_Ram_Raju_And_Ors_vs_State_Of_Andhra_Pradesh_And_Anr_on_16_December_1971_1.PDF,http://indiankanoon.org/doc/298959/,8
M_N_Aryamurthy_And_Anr_vs_M_D_Subbaraya_Setty_Dead_Through_L_on_20_September_1971_1.PDF,1971,1970,516830,/content/drive/MyDrive/Indian Dataset/supreme_court_judgments/1971/M_N_Aryamurthy_And_Anr_vs_M_D_Subbaraya_Setty_Dead_Through_L_on_20_September_1971_1.PDF,http://indiankanoon.org/doc/516830/,8
Shambhu_Prasad_Singh_vs_Mst_Phool_Kumari_Ors_on_24_March_1971_1.PDF,1971,1970,1794534,/content/drive/MyDrive/Indian Dataset/supreme_court_judgments/1971/Shambhu_Prasad_Singh_vs_Mst_Phool_Kumari_Ors_on_24_March_1971_1.PDF,http://indiankanoon.org/doc/1794534/,8
Kunjukutty_Sahib_Etc_Etc_vs_State_Of_Kerala_Anr_on_26_April_1972_1.PDF,1972,1970,1778199,/content/drive/MyDrive/Indian Dataset/supreme_court_judgments/1972/Kunjukutty_Sahib_Etc_Etc_vs_State_Of_Kerala_Anr_on_26_April_1972_1.PDF,http://indiankanoon.org/doc/1778199/,8
Mahant_Dharam_Das_Etc_Etc_vs_The_State_Of_Punjab_And_Ors_on_14_January_1974_1.PDF,1974,1970,1260147,/content/drive/MyDrive/Indian Dataset/supreme_court_judgments/1974/Mahant_Dharam_Das_Etc_Etc_vs_The_State_Of_Punjab_And_Ors_on_14_January_1974_1.PDF,http://indiankanoon.org/doc/1260147/,8
Sappani_Mohamed_Mohideen_Anr_vs_R_V_Sethusubramania_Pillai_Ors_on_7_December_1973_1.PDF,1973,1970,182190,/content/drive/MyDrive/Indian Dataset/supreme_court_judgments/1973/Sappani_Mohamed_Mohideen_Anr_vs_R_V_Sethusubramania_Pillai_Ors_on_7_December_1973_1.PDF,http://indiankanoon.org/doc/182190/,7
State_Of_Kerala_And_Anr_vs_The_Gwalior_Rayon_Silk_Manufacturing_on_18_September_1973_1.PDF,1973,1970,1298680,/content/drive/MyDrive/Indian Dataset/supreme_court_judgments/1973/State_Of_Kerala_And_Anr_vs_The_Gwalior_Rayon_Silk_Manufacturing_on_18_September_1973_1.PDF,http://indiankanoon.org/doc/1298680/,7
State_Of_Rajasthan_And_Ors_vs_Sajjanlal_Panjawat_Ors_on_14_December_1973_1.PDF,1973,1970,703666,/content/drive/MyDrive/Indian Dataset/supreme_court_judgments/1973/State_Of_Rajasthan_And_Ors_vs_Sajjanlal_Panjawat_Ors_on_14_December_1973_1.PDF,http://indiankanoon.org/doc/703666/,7
Dwarka_Prasad_vs_Dwarka_Das_Saraf_on_11_August_1975_1.PDF,1975,1970,68571,/content/drive/MyDrive/Indian Dataset/supreme_court_judgments/1975/Dwarka_Prasad_vs_Dwarka_Das_Saraf_on_11_August_1975_1.PDF,http://indiankanoon.org/doc/68571/,7
Gurdit_Singh_And_Ors_Etc_vs_Munsha_Singh_And_Ors_Etc_on_29_November_1976_1.PDF,1976,1970,1475334,/content/drive/MyDrive/Indian Dataset/supreme_court_judgments/1976/Gurdit_Singh_And_Ors_Etc_vs_Munsha_Singh_And_Ors_Etc_on_29_November_1976_1.PDF,http://indiankanoon.org/doc/1475334/,7
Kakinada_Annadana_Samajam_Etc_vs_Commissioner_Of_Hindu_Religious_on_2_December_1970_1.PDF,1970,1970,291828,/content/drive/MyDrive/Indian Dataset/supreme_court_judgments/1970/Kakinada_Annadana_Samajam_Etc_vs_Commissioner_Of_Hindu_Religious_on_2_December_1970_1.PDF,http://indiankanoon.org/doc/291828/,6
Nagindas_Ramdas_vs_Dalpatram_Ichharam_Brijram_And_Ors_on_30_November_1973_1.PDF,1973,1970,96229,/content/drive/MyDrive/Indian Dataset/supreme_court_judgments/1973/Nagindas_Ramdas_vs_Dalpatram_Ichharam_Brijram_And_Ors_on_30_November_1973_1.PDF,http://indiankanoon.org/doc/96229/,6
Balwant_Narayan_Bhagde_vs_M_D_Bhagwat_Ors_on_23_April_1975_1.PDF,1975,1970,1537954,/content/drive/MyDrive/Indian Dataset/supreme_court_judgments/1975/Balwant_Narayan_Bhagde_vs_M_D_Bhagwat_Ors_on_23_April_1975_1.PDF,http://indiankanoon.org/doc/1537954/,6
Dharam_Pal_Ors_vs_The_State_Of_U_P_on_1_September_1975_1.PDF,1975,1970,436026,/content/drive/MyDrive/Indian Dataset/supreme_court_judgments/1975/Dharam_Pal_Ors_vs_The_State_Of_U_P_on_1_September_1975_1.PDF,http://indiankanoon.org/doc/436026/,6
Puran_Singh_Ors_vs_State_Of_Punjab_on_25_April_1975_1.PDF,1975,1970,1815215,/content/drive/MyDrive/Indian Dataset/supreme_court_judgments/1975/Puran_Singh_Ors_vs_State_Of_Punjab_on_25_April_1975_1.PDF,http://indiankanoon.org/doc/1815215/,6
Damadilal_And_Others_vs_Parashram_And_Others_on_7_May_1976_1.PDF,1976,1970,1584099,/content/drive/MyDrive/Indian Dataset/supreme_court_judgments/1976/Damadilal_And_Others_vs_Parashram_And_Others_on_7_May_1976_1.PDF,http://indiankanoon.org/doc/1584099/,6
Dhaneshwarbuwa_Guru_Purshottambuwa_vs_The_Charity_Commissioner_State_Of_on_1_March_1976_1.PDF,1976,1970,843319,/content/drive/MyDrive/Indian Dataset/supreme_court_judgments/1976/Dhaneshwarbuwa_Guru_Purshottambuwa_vs_The_Charity_Commissioner_State_Of_on_1_March_1976_1.PDF,http://indiankanoon.org/doc/843319/,6
Mannan_Lal_vs_Mst_Chhotaka_Bibi_on_10_April_1970_1.PDF,1970,1970,423307,/content/drive/MyDrive/Indian Dataset/supreme_court_judgments/1970/Mannan_Lal_vs_Mst_Chhotaka_Bibi_on_10_April_1970_1.PDF,http://indiankanoon.org/doc/423307/,5
Bombay_Panjrapole_Bhuleshwar_vs_The_Workmen_And_Another_on_16_August_1971_1.PDF,1971,1970,704850,/content/drive/MyDrive/Indian Dataset/supreme_court_judgments/1971/Bombay_Panjrapole_Bhuleshwar_vs_The_Workmen_And_Another_on_16_August_1971_1.PDF,http://indiankanoon.org/doc/704850/,5
Mohan_Lal_vs_Anandibai_And_Ors_on_3_March_1971_1.PDF,1971,1970,360332,/content/drive/MyDrive/Indian Dataset/supreme_court_judgments/1971/Mohan_Lal_vs_Anandibai_And_Ors_on_3_March_1971_1.PDF,http://indiankanoon.org/doc/360332/,5
V_Venugopala_Varma_Rajah_vs_Commissioner_Agricultural_Income_on_6_October_1971_1.PDF,1971,1970,1664202,/content/drive/MyDrive/Indian Dataset/supreme_court_judgments/1971/V_Venugopala_Varma_Rajah_vs_Commissioner_Agricultural_Income_on_6_October_1971_1.PDF,http://indiankanoon.org/doc/1664202/,5
Balmadies_Plantations_Ltd_Anr_vs_State_Of_Tamil_Nadu_on_19_April_1972_1.PDF,1972,1970,1126088,/content/drive/MyDrive/Indian Dataset/supreme_court_judgments/1972/Balmadies_Plantations_Ltd_Anr_vs_State_Of_Tamil_Nadu_on_19_April_1972_1.PDF,http://indiankanoon.org/doc/1126088/,5
Mewar_Sugar_Mills_Ltd_Bhopal_Sagar_vs_Commissioner_Of_Income_Tax_on_26_September_1972_1.PDF,1972,1970,1959192,/content/drive/MyDrive/Indian Dataset/supreme_court_judgments/1972/Mewar_Sugar_Mills_Ltd_Bhopal_Sagar_vs_Commissioner_Of_Income_Tax_on_26_September_1972_1.PDF,http://indiankanoon.org/doc/1959192/,5
R_Ramamurthi_Iyer_vs_Raja_V_Rajeswara_Rao_on_22_August_1972_1.PDF,1972,1970,1560549,/content/drive/MyDrive/Indian Dataset/supreme_court_judgments/1972/R_Ramamurthi_Iyer_vs_Raja_V_Rajeswara_Rao_on_22_August_1972_1.PDF,http://indiankanoon.org/doc/1560549/,5
Shaukat_Hussain_Alias_Ali_Akram_Ors_vs_Smt_Bhuneshwari_Devi_Dead_By_L_Rs_on_25_August_1972_1.PDF,1972,1970,1190054,/content/drive/MyDrive/Indian Dataset/supreme_court_judgments/1972/Shaukat_Hussain_Alias_Ali_Akram_Ors_vs_Smt_Bhuneshwari_Devi_Dead_By_L_Rs_on_25_August_1972_1.PDF,http://indiankanoon.org/doc/1190054/,5
K_K_Chari_vs_R_M_Seshadri_on_16_March_1973_1.PDF,1973,1970,1065009,/content/drive/MyDrive/Indian Dataset/supreme_court_judgments/1973/K_K_Chari_vs_R_M_Seshadri_on_16_March_1973_1.PDF,http://indiankanoon.org/doc/1065009/,5
Parkash_Chand_Khurana_Etc_vs_Harnam_Singh_Ors_on_28_March_1973_1.PDF,1973,1970,1561728,/content/drive/MyDrive/Indian Dataset/supreme_court_judgments/1973/Parkash_Chand_Khurana_Etc_vs_Harnam_Singh_Ors_on_28_March_1973_1.PDF,http://indiankanoon.org/doc/1561728/,5
Raval_Co_vs_K_C_Ramachandran_Ors_on_11_December_1973_1.PDF,1973,1970,504570,/content/drive/MyDrive/Indian Dataset/supreme_court_judgments/1973/Raval_Co_vs_K_C_Ramachandran_Ors_on_11_December_1973_1.PDF,http://indiankanoon.org/doc/504570/,5
Controller_Of_Estate_Duty_Madras_vs_Parvathi_Ammal_on_11_November_1974_1.PDF,1974,1970,1580245,/content/drive/MyDrive/Indian Dataset/supreme_court_judgments/1974/Controller_Of_Estate_Duty_Madras_vs_Parvathi_Ammal_on_11_November_1974_1.PDF,http://indiankanoon.org/doc/1580245/,5
Chawla_And_Another_vs_State_Of_Haryana_on_12_February_1974_1.PDF,1974,1970,1444367,/content/drive/MyDrive/Indian Dataset/supreme_court_judgments/1974/Chawla_And_Another_vs_State_Of_Haryana_on_12_February_1974_1.PDF,http://indiankanoon.org/doc/1444367/,5
Raja_Bahadur_Motilal_Bombay_Mills_vs_M_S_Govind_Ram_Brothers_P_Ltd_on_12_March_1974_1.PDF,1974,1970,1116650,/content/drive/MyDrive/Indian Dataset/supreme_court_judgments/1974/Raja_Bahadur_Motilal_Bombay_Mills_vs_M_S_Govind_Ram_Brothers_P_Ltd_on_12_March_1974_1.PDF,http://indiankanoon.org/doc/1116650/,5
Purxomoma_Ramanata_Quenin_vs_Makan_Kalyan_Tandel_Ors_on_9_January_1974_1.PDF,1974,1970,1760957,/content/drive/MyDrive/Indian Dataset/supreme_court_judgments/1974/Purxomoma_Ramanata_Quenin_vs_Makan_Kalyan_Tandel_Ors_on_9_January_1974_1.PDF,http://indiankanoon.org/doc/1760957/,5
Surendra_Pal_Ors_vs_Saraswati_Arora_Anr_on_9_August_1974_1.PDF,1974,1970,1479755,/content/drive/MyDrive/Indian Dataset/supreme_court_judgments/1974/Surendra_Pal_Ors_vs_Saraswati_Arora_Anr_on_9_August_1974_1.PDF,http://indiankanoon.org/doc/1479755/,5
Krishna_Chandra_Gangopadhyaya_Etc_vs_Union_Of_India_Ors_on_18_April_1975_1.PDF,1975,1970,1590934,/content/drive/MyDrive/Indian Dataset/supreme_court_judgments/1975/Krishna_Chandra_Gangopadhyaya_Etc_vs_Union_Of_India_Ors_on_18_April_1975_1.PDF,http://indiankanoon.org/doc/1590934/,5
Surjit_Lal_Chhabda_vs_Commissioner_Of_Income_Tax_Bombay_on_6_October_1975_1.PDF,1975,1970,1719225,/content/drive/MyDrive/Indian Dataset/supreme_court_judgments/1975/Surjit_Lal_Chhabda_vs_Commissioner_Of_Income_Tax_Bombay_on_6_October_1975_1.PDF,http://indiankanoon.org/doc/1719225/,5
Thakur_Prasad_Sao_Etc_vs_The_Member_Board_Of_Revenue_Ors_on_18_December_1975_1.PDF,1975,1970,123698,/content/drive/MyDrive/Indian Dataset/supreme_court_judgments/1975/Thakur_Prasad_Sao_Etc_vs_The_Member_Board_Of_Revenue_Ors_on_18_December_1975_1.PDF,http://indiankanoon.org/doc/123698/,5
Jangbir_vs_Mahavir_Prasad_Gupta_on_22_September_1976_1.PDF,1976,1970,764222,/content/drive/MyDrive/Indian Dataset/supreme_court_judgments/1976/Jangbir_vs_Mahavir_Prasad_Gupta_on_22_September_1976_1.PDF,http://indiankanoon.org/doc/764222/,5
Mathura_Prasad_Bajoo_Jaiswal_Ors_vs_Dossibai_N_B_Jeejeebhoy_on_26_February_1970_1.PDF,1970,1970,1006709,/content/drive/MyDrive/Indian Dataset/supreme_court_judgments/1970/Mathura_Prasad_Bajoo_Jaiswal_Ors_vs_Dossibai_N_B_Jeejeebhoy_on_26_February_1970_1.PDF,http://indiankanoon.org/doc/1006709/,4
Bihar_State_Board_Religious_Trust_vs_Mahant_Sri_Biseshwar_Das_on_9_February_1971_1.PDF,1971,1970,740772,/content/drive/MyDrive/Indian Dataset/supreme_court_judgments/1971/Bihar_State_Board_Religious_Trust_vs_Mahant_Sri_Biseshwar_Das_on_9_February_1971_1.PDF,http://indiankanoon.org/doc/740772/,4
Bhubaneshwar_Prasad_Narain_Singh_Ors_vs_Sidheswar_Mukherjee_Ors_on_2_February_1971_1.PDF,1971,1970,882411,/content/drive/MyDrive/Indian Dataset/supreme_court_judgments/1971/Bhubaneshwar_Prasad_Narain_Singh_Ors_vs_Sidheswar_Mukherjee_Ors_on_2_February_1971_1.PDF,http://indiankanoon.org/doc/882411/,4
Chapsibhai_Dhanjibhai_Danad_vs_Purushottam_on_5_April_1971_1.PDF,1971,1970,111973,/content/drive/MyDrive/Indian Dataset/supreme_court_judgments/1971/Chapsibhai_Dhanjibhai_Danad_vs_Purushottam_on_5_April_1971_1.PDF,http://indiankanoon.org/doc/111973/,4
Commissioner_Of_Income_Tax_Bombay_vs_Maharashtra_Sugar_Mills_Ltd_Bombay_on_16_August_1971_1.PDF,1971,1970,65348,/content/drive/MyDrive/Indian Dataset/supreme_court_judgments/1971/Commissioner_Of_Income_Tax_Bombay_vs_Maharashtra_Sugar_Mills_Ltd_Bombay_on_16_August_1971_1.PDF,http://indiankanoon.org/doc/65348/,4
Damyanti_Naranga_vs_The_Union_Of_India_And_Others_on_23_February_1971_1.PDF,1971,1970,1214330,/content/drive/MyDrive/Indian Dataset/supreme_court_judgments/1971/Damyanti_Naranga_vs_The_Union_Of_India_And_Others_on_23_February_1971_1.PDF,http://indiankanoon.org/doc/1214330/,4
Firm_Of_Harbanslal_Jagmohandas_Anr_vs_Prabhudas_Shivlal_on_16_April_1971_1.PDF,1971,1970,1203079,/content/drive/MyDrive/Indian Dataset/supreme_court_judgments/1971/Firm_Of_Harbanslal_Jagmohandas_Anr_vs_Prabhudas_Shivlal_on_16_April_1971_1.PDF,http://indiankanoon.org/doc/1203079/,4
Umaji_Keshao_Meshram_And_Ors_vs_Radhikabai_Widow_Of_Anandrao_on_14_March_1986_1.PDF,1986,1980,184238590,/content/drive/MyDrive/Indian Dataset/supreme_court_judgments/1986/Umaji_Keshao_Meshram_And_Ors_vs_Radhikabai_Widow_Of_Anandrao_on_14_March_1986_1.PDF,http://indiankanoon.org/doc/184238590/,27
Union_Of_India_Anr_vs_Raghubir_Singh_Dead_By_Lrs_Etc_on_16_May_1989_1.PDF,1989,1980,505842,/content/drive/MyDrive/Indian Dataset/supreme_court_judgments/1989/Union_Of_India_Anr_vs_Raghubir_Singh_Dead_By_Lrs_Etc_on_16_May_1989_1.PDF,http://indiankanoon.org/doc/505842/,27
Doypack_Systems_Pvt_Ltd_Etc_vs_Union_Of_India_Ors_Etc_on_12_February_1988_1.PDF,1988,1980,611866,/content/drive/MyDrive/Indian Dataset/supreme_court_judgments/1988/Doypack_Systems_Pvt_Ltd_Etc_vs_Union_Of_India_Ors_Etc_on_12_February_1988_1.PDF,http://indiankanoon.org/doc/611866/,22
Chandavarkar_Sita_Ratna_Rao_vs_Ashalata_S_Guram_on_25_September_1986_1.PDF,1986,1980,895706,/content/drive/MyDrive/Indian Dataset/supreme_court_judgments/1986/Chandavarkar_Sita_Ratna_Rao_vs_Ashalata_S_Guram_on_25_September_1986_1.PDF,http://indiankanoon.org/doc/895706/,18
Inder_Mohan_Lal_vs_Ramesh_Khanna_on_4_August_1987_1.PDF,1987,1980,1773971,/content/drive/MyDrive/Indian Dataset/supreme_court_judgments/1987/Inder_Mohan_Lal_vs_Ramesh_Khanna_on_4_August_1987_1.PDF,http://indiankanoon.org/doc/1773971/,17
Accountant_And_Secretarial_Services_vs_Union_Of_India_Ors_on_20_July_1988_1.PDF,1988,1980,1732040,/content/drive/MyDrive/Indian Dataset/supreme_court_judgments/1988/Accountant_And_Secretarial_Services_vs_Union_Of_India_Ors_on_20_July_1988_1.PDF,http://indiankanoon.org/doc/1732040/,17
Pomal_Kanji_Govindji_Ors_vs_Vrajlal_Karsandas_Purohit_Ors_on_4_November_1988_1.PDF,1988,1980,1166417,/content/drive/MyDrive/Indian Dataset/supreme_court_judgments/1988/Pomal_Kanji_Govindji_Ors_vs_Vrajlal_Karsandas_Purohit_Ors_on_4_November_1988_1.PDF,http://indiankanoon.org/doc/1166417/,17
India_Cement_Ltd_vs_State_Of_Tamil_Nadu_Etc_on_25_October_1989_1.PDF,1989,1980,1907642,/content/drive/MyDrive/Indian Dataset/supreme_court_judgments/1989/India_Cement_Ltd_vs_State_Of_Tamil_Nadu_Etc_on_25_October_1989_1.PDF,http://indiankanoon.org/doc/1907642/,15
Pandurang_Ramchandra_Mandlik_Since_vs_Smt_Shantabai_Ramchandra_Ghatge_And_on_12_September_1989_1.PDF,1989,1980,1667279,/content/drive/MyDrive/Indian Dataset/supreme_court_judgments/1989/Pandurang_Ramchandra_Mandlik_Since_vs_Smt_Shantabai_Ramchandra_Ghatge_And_on_12_September_1989_1.PDF,http://indiankanoon.org/doc/1667279/,15
Prabhakaran_Nair_Etc_vs_State_Of_Tamil_Nadu_And_Ors_on_3_September_1987_1.PDF,1987,1980,288297,/content/drive/MyDrive/Indian Dataset/supreme_court_judgments/1987/Prabhakaran_Nair_Etc_vs_State_Of_Tamil_Nadu_And_Ors_on_3_September_1987_1.PDF,http://indiankanoon.org/doc/288297/,13
Modula_India_vs_Kamakshya_Singh_Deo_on_27_September_1988_1.PDF,1988,1980,1492054,/content/drive/MyDrive/Indian Dataset/supreme_court_judgments/1988/Modula_India_vs_Kamakshya_Singh_Deo_on_27_September_1988_1.PDF,http://indiankanoon.org/doc/1492054/,13
Maganlal_Etc_vs_Jaiswal_Industries_Neemach_Ors_on_7_August_1989_1.PDF,1989,1980,1268492,/content/drive/MyDrive/Indian Dataset/supreme_court_judgments/1989/Maganlal_Etc_vs_Jaiswal_Industries_Neemach_Ors_on_7_August_1989_1.PDF,http://indiankanoon.org/doc/1268492/,13
Smt_Shakuntala_S_Tiwari_vs_Hem_Chand_M_Singhania_on_6_May_1987_1.PDF,1987,1980,224201,/content/drive/MyDrive/Indian Dataset/supreme_court_judgments/1987/Smt_Shakuntala_S_Tiwari_vs_Hem_Chand_M_Singhania_on_6_May_1987_1.PDF,http://indiankanoon.org/doc/224201/,12
Sushil_Kumar_Metha_vs_Gobind_Ram_Bohra_on_10_November_1989_1.PDF,1989,1980,1847465,/content/drive/MyDrive/Indian Dataset/supreme_court_judgments/1989/Sushil_Kumar_Metha_vs_Gobind_Ram_Bohra_on_10_November_1989_1.PDF,http://indiankanoon.org/doc/1847465/,12
Pratapsinhji_N_Desai_vs_Deputy_Charity_Commissioner_Gujarat_on_11_August_1987_1.PDF,1987,1980,1800034,/content/drive/MyDrive/Indian Dataset/supreme_court_judgments/1987/Pratapsinhji_N_Desai_vs_Deputy_Charity_Commissioner_Gujarat_on_11_August_1987_1.PDF,http://indiankanoon.org/doc/1800034/,10
Ram_Sarup_Gupta_Dead_By_Lrs_vs_Bishun_Narain_Inter_College_Ors_on_8_April_1987_1.PDF,1987,1980,1357066,/content/drive/MyDrive/Indian Dataset/supreme_court_judgments/1987/Ram_Sarup_Gupta_Dead_By_Lrs_vs_Bishun_Narain_Inter_College_Ors_on_8_April_1987_1.PDF,http://indiankanoon.org/doc/1357066/,10
Thakore_Shri_Vinayasinhji_Dead_By_Lrs_vs_Kumar_Shri_Natwarsinhji_Ors_on_18_November_1987_1.PDF,1987,1980,93739,/content/drive/MyDrive/Indian Dataset/supreme_court_judgments/1987/Thakore_Shri_Vinayasinhji_Dead_By_Lrs_vs_Kumar_Shri_Natwarsinhji_Ors_on_18_November_1987_1.PDF,http://indiankanoon.org/doc/93739/,10
State_Of_Punjab_vs_Raj_Kumar_on_11_February_1988_1.PDF,1988,1980,1740382,/content/drive/MyDrive/Indian Dataset/supreme_court_judgments/1988/State_Of_Punjab_vs_Raj_Kumar_on_11_February_1988_1.PDF,http://indiankanoon.org/doc/1740382/,10
Arjun_Khiamal_Makhijani_Etc_vs_Jamnadas_C_Tuliani_Ors_Etc_on_5_October_1989_1.PDF,1989,1980,1128683,/content/drive/MyDrive/Indian Dataset/supreme_court_judgments/1989/Arjun_Khiamal_Makhijani_Etc_vs_Jamnadas_C_Tuliani_Ors_Etc_on_5_October_1989_1.PDF,http://indiankanoon.org/doc/1128683/,10
Haji_T_M_Hassan_Rawther_vs_Kerala_Financial_Corporation_on_17_November_1987_1.PDF,1987,1980,830683,/content/drive/MyDrive/Indian Dataset/supreme_court_judgments/1987/Haji_T_M_Hassan_Rawther_vs_Kerala_Financial_Corporation_on_17_November_1987_1.PDF,http://indiankanoon.org/doc/830683/,9
Richpal_Singh_And_Others_Etc_vs_Dalip_on_9_September_1987_1.PDF,1987,1980,1636196,/content/drive/MyDrive/Indian Dataset/supreme_court_judgments/1987/Richpal_Singh_And_Others_Etc_vs_Dalip_on_9_September_1987_1.PDF,http://indiankanoon.org/doc/1636196/,9
Smt_Rajbir_Kaur_Anr_vs_S_Chokesiri_Co_on_9_August_1988_1.PDF,1988,1980,1946601,/content/drive/MyDrive/Indian Dataset/supreme_court_judgments/1988/Smt_Rajbir_Kaur_Anr_vs_S_Chokesiri_Co_on_9_August_1988_1.PDF,http://indiankanoon.org/doc/1946601/,9
Jadavji_Purshottam_vs_Dhami_Navnitbhai_Amaratlal_Ors_on_9_September_1987_1.PDF,1987,1980,1795976,/content/drive/MyDrive/Indian Dataset/supreme_court_judgments/1987/Jadavji_Purshottam_vs_Dhami_Navnitbhai_Amaratlal_Ors_on_9_September_1987_1.PDF,http://indiankanoon.org/doc/1795976/,8
Krishi_Utpadan_Mandi_Samiti_vs_Ratan_Prakash_Mangal_Ors_Etc_on_6_May_1988_1.PDF,1988,1980,1611356,/content/drive/MyDrive/Indian Dataset/supreme_court_judgments/1988/Krishi_Utpadan_Mandi_Samiti_vs_Ratan_Prakash_Mangal_Ors_Etc_on_6_May_1988_1.PDF,http://indiankanoon.org/doc/1611356/,8
Smt_Krishna_Rajpal_Bhatia_Ors_vs_Miss_Leela_H_Advani_Ors_on_19_September_1988_1.PDF,1988,1980,10645,/content/drive/MyDrive/Indian Dataset/supreme_court_judgments/1988/Smt_Krishna_Rajpal_Bhatia_Ors_vs_Miss_Leela_H_Advani_Ors_on_19_September_1988_1.PDF,http://indiankanoon.org/doc/10645/,8
Gopal_Saran_vs_Satyanarayana_on_20_February_1989_1.PDF,1989,1980,573026,/content/drive/MyDrive/Indian Dataset/supreme_court_judgments/1989/Gopal_Saran_vs_Satyanarayana_on_20_February_1989_1.PDF,http://indiankanoon.org/doc/573026/,8
Johri_Singh_vs_Sukh_Pal_Singh_Ors_on_4_September_1989_1.PDF,1989,1980,1781361,/content/drive/MyDrive/Indian Dataset/supreme_court_judgments/1989/Johri_Singh_vs_Sukh_Pal_Singh_Ors_on_4_September_1989_1.PDF,http://indiankanoon.org/doc/1781361/,8
Rubber_House_vs_Excellsior_Needle_Industries_Pvt_Ltd_on_10_March_1989_1.PDF,1989,1980,1395333,/content/drive/MyDrive/Indian Dataset/supreme_court_judgments/1989/Rubber_House_vs_Excellsior_Needle_Industries_Pvt_Ltd_on_10_March_1989_1.PDF,http://indiankanoon.org/doc/1395333/,8
Vij_Resins_Pvt_Ltd_Anr_Etc_vs_State_Of_Jammu_Kashmir_Ors_on_12_May_1989_1.PDF,1989,1980,72954,/content/drive/MyDrive/Indian Dataset/supreme_court_judgments/1989/Vij_Resins_Pvt_Ltd_Anr_Etc_vs_State_Of_Jammu_Kashmir_Ors_on_12_May_1989_1.PDF,http://indiankanoon.org/doc/72954/,8
Vimla_Bai_Dead_By_Lrs_vs_Hiralal_Gupta_And_Ors_on_22_December_1989_1.PDF,1989,1980,895896,/content/drive/MyDrive/Indian Dataset/supreme_court_judgments/1989/Vimla_Bai_Dead_By_Lrs_vs_Hiralal_Gupta_And_Ors_on_22_December_1989_1.PDF,http://indiankanoon.org/doc/895896/,8
C_G_Ghanshamdas_Ors_vs_Collector_Of_Madras_on_12_September_1986_1.PDF,1986,1980,1896732,/content/drive/MyDrive/Indian Dataset/supreme_court_judgments/1986/C_G_Ghanshamdas_Ors_vs_Collector_Of_Madras_on_12_September_1986_1.PDF,http://indiankanoon.org/doc/1896732/,7
D_Satyanarayana_vs_P_Jagadish_on_15_September_1987_1.PDF,1987,1980,929437,/content/drive/MyDrive/Indian Dataset/supreme_court_judgments/1987/D_Satyanarayana_vs_P_Jagadish_on_15_September_1987_1.PDF,http://indiankanoon.org/doc/929437/,7
Khalil_Ahmed_Bashir_Ahmed_vs_Tufelhussein_Samasbhai_Sarangpurwala_on_13_November_1987_1.PDF,1987,1980,838254,/content/drive/MyDrive/Indian Dataset/supreme_court_judgments/1987/Khalil_Ahmed_Bashir_Ahmed_vs_Tufelhussein_Samasbhai_Sarangpurwala_on_13_November_1987_1.PDF,http://indiankanoon.org/doc/838254/,7
Venkatlal_G_Pittie_Anr_vs_Bright_Bros_Pvt_Ltd_on_21_July_1987_1.PDF,1987,1980,617692,/content/drive/MyDrive/Indian Dataset/supreme_court_judgments/1987/Venkatlal_G_Pittie_Anr_vs_Bright_Bros_Pvt_Ltd_on_21_July_1987_1.PDF,http://indiankanoon.org/doc/617692/,7
Buxa_Dooars_Tea_Company_Ltd_Etc_vs_State_Of_West_Bengal_And_Others_on_12_May_1989_1.PDF,1989,1980,1609886,/content/drive/MyDrive/Indian Dataset/supreme_court_judgments/1989/Buxa_Dooars_Tea_Company_Ltd_Etc_vs_State_Of_West_Bengal_And_Others_on_12_May_1989_1.PDF,http://indiankanoon.org/doc/1609886/,7
Ramesh_Birch_Ors_Etc_vs_Union_Of_India_Ors_Etc_on_21_April_1989_1.PDF,1989,1980,1110593,/content/drive/MyDrive/Indian Dataset/supreme_court_judgments/1989/Ramesh_Birch_Ors_Etc_vs_Union_Of_India_Ors_Etc_on_21_April_1989_1.PDF,http://indiankanoon.org/doc/1110593/,7
C_I_T_Bombay_City_vs_Bombay_Burmah_Trading_Corporation_on_16_July_1986_1.PDF,1986,1980,1379469,/content/drive/MyDrive/Indian Dataset/supreme_court_judgments/1986/C_I_T_Bombay_City_vs_Bombay_Burmah_Trading_Corporation_on_16_July_1986_1.PDF,http://indiankanoon.org/doc/1379469/,6
Commissioner_Of_Wealth_Tax_Kanpur_Etc_vs_Chander_Sen_Etc_on_16_July_1986_1.PDF,1986,1980,487379,/content/drive/MyDrive/Indian Dataset/supreme_court_judgments/1986/Commissioner_Of_Wealth_Tax_Kanpur_Etc_vs_Chander_Sen_Etc_on_16_July_1986_1.PDF,http://indiankanoon.org/doc/487379/,6
Surinder_Singh_vs_Central_Government_Ors_on_26_September_1986_1.PDF,1986,1980,1030864,/content/drive/MyDrive/Indian Dataset/supreme_court_judgments/1986/Surinder_Singh_vs_Central_Government_Ors_on_26_September_1986_1.PDF,http://indiankanoon.org/doc/1030864/,6
D_K_Soni_vs_P_K_Mukerjee_And_Ors_on_27_October_1987_1.PDF,1987,1980,529151,/content/drive/MyDrive/Indian Dataset/supreme_court_judgments/1987/D_K_Soni_vs_P_K_Mukerjee_And_Ors_on_27_October_1987_1.PDF,http://indiankanoon.org/doc/529151/,6
Shalimar_Tar_Products_Ltd_vs_H_C_Sharma_Ors_on_12_November_1987_1.PDF,1987,1980,869439,/content/drive/MyDrive/Indian Dataset/supreme_court_judgments/1987/Shalimar_Tar_Products_Ltd_vs_H_C_Sharma_Ors_on_12_November_1987_1.PDF,http://indiankanoon.org/doc/869439/,6
Administrator_General_Of_West_Bengal_vs_Collector_Varanasi_on_16_February_1988_1.PDF,1988,1980,859367,/content/drive/MyDrive/Indian Dataset/supreme_court_judgments/1988/Administrator_General_Of_West_Bengal_vs_Collector_Varanasi_on_16_February_1988_1.PDF,http://indiankanoon.org/doc/859367/,6
Jetha_Bai_Sons_Jew_Town_Cochin_Etc_vs_Sunderdas_Rathenai_Etc_Etc_on_4_February_1988_1.PDF,1988,1980,570358,/content/drive/MyDrive/Indian Dataset/supreme_court_judgments/1988/Jetha_Bai_Sons_Jew_Town_Cochin_Etc_vs_Sunderdas_Rathenai_Etc_Etc_on_4_February_1988_1.PDF,http://indiankanoon.org/doc/570358/,6
Roshan_Singh_Ors_vs_Zile_Singh_Ors_on_24_February_1988_1.PDF,1988,1980,1946998,/content/drive/MyDrive/Indian Dataset/supreme_court_judgments/1988/Roshan_Singh_Ors_vs_Zile_Singh_Ors_on_24_February_1988_1.PDF,http://indiankanoon.org/doc/1946998/,6
Amarjit_Singh_vs_Smt_Khatoon_Quamarain_on_18_November_1986_1.PDF,1986,1980,580380,/content/drive/MyDrive/Indian Dataset/supreme_court_judgments/1986/Amarjit_Singh_vs_Smt_Khatoon_Quamarain_on_18_November_1986_1.PDF,http://indiankanoon.org/doc/580380/,5
Commissioner_Of_Income_Tax_West_vs_Hindustan_Housing_Land_on_29_July_1986_1.PDF,1986,1980,853159,/content/drive/MyDrive/Indian Dataset/supreme_court_judgments/1986/Commissioner_Of_Income_Tax_West_vs_Hindustan_Housing_Land_on_29_July_1986_1.PDF,http://indiankanoon.org/doc/853159/,5
General_Radio_Appliances_Co_Ltd_Ors_vs_M_A_Khader_Dead_By_Lrs_on_17_April_1986_1.PDF,1986,1980,167519,/content/drive/MyDrive/Indian Dataset/supreme_court_judgments/1986/General_Radio_Appliances_Co_Ltd_Ors_vs_M_A_Khader_Dead_By_Lrs_on_17_April_1986_1.PDF,http://indiankanoon.org/doc/167519/,5
Yudhishter_vs_Ashok_Kumar_on_11_December_1986_1.PDF,1986,1980,15535,/content/drive/MyDrive/Indian Dataset/supreme_court_judgments/1986/Yudhishter_vs_Ashok_Kumar_on_11_December_1986_1.PDF,http://indiankanoon.org/doc/15535/,5
Beopar_Sahayak_P_Ltd_Ors_vs_Vishwa_Nath_Ors_on_15_July_1987_1.PDF,1987,1980,1379062,/content/drive/MyDrive/Indian Dataset/supreme_court_judgments/1987/Beopar_Sahayak_P_Ltd_Ors_vs_Vishwa_Nath_Ors_on_15_July_1987_1.PDF,http://indiankanoon.org/doc/1379062/,5
Shyamaraju_Hegde_vs_U_Venkatesha_Bhat_Ors_on_25_September_1987_1.PDF,1987,1980,1885988,/content/drive/MyDrive/Indian Dataset/supreme_court_judgments/1987/Shyamaraju_Hegde_vs_U_Venkatesha_Bhat_Ors_on_25_September_1987_1.PDF,http://indiankanoon.org/doc/1885988/,5
Smt_Gulwant_Kaur_Another_vs_Mohinder_Singh_Ors_on_20_July_1987_1.PDF,1987,1980,1436076,/content/drive/MyDrive/Indian Dataset/supreme_court_judgments/1987/Smt_Gulwant_Kaur_Another_vs_Mohinder_Singh_Ors_on_20_July_1987_1.PDF,http://indiankanoon.org/doc/1436076/,5
State_Of_Gujarat_And_Ors_Etc_vs_Parshottamdas_Ramdas_Patel_Ors_on_12_November_1987_1.PDF,1987,1980,1509618,/content/drive/MyDrive/Indian Dataset/supreme_court_judgments/1987/State_Of_Gujarat_And_Ors_Etc_vs_Parshottamdas_Ramdas_Patel_Ors_on_12_November_1987_1.PDF,http://indiankanoon.org/doc/1509618/,5
Dharma_Shamrao_Agalawe_vs_Pandurang_Miragu_Agalawe_Ors_on_22_February_1988_1.PDF,1988,1980,1826665,/content/drive/MyDrive/Indian Dataset/supreme_court_judgments/1988/Dharma_Shamrao_Agalawe_vs_Pandurang_Miragu_Agalawe_Ors_on_22_February_1988_1.PDF,http://indiankanoon.org/doc/1826665/,5
Jawaharlal_Wadhwa_And_Another_vs_Haripada_Chakroberty_on_14_October_1988_1.PDF,1988,1980,398258,/content/drive/MyDrive/Indian Dataset/supreme_court_judgments/1988/Jawaharlal_Wadhwa_And_Another_vs_Haripada_Chakroberty_on_14_October_1988_1.PDF,http://indiankanoon.org/doc/398258/,5
Pal_Singh_vs_Sunder_Singh_Dead_By_Lrs_Ors_on_10_January_1989_1.PDF,1989,1980,870347,/content/drive/MyDrive/Indian Dataset/supreme_court_judgments/1989/Pal_Singh_vs_Sunder_Singh_Dead_By_Lrs_Ors_on_10_January_1989_1.PDF,http://indiankanoon.org/doc/870347/,5
Smt_Chandrakantaben_Etc_vs_Vadilal_Bapalal_Modi_Others_on_30_March_1989_1.PDF,1989,1980,1013087,/content/drive/MyDrive/Indian Dataset/supreme_court_judgments/1989/Smt_Chandrakantaben_Etc_vs_Vadilal_Bapalal_Modi_Others_on_30_March_1989_1.PDF,http://indiankanoon.org/doc/1013087/,5
State_Of_Uttar_Pradesh_Ors_vs_Radhey_Shyam_Nigam_Ors_Etc_Etc_on_11_January_1989_1.PDF,1989,1980,747330,/content/drive/MyDrive/Indian Dataset/supreme_court_judgments/1989/State_Of_Uttar_Pradesh_Ors_vs_Radhey_Shyam_Nigam_Ors_Etc_Etc_on_11_January_1989_1.PDF,http://indiankanoon.org/doc/747330/,5
State_Of_Tamil_Nadu_vs_Shakti_Estates_Anr_on_1_February_1989_1.PDF,1989,1980,378921,/content/drive/MyDrive/Indian Dataset/supreme_court_judgments/1989/State_Of_Tamil_Nadu_vs_Shakti_Estates_Anr_on_1_February_1989_1.PDF,http://indiankanoon.org/doc/378921/,5
Union_Of_India_And_Ors_vs_Filip_Tiago_De_Gama_Of_Vedem_Vasco_De_Gama_on_30_November_1989_1.PDF,1989,1980,689330,/content/drive/MyDrive/Indian Dataset/supreme_court_judgments/1989/Union_Of_India_And_Ors_vs_Filip_Tiago_De_Gama_Of_Vedem_Vasco_De_Gama_on_30_November_1989_1.PDF,http://indiankanoon.org/doc/689330/,5
B_K_Srinivasan_Another_Etc_Etc_vs_State_Of_Karnataka_Ors_on_19_January_1987_1.PDF,1987,1980,465322,/content/drive/MyDrive/Indian Dataset/supreme_court_judgments/1987/B_K_Srinivasan_Another_Etc_Etc_vs_State_Of_Karnataka_Ors_on_19_January_1987_1.PDF,http://indiankanoon.org/doc/465322/,4
Bal_Niketan_Nursery_School_vs_Kesari_Prasad_on_15_July_1987_1.PDF,1987,1980,265322,/content/drive/MyDrive/Indian Dataset/supreme_court_judgments/1987/Bal_Niketan_Nursery_School_vs_Kesari_Prasad_on_15_July_1987_1.PDF,http://indiankanoon.org/doc/265322/,4
Capt_Now_Major_Ashok_Kshyap_vs_Mrs_Sudha_Vasisht_Anr_on_4_February_1987_1.PDF,1987,1980,81682,/content/drive/MyDrive/Indian Dataset/supreme_court_judgments/1987/Capt_Now_Major_Ashok_Kshyap_vs_Mrs_Sudha_Vasisht_Anr_on_4_February_1987_1.PDF,http://indiankanoon.org/doc/81682/,4
Samatha_vs_State_Of_Andhra_Pradesh_And_Ors_on_11_July_1997_1.PDF,1997,1990,1969682,/content/drive/MyDrive/Indian Dataset/supreme_court_judgments/1997/Samatha_vs_State_Of_Andhra_Pradesh_And_Ors_on_11_July_1997_1.PDF,http://indiankanoon.org/doc/1969682/,67
Orissa_Cement_Ltd_And_Ors_Etc_Etc_vs_State_Of_Orissa_And_Ors_Etc_Etc_on_4_April_1991_1.PDF,1991,1990,1714839,/content/drive/MyDrive/Indian Dataset/supreme_court_judgments/1991/Orissa_Cement_Ltd_And_Ors_Etc_Etc_vs_State_Of_Orissa_And_Ors_Etc_Etc_on_4_April_1991_1.PDF,http://indiankanoon.org/doc/1714839/,29
Gauri_Shankar_vs_State_Of_U_P_on_12_August_1993_1.PDF,1993,1990,1752395,/content/drive/MyDrive/Indian Dataset/supreme_court_judgments/1993/Gauri_Shankar_vs_State_Of_U_P_on_12_August_1993_1.PDF,http://indiankanoon.org/doc/1752395/,27
M_I_Builders_Pvt_Ltd_vs_Radhey_Shyam_Sahu_And_Others_on_26_July_1999_1.PDF,1999,1990,1937304,/content/drive/MyDrive/Indian Dataset/supreme_court_judgments/1999/M_I_Builders_Pvt_Ltd_vs_Radhey_Shyam_Sahu_And_Others_on_26_July_1999_1.PDF,http://indiankanoon.org/doc/1937304/,25
Vatticherukuru_Village_Panchayat_And_vs_Nori_Vekatrama_Deekshithulu_And_Ors_on_26_April_1991_1.PDF,1991,1990,739751,/content/drive/MyDrive/Indian Dataset/supreme_court_judgments/1991/Vatticherukuru_Village_Panchayat_And_vs_Nori_Vekatrama_Deekshithulu_And_Ors_on_26_April_1991_1.PDF,http://indiankanoon.org/doc/739751/,24
Goodricke_Group_Ltd_And_Ors_vs_State_Of_W_B_And_Ors_on_25_November_1994_1.PDF,1994,1990,1308614,/content/drive/MyDrive/Indian Dataset/supreme_court_judgments/1994/Goodricke_Group_Ltd_And_Ors_vs_State_Of_W_B_And_Ors_on_25_November_1994_1.PDF,http://indiankanoon.org/doc/1308614/,24
K_S_Paripoornan_vs_State_Of_Kerala_on_12_September_1994_1.PDF,1994,1990,82262912,/content/drive/MyDrive/Indian Dataset/supreme_court_judgments/1994/K_S_Paripoornan_vs_State_Of_Kerala_on_12_September_1994_1.PDF,http://indiankanoon.org/doc/82262912/,22
State_Of_Tamil_Nadu_vs_Arooran_Sugars_Ltd_on_31_October_1996_1.PDF,1996,1990,522381,/content/drive/MyDrive/Indian Dataset/supreme_court_judgments/1996/State_Of_Tamil_Nadu_vs_Arooran_Sugars_Ltd_on_31_October_1996_1.PDF,http://indiankanoon.org/doc/522381/,22
The_State_Of_Tamil_Nadu_vs_M_S_Arooran_Sugars_Ltd_on_31_October_1996_1.PDF,1996,1990,1835110,/content/drive/MyDrive/Indian Dataset/supreme_court_judgments/1996/The_State_Of_Tamil_Nadu_vs_M_S_Arooran_Sugars_Ltd_on_31_October_1996_1.PDF,http://indiankanoon.org/doc/1835110/,21
Shankar_vs_State_Of_T_N_on_4_April_1994_1.PDF,1994,1990,1593993,/content/drive/MyDrive/Indian Dataset/supreme_court_judgments/1994/Shankar_vs_State_Of_T_N_on_4_April_1994_1.PDF,http://indiankanoon.org/doc/1593993/,20
Madhu_Kishwar_Ors_Etc_vs_State_Of_Bihar_Ors_on_17_April_1996_1.PDF,1996,1990,450953,/content/drive/MyDrive/Indian Dataset/supreme_court_judgments/1996/Madhu_Kishwar_Ors_Etc_vs_State_Of_Bihar_Ors_on_17_April_1996_1.PDF,http://indiankanoon.org/doc/450953/,20
Commissioner_Of_Income_Tax_Bombay_Etc_vs_Podar_Cement_Pvt_Ltd_Etc_on_27_May_1997_1.PDF,1997,1990,518414,/content/drive/MyDrive/Indian Dataset/supreme_court_judgments/1997/Commissioner_Of_Income_Tax_Bombay_Etc_vs_Podar_Cement_Pvt_Ltd_Etc_on_27_May_1997_1.PDF,http://indiankanoon.org/doc/518414/,20
Ashoka_Marketing_Ltd_And_Anr_Etc_Etc_vs_Punjab_National_Bank_And_Ors_Etc_Etc_on_7_August_1990_1.PDF,1990,1990,453977,/content/drive/MyDrive/Indian Dataset/supreme_court_judgments/1990/Ashoka_Marketing_Ltd_And_Anr_Etc_Etc_vs_Punjab_National_Bank_And_Ors_Etc_Etc_on_7_August_1990_1.PDF,http://indiankanoon.org/doc/453977/,19
Premium_Granites_vs_State_Of_T_N_on_4_February_1994_1.PDF,1994,1990,1805578,/content/drive/MyDrive/Indian Dataset/supreme_court_judgments/1994/Premium_Granites_vs_State_Of_T_N_on_4_February_1994_1.PDF,http://indiankanoon.org/doc/1805578/,19
Sultana_Begum_vs_Prem_Chand_Jain_on_10_December_1996_1.PDF,1996,1990,1530418,/content/drive/MyDrive/Indian Dataset/supreme_court_judgments/1996/Sultana_Begum_vs_Prem_Chand_Jain_on_10_December_1996_1.PDF,http://indiankanoon.org/doc/1530418/,19
E_I_D_Parry_I_Ltd_vs_Asst_Commr_Of_Commercial_Taxes_And_Anr_on_17_December_1999_1.PDF,1999,1990,996616,/content/drive/MyDrive/Indian Dataset/supreme_court_judgments/1999/E_I_D_Parry_I_Ltd_vs_Asst_Commr_Of_Commercial_Taxes_And_Anr_on_17_December_1999_1.PDF,http://indiankanoon.org/doc/996616/,19
East_India_Hotels_Ltd_vs_Syndicate_Bank_on_12_September_1991_1.PDF,1991,1990,1144022,/content/drive/MyDrive/Indian Dataset/supreme_court_judgments/1991/East_India_Hotels_Ltd_vs_Syndicate_Bank_on_12_September_1991_1.PDF,http://indiankanoon.org/doc/1144022/,18
Revathinnal_Balagopala_Varma_vs_His_Highness_Shri_Padmanabhadasa_Bala_on_28_November_1991_1.PDF,1991,1990,1999764,/content/drive/MyDrive/Indian Dataset/supreme_court_judgments/1991/Revathinnal_Balagopala_Varma_vs_His_Highness_Shri_Padmanabhadasa_Bala_on_28_November_1991_1.PDF,http://indiankanoon.org/doc/1999764/,18
Babua_Ram_And_Ors_vs_State_Of_U_P_And_Anr_on_4_October_1994_1.PDF,1994,1990,1806862,/content/drive/MyDrive/Indian Dataset/supreme_court_judgments/1994/Babua_Ram_And_Ors_vs_State_Of_U_P_And_Anr_on_4_October_1994_1.PDF,http://indiankanoon.org/doc/1806862/,18
Itc_Bhadrachalam_Paperborads_Anr_vs_Mandal_Revenue_Officer_Andhrapradesh_on_9_September_1996_1.PDF,1996,1990,1651733,/content/drive/MyDrive/Indian Dataset/supreme_court_judgments/1996/Itc_Bhadrachalam_Paperborads_Anr_vs_Mandal_Revenue_Officer_Andhrapradesh_on_9_September_1996_1.PDF,http://indiankanoon.org/doc/1651733/,18
New_Delhi_Municipal_Corporation_Etc_vs_State_Of_Punjab_Etc_Etc_on_19_December_1996_1.PDF,1996,1990,50919315,/content/drive/MyDrive/Indian Dataset/supreme_court_judgments/1996/New_Delhi_Municipal_Corporation_Etc_vs_State_Of_Punjab_Etc_Etc_on_19_December_1996_1.PDF,http://indiankanoon.org/doc/50919315/,18
Darshan_Singh_And_Anr_Etc_Etc_vs_Ram_Pal_Singh_And_Anr_Etc_Etc_on_20_November_1990_1.PDF,1990,1990,1474767,/content/drive/MyDrive/Indian Dataset/supreme_court_judgments/1990/Darshan_Singh_And_Anr_Etc_Etc_vs_Ram_Pal_Singh_And_Anr_Etc_Etc_on_20_November_1990_1.PDF,http://indiankanoon.org/doc/1474767/,17
Life_Insurance_Corporation_Of_India_vs_India_Automobiles_And_Co_And_Ors_on_1_August_1990_1.PDF,1990,1990,978541,/content/drive/MyDrive/Indian Dataset/supreme_court_judgments/1990/Life_Insurance_Corporation_Of_India_vs_India_Automobiles_And_Co_And_Ors_on_1_August_1990_1.PDF,http://indiankanoon.org/doc/978541/,17
Commissioner_Of_Income_Tax_Kanpur_vs_Kamla_Town_Trust_on_16_November_1995_1.PDF,1995,1990,301671,/content/drive/MyDrive/Indian Dataset/supreme_court_judgments/1995/Commissioner_Of_Income_Tax_Kanpur_vs_Kamla_Town_Trust_on_16_November_1995_1.PDF,http://indiankanoon.org/doc/301671/,17
Associated_Stone_Industries_Kotah_vs_Commissioner_Of_Income_Tax_Rajasthan_on_5_February_1997_1.PDF,1997,1990,1615335,/content/drive/MyDrive/Indian Dataset/supreme_court_judgments/1997/Associated_Stone_Industries_Kotah_vs_Commissioner_Of_Income_Tax_Rajasthan_on_5_February_1997_1.PDF,http://indiankanoon.org/doc/1615335/,17
State_Bank_Of_Patiala_Ors_vs_S_K_Sharma_on_27_March_1996_1.PDF,1996,1990,1865791,/content/drive/MyDrive/Indian Dataset/supreme_court_judgments/1996/State_Bank_Of_Patiala_Ors_vs_S_K_Sharma_on_27_March_1996_1.PDF,http://indiankanoon.org/doc/1865791/,16
Bhuri_Nath_And_Ors_vs_State_Of_J_K_And_Ors_on_10_January_1997_1.PDF,1997,1990,149988148,/content/drive/MyDrive/Indian Dataset/supreme_court_judgments/1997/Bhuri_Nath_And_Ors_vs_State_Of_J_K_And_Ors_on_10_January_1997_1.PDF,http://indiankanoon.org/doc/149988148/,16
Thota_Sesharathamma_And_Anr_vs_Thota_Manikyamma_Dead_By_Lrs_And_Ors_on_23_August_1991_1.PDF,1991,1990,1905495,/content/drive/MyDrive/Indian Dataset/supreme_court_judgments/1991/Thota_Sesharathamma_And_Anr_vs_Thota_Manikyamma_Dead_By_Lrs_And_Ors_on_23_August_1991_1.PDF,http://indiankanoon.org/doc/1905495/,15
Shiv_Kumar_Chadha_Etc_Etc_vs_Municipal_Corporation_Of_Delhi_And_Ors_on_4_May_1993_1.PDF,1993,1990,863497,/content/drive/MyDrive/Indian Dataset/supreme_court_judgments/1993/Shiv_Kumar_Chadha_Etc_Etc_vs_Municipal_Corporation_Of_Delhi_And_Ors_on_4_May_1993_1.PDF,http://indiankanoon.org/doc/863497/,15
Shankar_Gauri_Shankar_And_Ors_vs_State_Of_Tamil_Nadu_on_4_April_1994_1.PDF,1994,1990,63794871,/content/drive/MyDrive/Indian Dataset/supreme_court_judgments/1994/Shankar_Gauri_Shankar_And_Ors_vs_State_Of_Tamil_Nadu_on_4_April_1994_1.PDF,http://indiankanoon.org/doc/63794871/,15
Sk_Sattar_Sk_Mohd_Choudhari_vs_Gundappa_Amabadas_Bukate_on_11_October_1996_1.PDF,1996,1990,529036,/content/drive/MyDrive/Indian Dataset/supreme_court_judgments/1996/Sk_Sattar_Sk_Mohd_Choudhari_vs_Gundappa_Amabadas_Bukate_on_11_October_1996_1.PDF,http://indiankanoon.org/doc/529036/,15
Raptakos_Brett_And_Co_Ltd_vs_Ganesh_Property_on_8_September_1998_1.PDF,1998,1990,1664373,/content/drive/MyDrive/Indian Dataset/supreme_court_judgments/1998/Raptakos_Brett_And_Co_Ltd_vs_Ganesh_Property_on_8_September_1998_1.PDF,http://indiankanoon.org/doc/1664373/,15
P_Kannadasan_Etc_Etc_vs_State_Of_Tamil_Nadu_Ors_Etc_Etc_on_26_July_1996_1.PDF,1996,1990,1987491,/content/drive/MyDrive/Indian Dataset/supreme_court_judgments/1996/P_Kannadasan_Etc_Etc_vs_State_Of_Tamil_Nadu_Ors_Etc_Etc_on_26_July_1996_1.PDF,http://indiankanoon.org/doc/1987491/,14
Vidhyadhar_vs_Manikrao_Anr_on_17_March_1999_1.PDF,1999,1990,1332419,/content/drive/MyDrive/Indian Dataset/supreme_court_judgments/1999/Vidhyadhar_vs_Manikrao_Anr_on_17_March_1999_1.PDF,http://indiankanoon.org/doc/1332419/,14
Dattatraya_Prakash_And_Ors_vs_Krishna_Rao_Lala_Saheb_Baxi_Through_on_20_August_1991_1.PDF,1991,1990,581955,/content/drive/MyDrive/Indian Dataset/supreme_court_judgments/1991/Dattatraya_Prakash_And_Ors_vs_Krishna_Rao_Lala_Saheb_Baxi_Through_on_20_August_1991_1.PDF,http://indiankanoon.org/doc/581955/,13
Union_Of_India_Uoi_vs_Hari_Krishan_Khosla_Dead_By_Lrs_on_16_September_1992_1.PDF,1992,1990,818638,/content/drive/MyDrive/Indian Dataset/supreme_court_judgments/1992/Union_Of_India_Uoi_vs_Hari_Krishan_Khosla_Dead_By_Lrs_on_16_September_1992_1.PDF,http://indiankanoon.org/doc/818638/,13
Ram_Chand_vs_Union_Of_India_N_P_Singh_J_on_30_September_1993_1.PDF,1993,1990,1465016,/content/drive/MyDrive/Indian Dataset/supreme_court_judgments/1993/Ram_Chand_vs_Union_Of_India_N_P_Singh_J_on_30_September_1993_1.PDF,http://indiankanoon.org/doc/1465016/,13
Dr_M_Ismail_Frauqui_And_Ors_vs_Union_Of_India_Uoi_And_Ors_on_24_October_1994_1.PDF,1994,1990,52822922,/content/drive/MyDrive/Indian Dataset/supreme_court_judgments/1994/Dr_M_Ismail_Frauqui_And_Ors_vs_Union_Of_India_Uoi_And_Ors_on_24_October_1994_1.PDF,http://indiankanoon.org/doc/52822922/,13
Suresh_Chandra_Bahri_vs_State_Of_Bihar_on_13_July_1994_1.PDF,1994,1990,144689,/content/drive/MyDrive/Indian Dataset/supreme_court_judgments/1994/Suresh_Chandra_Bahri_vs_State_Of_Bihar_on_13_July_1994_1.PDF,http://indiankanoon.org/doc/144689/,13
Smt_Parayankandiyal_vs_K_Devi_Ors_on_26_April_1996_1.PDF,1996,1990,391843,/content/drive/MyDrive/Indian Dataset/supreme_court_judgments/1996/Smt_Parayankandiyal_vs_K_Devi_Ors_on_26_April_1996_1.PDF,http://indiankanoon.org/doc/391843/,13
Pratap_Singh_vs_Sarojini_Devi_on_17_August_1993_1.PDF,1993,1990,583554,/content/drive/MyDrive/Indian Dataset/supreme_court_judgments/1993/Pratap_Singh_vs_Sarojini_Devi_on_17_August_1993_1.PDF,http://indiankanoon.org/doc/583554/,12
Bijendra_Nath_Srivastava_vs_Mayank_Srivastava_on_10_August_1994_1.PDF,1994,1990,1453495,/content/drive/MyDrive/Indian Dataset/supreme_court_judgments/1994/Bijendra_Nath_Srivastava_vs_Mayank_Srivastava_on_10_August_1994_1.PDF,http://indiankanoon.org/doc/1453495/,12
Bhoop_Singh_vs_Ram_Singh_Major_Ors_on_11_September_1995_1.PDF,1995,1990,1426371,/content/drive/MyDrive/Indian Dataset/supreme_court_judgments/1995/Bhoop_Singh_vs_Ram_Singh_Major_Ors_on_11_September_1995_1.PDF,http://indiankanoon.org/doc/1426371/,12
Sanwarmal_Kejriwal_vs_Vishwa_Cooperative_Housing_Society_on_8_March_1990_1.PDF,1990,1990,861691,/content/drive/MyDrive/Indian Dataset/supreme_court_judgments/1990/Sanwarmal_Kejriwal_vs_Vishwa_Cooperative_Housing_Society_on_8_March_1990_1.PDF,http://indiankanoon.org/doc/861691/,11
Desh_Bandhu_Gupta_vs_N_L_Anand_Rajinder_Singh_on_17_September_1993_1.PDF,1993,1990,1362442,/content/drive/MyDrive/Indian Dataset/supreme_court_judgments/1993/Desh_Bandhu_Gupta_vs_N_L_Anand_Rajinder_Singh_on_17_September_1993_1.PDF,http://indiankanoon.org/doc/1362442/,11
Ram_Chand_And_Ors_vs_Union_Of_India_Uoi_And_Ors_on_30_September_1993_1.PDF,1993,1990,9971659,/content/drive/MyDrive/Indian Dataset/supreme_court_judgments/1993/Ram_Chand_And_Ors_vs_Union_Of_India_Uoi_And_Ors_on_30_September_1993_1.PDF,http://indiankanoon.org/doc/9971659/,11
Bala_Shankar_Mama_Shankar_Bhattjee_And_vs_Charity_Commissioner_Gujarat_State_on_17_August_1994_1.PDF,1994,1990,281220,/content/drive/MyDrive/Indian Dataset/supreme_court_judgments/1994/Bala_Shankar_Mama_Shankar_Bhattjee_And_vs_Charity_Commissioner_Gujarat_State_on_17_August_1994_1.PDF,http://indiankanoon.org/doc/281220/,11
Murari_Ors_vs_Union_Of_India_Ors_on_1_November_1996_1.PDF,1996,1990,1809461,/content/drive/MyDrive/Indian Dataset/supreme_court_judgments/1996/Murari_Ors_vs_Union_Of_India_Ors_on_1_November_1996_1.PDF,http://indiankanoon.org/doc/1809461/,11
Chiranjilal_Shrilal_Goenka_Deceased_vs_Jasjit_Singh_And_Ors_on_18_March_1993_1.PDF,1993,1990,1878478,/content/drive/MyDrive/Indian Dataset/supreme_court_judgments/1993/Chiranjilal_Shrilal_Goenka_Deceased_vs_Jasjit_Singh_And_Ors_on_18_March_1993_1.PDF,http://indiankanoon.org/doc/1878478/,10
Gumpha_vs_Jaibai_on_11_February_1994_1.PDF,1994,1990,1622720,/content/drive/MyDrive/Indian Dataset/supreme_court_judgments/1994/Gumpha_vs_Jaibai_on_11_February_1994_1.PDF,http://indiankanoon.org/doc/1622720/,10
Mosammat_Bibi_Sayeeda_Ors_Etc_vs_The_State_Of_Bihar_Ors_Etc_on_25_April_1996_1.PDF,1996,1990,1008190,/content/drive/MyDrive/Indian Dataset/supreme_court_judgments/1996/Mosammat_Bibi_Sayeeda_Ors_Etc_vs_The_State_Of_Bihar_Ors_Etc_on_25_April_1996_1.PDF,http://indiankanoon.org/doc/1008190/,10
Union_Of_India_Ors_vs_Dhanwanti_Devi_Ors_on_21_August_1996_1.PDF,1996,1990,1145726,/content/drive/MyDrive/Indian Dataset/supreme_court_judgments/1996/Union_Of_India_Ors_vs_Dhanwanti_Devi_Ors_on_21_August_1996_1.PDF,http://indiankanoon.org/doc/1145726/,10
Vasantkumar_Radhakisan_Vora_vs_Board_Of_Trustees_Of_The_Port_Of_Bombay_on_21_August_1990_1.PDF,1990,1990,517737,/content/drive/MyDrive/Indian Dataset/supreme_court_judgments/1990/Vasantkumar_Radhakisan_Vora_vs_Board_Of_Trustees_Of_The_Port_Of_Bombay_on_21_August_1990_1.PDF,http://indiankanoon.org/doc/517737/,9
Maharashtra_State_Financial_vs_Jaycee_Drugs_And_Pharmaceuticals_Pvt_on_19_February_1991_1.PDF,1991,1990,549621,/content/drive/MyDrive/Indian Dataset/supreme_court_judgments/1991/Maharashtra_State_Financial_vs_Jaycee_Drugs_And_Pharmaceuticals_Pvt_on_19_February_1991_1.PDF,http://indiankanoon.org/doc/549621/,9
Jammi_Raja_Rao_vs_Anjaneyaswami_Temple_Valu_Etc_on_6_March_1992_1.PDF,1992,1990,1165849,/content/drive/MyDrive/Indian Dataset/supreme_court_judgments/1992/Jammi_Raja_Rao_vs_Anjaneyaswami_Temple_Valu_Etc_on_6_March_1992_1.PDF,http://indiankanoon.org/doc/1165849/,9
His_Highness_Maharaja_Pratap_Singh_vs_Her_Highness_Maharani_Sarojini_Devi_And_on_17_August_1993_1.PDF,1993,1990,168653623,/content/drive/MyDrive/Indian Dataset/supreme_court_judgments/1993/His_Highness_Maharaja_Pratap_Singh_vs_Her_Highness_Maharani_Sarojini_Devi_And_on_17_August_1993_1.PDF,http://indiankanoon.org/doc/168653623/,9
Lucknow_Development_Authority_vs_M_K_Gupta_on_5_November_1993_1.PDF,1993,1990,1375046,/content/drive/MyDrive/Indian Dataset/supreme_court_judgments/1993/Lucknow_Development_Authority_vs_M_K_Gupta_on_5_November_1993_1.PDF,http://indiankanoon.org/doc/1375046/,9
M_S_Neyvely_Lignite_Corpn_Ltd_vs_Special_Tahsildar_Land_Acquisition_on_19_October_1994_1.PDF,1994,1990,1053338,/content/drive/MyDrive/Indian Dataset/supreme_court_judgments/1994/M_S_Neyvely_Lignite_Corpn_Ltd_vs_Special_Tahsildar_Land_Acquisition_on_19_October_1994_1.PDF,http://indiankanoon.org/doc/1053338/,9
Karnal_Improvement_Trust_Karnal_vs_Smt_Parkash_Wanti_Dead_And_Anr_on_9_May_1995_1.PDF,1995,1990,1685004,/content/drive/MyDrive/Indian Dataset/supreme_court_judgments/1995/Karnal_Improvement_Trust_Karnal_vs_Smt_Parkash_Wanti_Dead_And_Anr_on_9_May_1995_1.PDF,http://indiankanoon.org/doc/1685004/,9
Ajay_Krishan_Shinghal_Etc_Etc_vs_Union_Of_India_Ors_on_6_August_1996_1.PDF,1996,1990,394218,/content/drive/MyDrive/Indian Dataset/supreme_court_judgments/1996/Ajay_Krishan_Shinghal_Etc_Etc_vs_Union_Of_India_Ors_on_6_August_1996_1.PDF,http://indiankanoon.org/doc/394218/,9
New_Delhi_Municipal_Committee_vs_State_Of_Punjab_Etc_Etc_on_19_December_1996_1.PDF,1996,1990,1367950,/content/drive/MyDrive/Indian Dataset/supreme_court_judgments/1996/New_Delhi_Municipal_Committee_vs_State_Of_Punjab_Etc_Etc_on_19_December_1996_1.PDF,http://indiankanoon.org/doc/1367950/,9
The_Officer_On_Special_Duty_Land_vs_Shah_Manilal_Chandulal_Etc_on_9_February_1996_1.PDF,1996,1990,1946315,/content/drive/MyDrive/Indian Dataset/supreme_court_judgments/1996/The_Officer_On_Special_Duty_Land_vs_Shah_Manilal_Chandulal_Etc_on_9_February_1996_1.PDF,http://indiankanoon.org/doc/1946315/,9
Satyawati_Sharma_Dead_By_Lrs_vs_Union_Of_India_Another_on_16_April_2008_1.PDF,2008,2000,1703207,/content/drive/MyDrive/Indian Dataset/supreme_court_judgments/2008/Satyawati_Sharma_Dead_By_Lrs_vs_Union_Of_India_Another_on_16_April_2008_1.PDF,http://indiankanoon.org/doc/1703207/,31
Sooraram_Pratap_Reddy_Ors_vs_Distt_Collector_Ranga_Reddy_Dist_on_5_September_2008_1.PDF,2008,2000,1313008,/content/drive/MyDrive/Indian Dataset/supreme_court_judgments/2008/Sooraram_Pratap_Reddy_Ors_vs_Distt_Collector_Ranga_Reddy_Dist_on_5_September_2008_1.PDF,http://indiankanoon.org/doc/1313008/,29
Balco_Employees_Union_Regd_vs_Union_Of_India_Ors_on_10_December_2001_1.PDF,2001,2000,1737583,/content/drive/MyDrive/Indian Dataset/supreme_court_judgments/2001/Balco_Employees_Union_Regd_vs_Union_Of_India_Ors_on_10_December_2001_1.PDF,http://indiankanoon.org/doc/1737583/,28
Ranganayakamma_Anr_vs_K_S_Prakash_D_By_Lrs_Ors_on_16_May_2008_1.PDF,2008,2000,256224,/content/drive/MyDrive/Indian Dataset/supreme_court_judgments/2008/Ranganayakamma_Anr_vs_K_S_Prakash_D_By_Lrs_Ors_on_16_May_2008_1.PDF,http://indiankanoon.org/doc/256224/,23
Kunhayammed_Ors_vs_State_Of_Kerala_Anr_on_19_July_2000_1.PDF,2000,2000,1940266,/content/drive/MyDrive/Indian Dataset/supreme_court_judgments/2000/Kunhayammed_Ors_vs_State_Of_Kerala_Anr_on_19_July_2000_1.PDF,http://indiankanoon.org/doc/1940266/,20
Shyam_Sunder_And_Others_vs_Ram_Kumar_And_Another_on_31_July_2001_1.PDF,2001,2000,661966,/content/drive/MyDrive/Indian Dataset/supreme_court_judgments/2001/Shyam_Sunder_And_Others_vs_Ram_Kumar_And_Another_on_31_July_2001_1.PDF,http://indiankanoon.org/doc/661966/,18
Shyam_Sunder_And_Others_vs_Ram_Kumar_And_Another_on_30_July_2001_1.PDF,2001,2000,1701224,/content/drive/MyDrive/Indian Dataset/supreme_court_judgments/2001/Shyam_Sunder_And_Others_vs_Ram_Kumar_And_Another_on_30_July_2001_1.PDF,http://indiankanoon.org/doc/1701224/,18
Karnataka_State_Financial_Corporation_vs_N_Narasimahaiah_Ors_on_13_March_2008_1.PDF,2008,2000,389917,/content/drive/MyDrive/Indian Dataset/supreme_court_judgments/2008/Karnataka_State_Financial_Corporation_vs_N_Narasimahaiah_Ors_on_13_March_2008_1.PDF,http://indiankanoon.org/doc/389917/,16
Gura_Singh_vs_The_State_Of_Rajasthan_on_6_December_2000_1.PDF,2000,2000,928028,/content/drive/MyDrive/Indian Dataset/supreme_court_judgments/2000/Gura_Singh_vs_The_State_Of_Rajasthan_on_6_December_2000_1.PDF,http://indiankanoon.org/doc/928028/,15
The_Quarry_Owners_Association_vs_The_State_Of_Bihar_Ors_on_8_August_2000_1.PDF,2000,2000,281568,/content/drive/MyDrive/Indian Dataset/supreme_court_judgments/2000/The_Quarry_Owners_Association_vs_The_State_Of_Bihar_Ors_on_8_August_2000_1.PDF,http://indiankanoon.org/doc/281568/,15
State_Govt_Houseless_Harijan_vs_State_Of_Karnataka_Ors_on_11_December_2000_1.PDF,2000,2000,166442,/content/drive/MyDrive/Indian Dataset/supreme_court_judgments/2000/State_Govt_Houseless_Harijan_vs_State_Of_Karnataka_Ors_on_11_December_2000_1.PDF,http://indiankanoon.org/doc/166442/,13
N_Kamalam_Dead_And_Anr_vs_Ayyasamy_Anr_on_3_August_2001_1.PDF,2001,2000,552423,/content/drive/MyDrive/Indian Dataset/supreme_court_judgments/2001/N_Kamalam_Dead_And_Anr_vs_Ayyasamy_Anr_on_3_August_2001_1.PDF,http://indiankanoon.org/doc/552423/,13
Allahabad_Bank_vs_Canara_Bank_Another_on_10_April_2000_1.PDF,2000,2000,677551,/content/drive/MyDrive/Indian Dataset/supreme_court_judgments/2000/Allahabad_Bank_vs_Canara_Bank_Another_on_10_April_2000_1.PDF,http://indiankanoon.org/doc/677551/,12
Narendra_Gopal_Vidyarthi_vs_Rajat_Vidyarthi_on_2_December_2008_1.PDF,2008,2000,1803980,/content/drive/MyDrive/Indian Dataset/supreme_court_judgments/2008/Narendra_Gopal_Vidyarthi_vs_Rajat_Vidyarthi_on_2_December_2008_1.PDF,http://indiankanoon.org/doc/1803980/,12
Union_Of_India_Ors_vs_Sicom_Ltd_Anr_on_5_December_2008_1.PDF,2008,2000,1420336,/content/drive/MyDrive/Indian Dataset/supreme_court_judgments/2008/Union_Of_India_Ors_vs_Sicom_Ltd_Anr_on_5_December_2008_1.PDF,http://indiankanoon.org/doc/1420336/,12
Sri_Mohan_Wahi_vs_Commissioner_Income_Tax_Varanasi_on_30_March_2001_1.PDF,2001,2000,246132,/content/drive/MyDrive/Indian Dataset/supreme_court_judgments/2001/Sri_Mohan_Wahi_vs_Commissioner_Income_Tax_Varanasi_on_30_March_2001_1.PDF,http://indiankanoon.org/doc/246132/,11
Vimalben_Ajitbhai_Patel_vs_Vatslabeen_Ashokbhai_Patel_And_Others_on_14_March_2008_1.PDF,2008,2000,913087,/content/drive/MyDrive/Indian Dataset/supreme_court_judgments/2008/Vimalben_Ajitbhai_Patel_vs_Vatslabeen_Ashokbhai_Patel_And_Others_on_14_March_2008_1.PDF,http://indiankanoon.org/doc/913087/,11
Ghulam_Qadir_vs_Special_Tribunal_Ors_on_3_October_2001_1.PDF,2001,2000,1224932,/content/drive/MyDrive/Indian Dataset/supreme_court_judgments/2001/Ghulam_Qadir_vs_Special_Tribunal_Ors_on_3_October_2001_1.PDF,http://indiankanoon.org/doc/1224932/,10
Her_Highness_Maharani_Shantidevi_P_vs_Savjibhai_Haribhai_Patel_Ors_on_21_March_2001_1.PDF,2001,2000,1858757,/content/drive/MyDrive/Indian Dataset/supreme_court_judgments/2001/Her_Highness_Maharani_Shantidevi_P_vs_Savjibhai_Haribhai_Patel_Ors_on_21_March_2001_1.PDF,http://indiankanoon.org/doc/1858757/,10
The_Commissioner_Of_Income_Tax_West_vs_United_Provinces_Electric_Supply_on_17_April_2000_1.PDF,2000,2000,935705,/content/drive/MyDrive/Indian Dataset/supreme_court_judgments/2000/The_Commissioner_Of_Income_Tax_West_vs_United_Provinces_Electric_Supply_on_17_April_2000_1.PDF,http://indiankanoon.org/doc/935705/,9
Vannattankandy_Ibrayi_vs_Kunhabdulla_Hajee_on_13_December_2000_1.PDF,2000,2000,755721,/content/drive/MyDrive/Indian Dataset/supreme_court_judgments/2000/Vannattankandy_Ibrayi_vs_Kunhabdulla_Hajee_on_13_December_2000_1.PDF,http://indiankanoon.org/doc/755721/,9
M_S_Ambalal_Sarabhai_Enterprises_Ltd_vs_M_S_Amrit_Lal_Co_Anr_on_27_August_2001_1.PDF,2001,2000,845417,/content/drive/MyDrive/Indian Dataset/supreme_court_judgments/2001/M_S_Ambalal_Sarabhai_Enterprises_Ltd_vs_M_S_Amrit_Lal_Co_Anr_on_27_August_2001_1.PDF,http://indiankanoon.org/doc/845417/,9
Tanusree_Basu_Ors_vs_Ishani_Prasad_Basu_Ors_on_5_March_2008_1.PDF,2008,2000,1705231,/content/drive/MyDrive/Indian Dataset/supreme_court_judgments/2008/Tanusree_Basu_Ors_vs_Ishani_Prasad_Basu_Ors_on_5_March_2008_1.PDF,http://indiankanoon.org/doc/1705231/,9
Delhi_Administration_vs_Gurdip_Singh_Uban_And_Ors_Etc_on_18_August_2000_1.PDF,2000,2000,501542,/content/drive/MyDrive/Indian Dataset/supreme_court_judgments/2000/Delhi_Administration_vs_Gurdip_Singh_Uban_And_Ors_Etc_on_18_August_2000_1.PDF,http://indiankanoon.org/doc/501542/,8
Ramji_Singh_Anr_vs_State_Of_Bihar_on_12_October_2001_1.PDF,2001,2000,1661153,/content/drive/MyDrive/Indian Dataset/supreme_court_judgments/2001/Ramji_Singh_Anr_vs_State_Of_Bihar_on_12_October_2001_1.PDF,http://indiankanoon.org/doc/1661153/,8
The_Dental_Council_Of_India_vs_Subharti_K_K_B_Charitable_Trust_Anr_on_25_April_2001_1.PDF,2001,2000,1433451,/content/drive/MyDrive/Indian Dataset/supreme_court_judgments/2001/The_Dental_Council_Of_India_vs_Subharti_K_K_B_Charitable_Trust_Anr_on_25_April_2001_1.PDF,http://indiankanoon.org/doc/1433451/,8
Kamala_Ors_vs_K_T_Eshwara_Sa_Ors_on_29_April_2008_1.PDF,2008,2000,1792834,/content/drive/MyDrive/Indian Dataset/supreme_court_judgments/2008/Kamala_Ors_vs_K_T_Eshwara_Sa_Ors_on_29_April_2008_1.PDF,http://indiankanoon.org/doc/1792834/,8
Meera_Sahni_vs_Lt_Governor_Of_Delhi_Ors_on_15_July_2008_1.PDF,2008,2000,1328359,/content/drive/MyDrive/Indian Dataset/supreme_court_judgments/2008/Meera_Sahni_vs_Lt_Governor_Of_Delhi_Ors_on_15_July_2008_1.PDF,http://indiankanoon.org/doc/1328359/,8
Patel_Rajnikant_Dhulabhai_Anr_vs_Patel_Chandrakant_Dhulabhai_Ors_on_21_July_2008_1.PDF,2008,2000,1603084,/content/drive/MyDrive/Indian Dataset/supreme_court_judgments/2008/Patel_Rajnikant_Dhulabhai_Anr_vs_Patel_Chandrakant_Dhulabhai_Ors_on_21_July_2008_1.PDF,http://indiankanoon.org/doc/1603084/,8
Netai_Bag_Ors_vs_The_State_Of_West_Bengal_Ors_on_27_September_2000_1.PDF,2000,2000,462163,/content/drive/MyDrive/Indian Dataset/supreme_court_judgments/2000/Netai_Bag_Ors_vs_The_State_Of_West_Bengal_Ors_on_27_September_2000_1.PDF,http://indiankanoon.org/doc/462163/,7
Rajendra_Singh_Ors_vs_The_State_Of_Bihar_on_7_April_2000_1.PDF,2000,2000,321504,/content/drive/MyDrive/Indian Dataset/supreme_court_judgments/2000/Rajendra_Singh_Ors_vs_The_State_Of_Bihar_on_7_April_2000_1.PDF,http://indiankanoon.org/doc/321504/,7
Shriomani_Gurudwara_Prabandhak_vs_Shri_Som_Nath_Dass_Ors_on_29_March_2000_1.PDF,2000,2000,1478973,/content/drive/MyDrive/Indian Dataset/supreme_court_judgments/2000/Shriomani_Gurudwara_Prabandhak_vs_Shri_Som_Nath_Dass_Ors_on_29_March_2000_1.PDF,http://indiankanoon.org/doc/1478973/,7
Kewal_Chand_Mimani_D_By_Lrs_vs_S_K_Sem_And_Ors_on_23_July_2001_1.PDF,2001,2000,840688,/content/drive/MyDrive/Indian Dataset/supreme_court_judgments/2001/Kewal_Chand_Mimani_D_By_Lrs_vs_S_K_Sem_And_Ors_on_23_July_2001_1.PDF,http://indiankanoon.org/doc/840688/,7
Prakash_Dhawal_Khairnar_Patil_vs_State_Of_Maharastra_on_12_December_2001_1.PDF,2001,2000,433507,/content/drive/MyDrive/Indian Dataset/supreme_court_judgments/2001/Prakash_Dhawal_Khairnar_Patil_vs_State_Of_Maharastra_on_12_December_2001_1.PDF,http://indiankanoon.org/doc/433507/,7
Santosh_Hazari_vs_Purushottam_Tiwari_Dead_By_Lrs_on_8_February_2001_1.PDF,2001,2000,1396621,/content/drive/MyDrive/Indian Dataset/supreme_court_judgments/2001/Santosh_Hazari_vs_Purushottam_Tiwari_Dead_By_Lrs_on_8_February_2001_1.PDF,http://indiankanoon.org/doc/1396621/,7
State_Of_Maharashtra_vs_Bharat_Chaganlal_Raghani_Ors_on_11_July_2001_1.PDF,2001,2000,406616,/content/drive/MyDrive/Indian Dataset/supreme_court_judgments/2001/State_Of_Maharashtra_vs_Bharat_Chaganlal_Raghani_Ors_on_11_July_2001_1.PDF,http://indiankanoon.org/doc/406616/,7
Raghu_Raj_Singh_Rousha_vs_M_S_Shivam_Sundaram_Promoters_P_L_on_17_December_2008_1.PDF,2008,2000,189174252,/content/drive/MyDrive/Indian Dataset/supreme_court_judgments/2008/Raghu_Raj_Singh_Rousha_vs_M_S_Shivam_Sundaram_Promoters_P_L_on_17_December_2008_1.PDF,http://indiankanoon.org/doc/189174252/,7
Vidyabai_Ors_vs_Padmalatha_Anr_on_12_December_2008_1.PDF,2008,2000,860342,/content/drive/MyDrive/Indian Dataset/supreme_court_judgments/2008/Vidyabai_Ors_vs_Padmalatha_Anr_on_12_December_2008_1.PDF,http://indiankanoon.org/doc/860342/,7
Smt_Dilboo_Dead_By_Lrs_Ors_vs_Smt_Dhanraji_Dead_And_Ors_on_12_September_2000_1.PDF,2000,2000,701958,/content/drive/MyDrive/Indian Dataset/supreme_court_judgments/2000/Smt_Dilboo_Dead_By_Lrs_Ors_vs_Smt_Dhanraji_Dead_And_Ors_on_12_September_2000_1.PDF,http://indiankanoon.org/doc/701958/,6
State_Of_Rajasthan_vs_Harphool_Singh_Dead_Through_His_L_Rs_on_4_May_2000_1.PDF,2000,2000,1742737,/content/drive/MyDrive/Indian Dataset/supreme_court_judgments/2000/State_Of_Rajasthan_vs_Harphool_Singh_Dead_Through_His_L_Rs_on_4_May_2000_1.PDF,http://indiankanoon.org/doc/1742737/,6
Rajender_Singh_vs_Ramdhar_Singh_And_Ors_on_11_May_2001_1.PDF,2001,2000,1529365,/content/drive/MyDrive/Indian Dataset/supreme_court_judgments/2001/Rajender_Singh_vs_Ramdhar_Singh_And_Ors_on_11_May_2001_1.PDF,http://indiankanoon.org/doc/1529365/,6
Mumtaz_Yunus_Mulani_vs_State_Of_Maharashtra_Ors_on_14_March_2008_1.PDF,2008,2000,1125536,/content/drive/MyDrive/Indian Dataset/supreme_court_judgments/2008/Mumtaz_Yunus_Mulani_vs_State_Of_Maharashtra_Ors_on_14_March_2008_1.PDF,http://indiankanoon.org/doc/1125536/,6
Pundlik_Jalam_Patil_D_By_Lrs_vs_Exe_Eng_Jalgaon_Medium_Project_Anr_on_3_November_2008_1.PDF,2008,2000,1471225,/content/drive/MyDrive/Indian Dataset/supreme_court_judgments/2008/Pundlik_Jalam_Patil_D_By_Lrs_vs_Exe_Eng_Jalgaon_Medium_Project_Anr_on_3_November_2008_1.PDF,http://indiankanoon.org/doc/1471225/,6
Smt_Bachahan_Devi_Anr_vs_Nagar_Nigam_Gorakhpur_Anr_on_5_February_2008_1.PDF,2008,2000,1031431,/content/drive/MyDrive/Indian Dataset/supreme_court_judgments/2008/Smt_Bachahan_Devi_Anr_vs_Nagar_Nigam_Gorakhpur_Anr_on_5_February_2008_1.PDF,http://indiankanoon.org/doc/1031431/,6
Shamahad_Ahmad_Ors_vs_Tilak_Raj_Bajaj_D_By_Lrs_Ors_on_11_September_2008_1.PDF,2008,2000,1331963,/content/drive/MyDrive/Indian Dataset/supreme_court_judgments/2008/Shamahad_Ahmad_Ors_vs_Tilak_Raj_Bajaj_D_By_Lrs_Ors_on_11_September_2008_1.PDF,http://indiankanoon.org/doc/1331963/,6
Ambika_Prasad_And_Another_vs_State_Delhi_Administration_Delhi_on_21_January_2000_1.PDF,2000,2000,151141,/content/drive/MyDrive/Indian Dataset/supreme_court_judgments/2000/Ambika_Prasad_And_Another_vs_State_Delhi_Administration_Delhi_on_21_January_2000_1.PDF,http://indiankanoon.org/doc/151141/,5
Hridaya_Rangan_Pd_Verma_And_Ors_vs_State_Of_Bihar_And_Anr_on_31_March_2000_1.PDF,2000,2000,853800,/content/drive/MyDrive/Indian Dataset/supreme_court_judgments/2000/Hridaya_Rangan_Pd_Verma_And_Ors_vs_State_Of_Bihar_And_Anr_on_31_March_2000_1.PDF,http://indiankanoon.org/doc/853800/,5
Narmada_Bachao_Andolan_vs_Union_Of_India_And_Others_on_18_October_2000_1.PDF,2000,2000,1938608,/content/drive/MyDrive/Indian Dataset/supreme_court_judgments/2000/Narmada_Bachao_Andolan_vs_Union_Of_India_And_Others_on_18_October_2000_1.PDF,http://indiankanoon.org/doc/1938608/,5
Rajendra_Kumar_vs_Kalyan_D_By_Lrs_on_2_August_2000_1.PDF,2000,2000,1842039,/content/drive/MyDrive/Indian Dataset/supreme_court_judgments/2000/Rajendra_Kumar_vs_Kalyan_D_By_Lrs_on_2_August_2000_1.PDF,http://indiankanoon.org/doc/1842039/,5
Surjit_Kaur_vs_Naurata_Singh_Anr_on_13_September_2000_1.PDF,2000,2000,1279953,/content/drive/MyDrive/Indian Dataset/supreme_court_judgments/2000/Surjit_Kaur_vs_Naurata_Singh_Anr_on_13_September_2000_1.PDF,http://indiankanoon.org/doc/1279953/,5
U_P_State_Sugar_Corporation_Ltd_vs_Dy_Director_Of_Consolidation_Ors_on_7_February_2000_1.PDF,2000,2000,1067714,/content/drive/MyDrive/Indian Dataset/supreme_court_judgments/2000/U_P_State_Sugar_Corporation_Ltd_vs_Dy_Director_Of_Consolidation_Ors_on_7_February_2000_1.PDF,http://indiankanoon.org/doc/1067714/,5
Jayalakshmi_Coelho_vs_Oswald_Joseph_Coelho_on_28_February_2001_1.PDF,2001,2000,937834,/content/drive/MyDrive/Indian Dataset/supreme_court_judgments/2001/Jayalakshmi_Coelho_vs_Oswald_Joseph_Coelho_on_28_February_2001_1.PDF,http://indiankanoon.org/doc/937834/,5
M_S_Estralla_Rubber_vs_Dass_Estate_Private_Ltd_on_12_September_2001_1.PDF,2001,2000,1833459,/content/drive/MyDrive/Indian Dataset/supreme_court_judgments/2001/M_S_Estralla_Rubber_vs_Dass_Estate_Private_Ltd_on_12_September_2001_1.PDF,http://indiankanoon.org/doc/1833459/,5
State_Of_Himachal_Pradesh_vs_Tarsem_Singh_And_Others_on_4_September_2001_1.PDF,2001,2000,1892742,/content/drive/MyDrive/Indian Dataset/supreme_court_judgments/2001/State_Of_Himachal_Pradesh_vs_Tarsem_Singh_And_Others_on_4_September_2001_1.PDF,http://indiankanoon.org/doc/1892742/,5
M_S_Nagarjuna_Construction_Co_Ltd_vs_Govt_Of_A_P_Ors_on_20_October_2008_1.PDF,2008,2000,967935,/content/drive/MyDrive/Indian Dataset/supreme_court_judgments/2008/M_S_Nagarjuna_Construction_Co_Ltd_vs_Govt_Of_A_P_Ors_on_20_October_2008_1.PDF,http://indiankanoon.org/doc/967935/,5
N_Padmamma_And_Ors_vs_S_Ramakrishna_Reddy_Ors_on_16_May_2008_1.PDF,2008,2000,638272,/content/drive/MyDrive/Indian Dataset/supreme_court_judgments/2008/N_Padmamma_And_Ors_vs_S_Ramakrishna_Reddy_Ors_on_16_May_2008_1.PDF,http://indiankanoon.org/doc/638272/,5
Tamil_Nadu_Housing_Board_Ors_vs_Sea_Shore_Apartments_Owners_Welfare_on_9_January_2008_1.PDF,2008,2000,1491184,/content/drive/MyDrive/Indian Dataset/supreme_court_judgments/2008/Tamil_Nadu_Housing_Board_Ors_vs_Sea_Shore_Apartments_Owners_Welfare_on_9_January_2008_1.PDF,http://indiankanoon.org/doc/1491184/,5
Thiruvengada_Pillai_vs_Navaneethammal_Anr_on_19_February_2008_1.PDF,2008,2000,14125,/content/drive/MyDrive/Indian Dataset/supreme_court_judgments/2008/Thiruvengada_Pillai_vs_Navaneethammal_Anr_on_19_February_2008_1.PDF,http://indiankanoon.org/doc/14125/,5
Abdul_Wahab_Ansari_vs_State_Of_Bihar_Anr_on_17_October_2000_1.PDF,2000,2000,1796405,/content/drive/MyDrive/Indian Dataset/supreme_court_judgments/2000/Abdul_Wahab_Ansari_vs_State_Of_Bihar_Anr_on_17_October_2000_1.PDF,http://indiankanoon.org/doc/1796405/,4
Anthony_vs_Kc_Ittoop_And_Sons_And_Others_on_21_July_2000_1.PDF,2000,2000,830805,/content/drive/MyDrive/Indian Dataset/supreme_court_judgments/2000/Anthony_vs_Kc_Ittoop_And_Sons_And_Others_on_21_July_2000_1.PDF,http://indiankanoon.org/doc/830805/,4
Gautam_Paul_vs_Debi_Rani_Paul_And_Ors_on_17_October_2000_1.PDF,2000,2000,240013,/content/drive/MyDrive/Indian Dataset/supreme_court_judgments/2000/Gautam_Paul_vs_Debi_Rani_Paul_And_Ors_on_17_October_2000_1.PDF,http://indiankanoon.org/doc/240013/,4
M_Arul_Jothi_Anr_vs_Lajja_Bal_Deceased_Anr_on_29_February_2000_1.PDF,2000,2000,394979,/content/drive/MyDrive/Indian Dataset/supreme_court_judgments/2000/M_Arul_Jothi_Anr_vs_Lajja_Bal_Deceased_Anr_on_29_February_2000_1.PDF,http://indiankanoon.org/doc/394979/,4
Indore_Development_Authority_vs_Shailendra_Dead_Through_Its_Lrs_And_on_8_February_2018_1.PDF,2018,2010,88188427,/content/drive/MyDrive/Indian Dataset/supreme_court_judgments/2018/Indore_Development_Authority_vs_Shailendra_Dead_Through_Its_Lrs_And_on_8_February_2018_1.PDF,http://indiankanoon.org/doc/88188427/,157
Kedar_Nath_Yadav_vs_State_Of_West_Bengal_Ors_on_31_August_2016_1.PDF,2016,2010,168057026,/content/drive/MyDrive/Indian Dataset/supreme_court_judgments/2016/Kedar_Nath_Yadav_vs_State_Of_West_Bengal_Ors_on_31_August_2016_1.PDF,http://indiankanoon.org/doc/168057026/,92
K_T_Plantation_Pvt_Ltd_Anr_vs_State_Of_Karnataka_on_9_August_2011_1.PDF,2011,2010,1524072,/content/drive/MyDrive/Indian Dataset/supreme_court_judgments/2011/K_T_Plantation_Pvt_Ltd_Anr_vs_State_Of_Karnataka_on_9_August_2011_1.PDF,http://indiankanoon.org/doc/1524072/,88
Narmada_Bachao_Andolan_vs_State_Of_M_P_Anr_on_11_May_2011_1.PDF,2011,2010,769498,/content/drive/MyDrive/Indian Dataset/supreme_court_judgments/2011/Narmada_Bachao_Andolan_vs_State_Of_M_P_Anr_on_11_May_2011_1.PDF,http://indiankanoon.org/doc/769498/,74
T_Ravi_Anr_vs_B_Chinna_Narasimha_Ors_Etc_on_21_March_2017_1.PDF,2017,2010,177188375,/content/drive/MyDrive/Indian Dataset/supreme_court_judgments/2017/T_Ravi_Anr_vs_B_Chinna_Narasimha_Ors_Etc_on_21_March_2017_1.PDF,http://indiankanoon.org/doc/177188375/,73
Monnet_Ispat_And_Energy_Ltd_vs_Union_Of_India_And_Ors_on_26_July_2012_1.PDF,2012,2010,4436830,/content/drive/MyDrive/Indian Dataset/supreme_court_judgments/2012/Monnet_Ispat_And_Energy_Ltd_vs_Union_Of_India_And_Ors_on_26_July_2012_1.PDF,http://indiankanoon.org/doc/4436830/,66
Union_Of_India_vs_Ibrahim_Uddin_Anr_on_17_July_2012_1.PDF,2012,2010,61939581,/content/drive/MyDrive/Indian Dataset/supreme_court_judgments/2012/Union_Of_India_vs_Ibrahim_Uddin_Anr_on_17_July_2012_1.PDF,http://indiankanoon.org/doc/61939581/,66
Rojer_Mathew_vs_South_Indian_Bank_Ltd_And_Ors_Chief_on_13_November_2019_1.PDF,2019,2010,36423291,/content/drive/MyDrive/Indian Dataset/supreme_court_judgments/2019/Rojer_Mathew_vs_South_Indian_Bank_Ltd_And_Ors_Chief_on_13_November_2019_1.PDF,http://indiankanoon.org/doc/36423291/,58
Pioneer_Urban_Land_And_Infrastructure_vs_Union_Of_India_on_9_August_2019_1.PDF,2019,2010,118478827,/content/drive/MyDrive/Indian Dataset/supreme_court_judgments/2019/Pioneer_Urban_Land_And_Infrastructure_vs_Union_Of_India_on_9_August_2019_1.PDF,http://indiankanoon.org/doc/118478827/,55
The_Authorized_Officer_Indian_Bank_vs_D_Visalakshi_on_23_September_2019_1.PDF,2019,2010,40305755,/content/drive/MyDrive/Indian Dataset/supreme_court_judgments/2019/The_Authorized_Officer_Indian_Bank_vs_D_Visalakshi_on_23_September_2019_1.PDF,http://indiankanoon.org/doc/40305755/,53
M_Siddiq_D_Thr_Lrs_vs_Mahant_Suresh_Das_Ors_on_9_November_2019_1.PDF,2019,2010,107745042,/content/drive/MyDrive/Indian Dataset/supreme_court_judgments/2019/M_Siddiq_D_Thr_Lrs_vs_Mahant_Suresh_Das_Ors_on_9_November_2019_1.PDF,http://indiankanoon.org/doc/107745042/,50
Rajasthan_State_Indst_Dev_Inv_Corpn_vs_Subhash_Sindhi_Coop_Hsg_Society_on_12_February_2013_1.PDF,2013,2010,136212417,/content/drive/MyDrive/Indian Dataset/supreme_court_judgments/2013/Rajasthan_State_Indst_Dev_Inv_Corpn_vs_Subhash_Sindhi_Coop_Hsg_Society_on_12_February_2013_1.PDF,http://indiankanoon.org/doc/136212417/,48
Ravinder_Kaur_Grewal_vs_Manjit_Kaur_on_7_August_2019_1.PDF,2019,2010,199096823,/content/drive/MyDrive/Indian Dataset/supreme_court_judgments/2019/Ravinder_Kaur_Grewal_vs_Manjit_Kaur_on_7_August_2019_1.PDF,http://indiankanoon.org/doc/199096823/,46
Lic_vs_Nandini_J_Shah_on_20_February_2018_1.PDF,2018,2010,157067218,/content/drive/MyDrive/Indian Dataset/supreme_court_judgments/2018/Lic_vs_Nandini_J_Shah_on_20_February_2018_1.PDF,http://indiankanoon.org/doc/157067218/,45
Ravindra_Ramchandra_Waghmare_vs_Indore_Mun_Corp_Ors_on_29_November_2016_1.PDF,2016,2010,121065383,/content/drive/MyDrive/Indian Dataset/supreme_court_judgments/2016/Ravindra_Ramchandra_Waghmare_vs_Indore_Mun_Corp_Ors_on_29_November_2016_1.PDF,http://indiankanoon.org/doc/121065383/,44
The_State_Of_Karnataka_By_Its_Chief_vs_State_Of_Tamil_Nadu_By_Its_Chief_on_16_February_2018_1.PDF,2018,2010,53558237,/content/drive/MyDrive/Indian Dataset/supreme_court_judgments/2018/The_State_Of_Karnataka_By_Its_Chief_vs_State_Of_Tamil_Nadu_By_Its_Chief_on_16_February_2018_1.PDF,http://indiankanoon.org/doc/53558237/,39
Meghmala_Ors_vs_G_Narasimha_Reddy_Ors_on_16_August_2010_1.PDF,2010,2010,1329151,/content/drive/MyDrive/Indian Dataset/supreme_court_judgments/2010/Meghmala_Ors_vs_G_Narasimha_Reddy_Ors_on_16_August_2010_1.PDF,http://indiankanoon.org/doc/1329151/,37
M_S_Delhi_Airtech_Services_Pvt_vs_State_Of_U_P_Anr_on_18_August_2011_1.PDF,2011,2010,56073873,/content/drive/MyDrive/Indian Dataset/supreme_court_judgments/2011/M_S_Delhi_Airtech_Services_Pvt_vs_State_Of_U_P_Anr_on_18_August_2011_1.PDF,http://indiankanoon.org/doc/56073873/,37
Prakash_vs_Phulavati_on_16_October_2015_1.PDF,2015,2010,143363828,/content/drive/MyDrive/Indian Dataset/supreme_court_judgments/2015/Prakash_vs_Phulavati_on_16_October_2015_1.PDF,http://indiankanoon.org/doc/143363828/,37
Shankara_Co_Op_Housing_Society_Ltd_vs_M_Prabhakar_Ors_on_5_May_2011_1.PDF,2011,2010,373267,/content/drive/MyDrive/Indian Dataset/supreme_court_judgments/2011/Shankara_Co_Op_Housing_Society_Ltd_vs_M_Prabhakar_Ors_on_5_May_2011_1.PDF,http://indiankanoon.org/doc/373267/,36
State_Of_Tamil_Nadu_vs_State_Of_Kerala_Anr_on_7_May_2014_1.PDF,2014,2010,41744252,/content/drive/MyDrive/Indian Dataset/supreme_court_judgments/2014/State_Of_Tamil_Nadu_vs_State_Of_Kerala_Anr_on_7_May_2014_1.PDF,http://indiankanoon.org/doc/41744252/,36
M_S_Anita_International_vs_Tungabadra_Sugar_Works_Maz_Sangh_Ors_on_4_July_2016_1.PDF,2016,2010,191215727,/content/drive/MyDrive/Indian Dataset/supreme_court_judgments/2016/M_S_Anita_International_vs_Tungabadra_Sugar_Works_Maz_Sangh_Ors_on_4_July_2016_1.PDF,http://indiankanoon.org/doc/191215727/,36
Paramjeet_Singh_Pamma_vs_State_Of_Uttarakhand_on_27_September_2010_1.PDF,2010,2010,969015,/content/drive/MyDrive/Indian Dataset/supreme_court_judgments/2010/Paramjeet_Singh_Pamma_vs_State_Of_Uttarakhand_on_27_September_2010_1.PDF,http://indiankanoon.org/doc/969015/,35
Dr_Subramanian_Swamy_vs_State_Of_Tamil_Nadu_Ors_on_6_December_2014_1.PDF,2014,2010,196164116,/content/drive/MyDrive/Indian Dataset/supreme_court_judgments/2014/Dr_Subramanian_Swamy_vs_State_Of_Tamil_Nadu_Ors_on_6_December_2014_1.PDF,http://indiankanoon.org/doc/196164116/,35
M_S_Girnar_Traders_vs_State_Of_Maharashtra_Ors_on_11_January_2011_1.PDF,2011,2010,1383496,/content/drive/MyDrive/Indian Dataset/supreme_court_judgments/2011/M_S_Girnar_Traders_vs_State_Of_Maharashtra_Ors_on_11_January_2011_1.PDF,http://indiankanoon.org/doc/1383496/,34
Omprakash_Verma_Ors_vs_State_Of_A_P_Ors_on_8_October_2010_1.PDF,2010,2010,226270,/content/drive/MyDrive/Indian Dataset/supreme_court_judgments/2010/Omprakash_Verma_Ors_vs_State_Of_A_P_Ors_on_8_October_2010_1.PDF,http://indiankanoon.org/doc/226270/,33
Indian_Council_For_Enviro_Legal_Action_vs_Union_Of_India_Ors_on_18_July_2011_1.PDF,2011,2010,1356184,/content/drive/MyDrive/Indian Dataset/supreme_court_judgments/2011/Indian_Council_For_Enviro_Legal_Action_vs_Union_Of_India_Ors_on_18_July_2011_1.PDF,http://indiankanoon.org/doc/1356184/,33
Kalabharati_Advertising_vs_Hemant_Vimalnath_Narichania_Ors_on_6_September_2010_1.PDF,2010,2010,657557,/content/drive/MyDrive/Indian Dataset/supreme_court_judgments/2010/Kalabharati_Advertising_vs_Hemant_Vimalnath_Narichania_Ors_on_6_September_2010_1.PDF,http://indiankanoon.org/doc/657557/,31
Sulochana_Chandrakant_Galande_vs_Pune_Municipal_Transport_Ors_on_3_August_2010_1.PDF,2010,2010,433120,/content/drive/MyDrive/Indian Dataset/supreme_court_judgments/2010/Sulochana_Chandrakant_Galande_vs_Pune_Municipal_Transport_Ors_on_3_August_2010_1.PDF,http://indiankanoon.org/doc/433120/,31
Ramji_Gupta_Anr_vs_Gopi_Krishan_Agrawal_D_Ors_on_11_April_2013_1.PDF,2013,2010,83295596,/content/drive/MyDrive/Indian Dataset/supreme_court_judgments/2013/Ramji_Gupta_Anr_vs_Gopi_Krishan_Agrawal_D_Ors_on_11_April_2013_1.PDF,http://indiankanoon.org/doc/83295596/,31
Rajasthan_Housing_Board_vs_New_Pink_City_Nirman_Sahka_Sam_Ld_Anr_on_1_May_2015_1.PDF,2015,2010,159281458,/content/drive/MyDrive/Indian Dataset/supreme_court_judgments/2015/Rajasthan_Housing_Board_vs_New_Pink_City_Nirman_Sahka_Sam_Ld_Anr_on_1_May_2015_1.PDF,http://indiankanoon.org/doc/159281458/,31
Shalini_Shyam_Shetty_Anr_vs_Rajendra_Shankar_Patil_on_23_July_2010_1.PDF,2010,2010,1668065,/content/drive/MyDrive/Indian Dataset/supreme_court_judgments/2010/Shalini_Shyam_Shetty_Anr_vs_Rajendra_Shankar_Patil_on_23_July_2010_1.PDF,http://indiankanoon.org/doc/1668065/,30
Delhi_Development_Authority_vs_Sukhbir_Singh_Ors_on_9_September_2016_1.PDF,2016,2010,16653152,/content/drive/MyDrive/Indian Dataset/supreme_court_judgments/2016/Delhi_Development_Authority_vs_Sukhbir_Singh_Ors_on_9_September_2016_1.PDF,http://indiankanoon.org/doc/16653152/,29
Himmat_Singh_And_Ors_vs_State_Of_M_P_And_Anr_on_29_November_2013_1.PDF,2013,2010,81270820,/content/drive/MyDrive/Indian Dataset/supreme_court_judgments/2013/Himmat_Singh_And_Ors_vs_State_Of_M_P_And_Anr_on_29_November_2013_1.PDF,http://indiankanoon.org/doc/81270820/,28
Satluj_Jal_Vidyut_Nigam_Ltd_vs_Raj_Kumar_Rajinder_Singh_D_Thru_Lrs_on_24_September_2018_1.PDF,2018,2010,25681951,/content/drive/MyDrive/Indian Dataset/supreme_court_judgments/2018/Satluj_Jal_Vidyut_Nigam_Ltd_vs_Raj_Kumar_Rajinder_Singh_D_Thru_Lrs_on_24_September_2018_1.PDF,http://indiankanoon.org/doc/25681951/,28
Union_Of_India_vs_Moolchand_Khairati_Ram_Trust_on_9_July_2018_1.PDF,2018,2010,116024620,/content/drive/MyDrive/Indian Dataset/supreme_court_judgments/2018/Union_Of_India_vs_Moolchand_Khairati_Ram_Trust_on_9_July_2018_1.PDF,http://indiankanoon.org/doc/116024620/,28
Manohar_Lal_D_By_Lrs_vs_Ugrasen_D_By_Lrs_Ors_on_3_June_2010_1.PDF,2010,2010,1350793,/content/drive/MyDrive/Indian Dataset/supreme_court_judgments/2010/Manohar_Lal_D_By_Lrs_vs_Ugrasen_D_By_Lrs_Ors_on_3_June_2010_1.PDF,http://indiankanoon.org/doc/1350793/,27
M_S_Msk_Projects_I_Jv_Ltd_vs_State_Of_Rajasthan_Anr_on_21_July_2011_1.PDF,2011,2010,1082846,/content/drive/MyDrive/Indian Dataset/supreme_court_judgments/2011/M_S_Msk_Projects_I_Jv_Ltd_vs_State_Of_Rajasthan_Anr_on_21_July_2011_1.PDF,http://indiankanoon.org/doc/1082846/,27
Ravinder_Singh_vs_Sukhbir_Singh_Ors_on_11_January_2013_1.PDF,2013,2010,41748785,/content/drive/MyDrive/Indian Dataset/supreme_court_judgments/2013/Ravinder_Singh_vs_Sukhbir_Singh_Ors_on_11_January_2013_1.PDF,http://indiankanoon.org/doc/41748785/,27
Banda_Development_Authy_Banda_vs_Moti_Lal_Agarwal_Ors_on_26_April_2011_1.PDF,2011,2010,702145,/content/drive/MyDrive/Indian Dataset/supreme_court_judgments/2011/Banda_Development_Authy_Banda_vs_Moti_Lal_Agarwal_Ors_on_26_April_2011_1.PDF,http://indiankanoon.org/doc/702145/,26
National_Textile_Corp_Ltd_vs_Nareshkumar_Badrikumar_Jagad_Ors_on_5_September_2011_1.PDF,2011,2010,1446894,/content/drive/MyDrive/Indian Dataset/supreme_court_judgments/2011/National_Textile_Corp_Ltd_vs_Nareshkumar_Badrikumar_Jagad_Ors_on_5_September_2011_1.PDF,http://indiankanoon.org/doc/1446894/,26
Laxami_Devi_vs_State_Of_Bihar_Ors_on_3_July_2015_1.PDF,2015,2010,11911163,/content/drive/MyDrive/Indian Dataset/supreme_court_judgments/2015/Laxami_Devi_vs_State_Of_Bihar_Ors_on_3_July_2015_1.PDF,http://indiankanoon.org/doc/11911163/,26
Himachal_Pradesh_Cricket_Association_vs_The_State_Of_Himachal_Pradesh_on_2_November_2018_1.PDF,2018,2010,31538746,/content/drive/MyDrive/Indian Dataset/supreme_court_judgments/2018/Himachal_Pradesh_Cricket_Association_vs_The_State_Of_Himachal_Pradesh_on_2_November_2018_1.PDF,http://indiankanoon.org/doc/31538746/,26
Offshore_Holdings_P_Ltd_vs_Bangalore_Devt_Authority_Ors_on_18_January_2011_1.PDF,2011,2010,1096367,/content/drive/MyDrive/Indian Dataset/supreme_court_judgments/2011/Offshore_Holdings_P_Ltd_vs_Bangalore_Devt_Authority_Ors_on_18_January_2011_1.PDF,http://indiankanoon.org/doc/1096367/,25
Amit_Kapoor_vs_Ramesh_Chander_Anr_on_13_September_2012_1.PDF,2012,2010,166329624,/content/drive/MyDrive/Indian Dataset/supreme_court_judgments/2012/Amit_Kapoor_vs_Ramesh_Chander_Anr_on_13_September_2012_1.PDF,http://indiankanoon.org/doc/166329624/,25
Banatwala_Company_vs_L_I_C_Of_India_Anr_on_19_August_2010_1.PDF,2010,2010,192605638,/content/drive/MyDrive/Indian Dataset/supreme_court_judgments/2010/Banatwala_Company_vs_L_I_C_Of_India_Anr_on_19_August_2010_1.PDF,http://indiankanoon.org/doc/192605638/,24
Sunder_Singh_vs_State_Of_Uttaranchal_on_16_September_2010_1.PDF,2010,2010,617176,/content/drive/MyDrive/Indian Dataset/supreme_court_judgments/2010/Sunder_Singh_vs_State_Of_Uttaranchal_on_16_September_2010_1.PDF,http://indiankanoon.org/doc/617176/,24
Shyamal_Ghosh_vs_State_Of_West_Bengal_on_11_July_2012_1.PDF,2012,2010,53756698,/content/drive/MyDrive/Indian Dataset/supreme_court_judgments/2012/Shyamal_Ghosh_vs_State_Of_West_Bengal_on_11_July_2012_1.PDF,http://indiankanoon.org/doc/53756698/,24
Sumer_Singh_vs_Surajbhan_Singh_Ors_on_22_April_2014_1.PDF,2014,2010,85389729,/content/drive/MyDrive/Indian Dataset/supreme_court_judgments/2014/Sumer_Singh_vs_Surajbhan_Singh_Ors_on_22_April_2014_1.PDF,http://indiankanoon.org/doc/85389729/,24
Madan_Mohan_Singh_Ors_vs_Rajni_Kant_Anr_on_13_August_2010_1.PDF,2010,2010,479268,/content/drive/MyDrive/Indian Dataset/supreme_court_judgments/2010/Madan_Mohan_Singh_Ors_vs_Rajni_Kant_Anr_on_13_August_2010_1.PDF,http://indiankanoon.org/doc/479268/,23
Nand_Kishore_Gupta_Ors_vs_State_Of_U_P_Ors_on_8_September_2010_1.PDF,2010,2010,1963266,/content/drive/MyDrive/Indian Dataset/supreme_court_judgments/2010/Nand_Kishore_Gupta_Ors_vs_State_Of_U_P_Ors_on_8_September_2010_1.PDF,http://indiankanoon.org/doc/1963266/,23
Snndur_Manganese_Iron_Ores_Ltd_vs_State_Of_Karnataka_Ors_on_13_September_2010_1.PDF,2010,2010,1220288,/content/drive/MyDrive/Indian Dataset/supreme_court_judgments/2010/Snndur_Manganese_Iron_Ores_Ltd_vs_State_Of_Karnataka_Ors_on_13_September_2010_1.PDF,http://indiankanoon.org/doc/1220288/,23
Manharibhai_Muljibhai_Kakadia_Anr_vs_Shaileshbhai_Mohanbhai_Patel_Ors_on_1_October_2012_1.PDF,2012,2010,3304039,/content/drive/MyDrive/Indian Dataset/supreme_court_judgments/2012/Manharibhai_Muljibhai_Kakadia_Anr_vs_Shaileshbhai_Mohanbhai_Patel_Ors_on_1_October_2012_1.PDF,http://indiankanoon.org/doc/3304039/,23
Rajasthan_State_I_D_I_Corpn_Ltd_Anr_vs_Diamond_Gem_Dev_Corpn_Ltd_Anr_on_12_February_2013_1.PDF,2013,2010,111373359,/content/drive/MyDrive/Indian Dataset/supreme_court_judgments/2013/Rajasthan_State_I_D_I_Corpn_Ltd_Anr_vs_Diamond_Gem_Dev_Corpn_Ltd_Anr_on_12_February_2013_1.PDF,http://indiankanoon.org/doc/111373359/,23
State_Of_Nct_Of_Delhi_vs_Sanjay_on_4_September_2014_1.PDF,2014,2010,76417350,/content/drive/MyDrive/Indian Dataset/supreme_court_judgments/2014/State_Of_Nct_Of_Delhi_vs_Sanjay_on_4_September_2014_1.PDF,http://indiankanoon.org/doc/76417350/,23
Sri_Jagannath_Temple_Mng_Committee_vs_Siddha_Math_Ors_on_16_December_2015_1.PDF,2015,2010,144255939,/content/drive/MyDrive/Indian Dataset/supreme_court_judgments/2015/Sri_Jagannath_Temple_Mng_Committee_vs_Siddha_Math_Ors_on_16_December_2015_1.PDF,http://indiankanoon.org/doc/144255939/,23
Itc_Limited_vs_Blue_Coast_Hotels_Ltd_on_19_March_2018_1.PDF,2018,2010,124691580,/content/drive/MyDrive/Indian Dataset/supreme_court_judgments/2018/Itc_Limited_vs_Blue_Coast_Hotels_Ltd_on_19_March_2018_1.PDF,http://indiankanoon.org/doc/124691580/,23
Nareshbhai_Bhagubhai_vs_Union_Of_India_on_13_August_2019_1.PDF,2019,2010,25628246,/content/drive/MyDrive/Indian Dataset/supreme_court_judgments/2019/Nareshbhai_Bhagubhai_vs_Union_Of_India_on_13_August_2019_1.PDF,http://indiankanoon.org/doc/25628246/,23
Ram_Krishan_Grover_vs_Union_Of_India_on_14_November_2019_1.PDF,2019,2010,120831371,/content/drive/MyDrive/Indian Dataset/supreme_court_judgments/2019/Ram_Krishan_Grover_vs_Union_Of_India_on_14_November_2019_1.PDF,http://indiankanoon.org/doc/120831371/,23
Kanwar_Singh_Saini_vs_High_Court_Of_Delhi_on_23_September_2011_1.PDF,2011,2010,1121727,/content/drive/MyDrive/Indian Dataset/supreme_court_judgments/2011/Kanwar_Singh_Saini_vs_High_Court_Of_Delhi_on_23_September_2011_1.PDF,http://indiankanoon.org/doc/1121727/,22
Mano_Dutt_Anr_vs_State_Of_U_P_on_29_February_2012_1.PDF,2012,2010,57069428,/content/drive/MyDrive/Indian Dataset/supreme_court_judgments/2012/Mano_Dutt_Anr_vs_State_Of_U_P_on_29_February_2012_1.PDF,http://indiankanoon.org/doc/57069428/,22
Arun_Bhandari_vs_State_Of_U_P_Ors_on_10_January_2013_1.PDF,2013,2010,182415069,/content/drive/MyDrive/Indian Dataset/supreme_court_judgments/2013/Arun_Bhandari_vs_State_Of_U_P_Ors_on_10_January_2013_1.PDF,http://indiankanoon.org/doc/182415069/,22
Joginder_Singh_vs_State_Of_Haryana_on_24_October_2013_1.PDF,2013,2010,68011257,/content/drive/MyDrive/Indian Dataset/supreme_court_judgments/2013/Joginder_Singh_vs_State_Of_Haryana_on_24_October_2013_1.PDF,http://indiankanoon.org/doc/68011257/,22
Chandigarh_Administration_Anr_vs_Jasmine_Kaur_Ors_on_1_September_2014_1.PDF,2014,2010,31895821,/content/drive/MyDrive/Indian Dataset/supreme_court_judgments/2014/Chandigarh_Administration_Anr_vs_Jasmine_Kaur_Ors_on_1_September_2014_1.PDF,http://indiankanoon.org/doc/31895821/,22
State_Of_Rajasthan_And_Ors_vs_Gotan_Lime_Stone_Khanij_Udyog_And_Anr_on_20_January_2016_1.PDF,2016,2010,50527052,/content/drive/MyDrive/Indian Dataset/supreme_court_judgments/2016/State_Of_Rajasthan_And_Ors_vs_Gotan_Lime_Stone_Khanij_Udyog_And_Anr_on_20_January_2016_1.PDF,http://indiankanoon.org/doc/50527052/,22
Indore_Development_Authority_vs_Manoharlal_And_Ors_Etc_on_6_March_2020_1.PDF,2020,2020,49625991,/content/drive/MyDrive/Indian Dataset/supreme_court_judgments/2020/Indore_Development_Authority_vs_Manoharlal_And_Ors_Etc_on_6_March_2020_1.PDF,http://indiankanoon.org/doc/49625991/,296
Vineeta_Sharma_vs_Rakesh_Sharma_on_11_August_2020_1.PDF,2020,2020,67965481,/content/drive/MyDrive/Indian Dataset/supreme_court_judgments/2020/Vineeta_Sharma_vs_Rakesh_Sharma_on_11_August_2020_1.PDF,http://indiankanoon.org/doc/67965481/,90
State_Of_A_P_vs_A_P_State_Wakf_Board_on_7_February_2022_1.PDF,2022,2020,147756011,/content/drive/MyDrive/Indian Dataset/supreme_court_judgments/2022/State_Of_A_P_vs_A_P_State_Wakf_Board_on_7_February_2022_1.PDF,http://indiankanoon.org/doc/147756011/,65
V_Kalyanaswamy_D_By_Lrs_vs_L_Bakthavatsalam_D_Thr_Lrs_on_17_July_2020_1.PDF,2020,2020,96039159,/content/drive/MyDrive/Indian Dataset/supreme_court_judgments/2020/V_Kalyanaswamy_D_By_Lrs_vs_L_Bakthavatsalam_D_Thr_Lrs_on_17_July_2020_1.PDF,http://indiankanoon.org/doc/96039159/,63
The_State_Of_Himachal_Pradesh_vs_Yogendra_Mohan_Sengupta_on_11_January_2024_1.PDF,2024,2020,157051080,/content/drive/MyDrive/Indian Dataset/supreme_court_judgments/2024/The_State_Of_Himachal_Pradesh_vs_Yogendra_Mohan_Sengupta_on_11_January_2024_1.PDF,http://indiankanoon.org/doc/157051080/,58
Assocn_Of_Vasanth_Appts_Owners_vs_V_Gopinanth_And_Ors_on_13_February_2023_1.PDF,2023,2020,42885821,/content/drive/MyDrive/Indian Dataset/supreme_court_judgments/2023/Assocn_Of_Vasanth_Appts_Owners_vs_V_Gopinanth_And_Ors_on_13_February_2023_1.PDF,http://indiankanoon.org/doc/42885821/,57
Vidya_Drolia_vs_Durga_Trading_Corporation_on_14_December_2020_1.PDF,2020,2020,121987320,/content/drive/MyDrive/Indian Dataset/supreme_court_judgments/2020/Vidya_Drolia_vs_Durga_Trading_Corporation_on_14_December_2020_1.PDF,http://indiankanoon.org/doc/121987320/,56
K_C_Ninan_vs_Kerala_State_Electricity_Board_Ors_on_19_May_2023_1.PDF,2023,2020,160269658,/content/drive/MyDrive/Indian Dataset/supreme_court_judgments/2023/K_C_Ninan_vs_Kerala_State_Electricity_Board_Ors_on_19_May_2023_1.PDF,http://indiankanoon.org/doc/160269658/,55
Independent_Sugar_Corporation_Limited_vs_Girish_Sriram_Juneja_on_29_January_2025_1.PDF,2025,2020,117249167,/content/drive/MyDrive/Indian Dataset/supreme_court_judgments/2025/Independent_Sugar_Corporation_Limited_vs_Girish_Sriram_Juneja_on_29_January_2025_1.PDF,http://indiankanoon.org/doc/117249167/,47
Anuj_Jain_Interim_Resolution_vs_Axis_Bank_Limited_on_26_February_2020_1.PDF,2020,2020,15033988,/content/drive/MyDrive/Indian Dataset/supreme_court_judgments/2020/Anuj_Jain_Interim_Resolution_vs_Axis_Bank_Limited_on_26_February_2020_1.PDF,http://indiankanoon.org/doc/15033988/,44
M_S_Neeharika_Infrastructure_Pvt_vs_The_State_Of_Maharashtra_on_13_April_2021_1.PDF,2021,2020,199473647,/content/drive/MyDrive/Indian Dataset/supreme_court_judgments/2021/M_S_Neeharika_Infrastructure_Pvt_vs_The_State_Of_Maharashtra_on_13_April_2021_1.PDF,http://indiankanoon.org/doc/199473647/,44
Celir_Llp_vs_Bafna_Motors_Mumbai_Pvt_Ltd_on_21_September_2023_1.PDF,2023,2020,149474401,/content/drive/MyDrive/Indian Dataset/supreme_court_judgments/2023/Celir_Llp_vs_Bafna_Motors_Mumbai_Pvt_Ltd_on_21_September_2023_1.PDF,http://indiankanoon.org/doc/149474401/,43
Ferrodous_Estates_Pvt_Ltd_vs_P_Gopirathnam_Dead_And_Ors_on_12_October_2020_1.PDF,2020,2020,166337158,/content/drive/MyDrive/Indian Dataset/supreme_court_judgments/2020/Ferrodous_Estates_Pvt_Ltd_vs_P_Gopirathnam_Dead_And_Ors_on_12_October_2020_1.PDF,http://indiankanoon.org/doc/166337158/,42
Satish_Chander_Ahuja_vs_Sneha_Ahuja_on_15_October_2020_1.PDF,2020,2020,62368827,/content/drive/MyDrive/Indian Dataset/supreme_court_judgments/2020/Satish_Chander_Ahuja_vs_Sneha_Ahuja_on_15_October_2020_1.PDF,http://indiankanoon.org/doc/62368827/,41
The_Project_Director_Project_vs_P_V_Krishnamoorthy_on_8_December_2020_1.PDF,2020,2020,172903360,/content/drive/MyDrive/Indian Dataset/supreme_court_judgments/2020/The_Project_Director_Project_vs_P_V_Krishnamoorthy_on_8_December_2020_1.PDF,http://indiankanoon.org/doc/172903360/,41
M_S_A_P_Electrical_Equipment_vs_The_Tahsildar_on_27_February_2025_1.PDF,2025,2020,177746361,/content/drive/MyDrive/Indian Dataset/supreme_court_judgments/2025/M_S_A_P_Electrical_Equipment_vs_The_Tahsildar_on_27_February_2025_1.PDF,http://indiankanoon.org/doc/177746361/,41
M_P_Power_Management_Company_Limited_vs_M_S_Sky_Power_Southeast_Solar_India_on_16_November_2022_1.PDF,2022,2020,125036411,/content/drive/MyDrive/Indian Dataset/supreme_court_judgments/2022/M_P_Power_Management_Company_Limited_vs_M_S_Sky_Power_Southeast_Solar_India_on_16_November_2022_1.PDF,http://indiankanoon.org/doc/125036411/,40
The_State_Of_Haryana_Through_Secretary_vs_Jai_Singh_And_Ors_Etc_Etc_on_7_April_2022_1.PDF,2022,2020,182057593,/content/drive/MyDrive/Indian Dataset/supreme_court_judgments/2022/The_State_Of_Haryana_Through_Secretary_vs_Jai_Singh_And_Ors_Etc_Etc_on_7_April_2022_1.PDF,http://indiankanoon.org/doc/182057593/,40
Balwantbhai_Somabhai_Bhandari_vs_Hiralal_Somabhai_Contractor_on_6_September_2023_1.PDF,2023,2020,39892480,/content/drive/MyDrive/Indian Dataset/supreme_court_judgments/2023/Balwantbhai_Somabhai_Bhandari_vs_Hiralal_Somabhai_Contractor_on_6_September_2023_1.PDF,http://indiankanoon.org/doc/39892480/,39
Celir_Llp_vs_Mr_Sumati_Prasad_Bafna_on_13_December_2024_1.PDF,2024,2020,128833671,/content/drive/MyDrive/Indian Dataset/supreme_court_judgments/2024/Celir_Llp_vs_Mr_Sumati_Prasad_Bafna_on_13_December_2024_1.PDF,http://indiankanoon.org/doc/128833671/,39
Yerikala_Sunkalamma_vs_The_State_Of_Andhra_Pradesh_And_Ors_on_24_March_2025_1.PDF,2025,2020,184866874,/content/drive/MyDrive/Indian Dataset/supreme_court_judgments/2025/Yerikala_Sunkalamma_vs_The_State_Of_Andhra_Pradesh_And_Ors_on_24_March_2025_1.PDF,http://indiankanoon.org/doc/184866874/,39
Kolkata_Municipal_Corporation_vs_Bimal_Kumar_Shah_on_16_May_2024_1.PDF,2024,2020,11565482,/content/drive/MyDrive/Indian Dataset/supreme_court_judgments/2024/Kolkata_Municipal_Corporation_vs_Bimal_Kumar_Shah_on_16_May_2024_1.PDF,http://indiankanoon.org/doc/11565482/,38
Neena_Aneja_vs_Jai_Prakash_Associates_Ltd_on_16_March_2021_1.PDF,2021,2020,173843611,/content/drive/MyDrive/Indian Dataset/supreme_court_judgments/2021/Neena_Aneja_vs_Jai_Prakash_Associates_Ltd_on_16_March_2021_1.PDF,http://indiankanoon.org/doc/173843611/,35
Chief_Commissioner_Of_Central_Goods_And_vs_M_S_Safari_Retreats_Private_Limited_on_3_October_2024_1.PDF,2024,2020,170545247,/content/drive/MyDrive/Indian Dataset/supreme_court_judgments/2024/Chief_Commissioner_Of_Central_Goods_And_vs_M_S_Safari_Retreats_Private_Limited_on_3_October_2024_1.PDF,http://indiankanoon.org/doc/170545247/,35
Army_Welfare_Education_Society_New_vs_Sunil_Kumar_Sharma_on_9_July_2024_1.PDF,2024,2020,20820063,/content/drive/MyDrive/Indian Dataset/supreme_court_judgments/2024/Army_Welfare_Education_Society_New_vs_Sunil_Kumar_Sharma_on_9_July_2024_1.PDF,http://indiankanoon.org/doc/20820063/,34
Kavita_Kanwar_vs_Mrs_Pamela_Mehta_on_19_May_2020_1.PDF,2020,2020,168564255,/content/drive/MyDrive/Indian Dataset/supreme_court_judgments/2020/Kavita_Kanwar_vs_Mrs_Pamela_Mehta_on_19_May_2020_1.PDF,http://indiankanoon.org/doc/168564255/,32
Ireo_Grace_Realtech_Pvt_Ltd_vs_Abhishek_Khanna_on_11_January_2021_1.PDF,2021,2020,3495097,/content/drive/MyDrive/Indian Dataset/supreme_court_judgments/2021/Ireo_Grace_Realtech_Pvt_Ltd_vs_Abhishek_Khanna_on_11_January_2021_1.PDF,http://indiankanoon.org/doc/3495097/,31
The_Authorised_Officer_Central_Bank_Of_vs_Shanmugavelu_on_2_February_2024_1.PDF,2024,2020,6300708,/content/drive/MyDrive/Indian Dataset/supreme_court_judgments/2024/The_Authorised_Officer_Central_Bank_Of_vs_Shanmugavelu_on_2_February_2024_1.PDF,http://indiankanoon.org/doc/6300708/,31
State_Of_Orissa_vs_Laxmi_Narayan_Das_Dead_Thr_Lrs_on_12_July_2023_1.PDF,2023,2020,50472982,/content/drive/MyDrive/Indian Dataset/supreme_court_judgments/2023/State_Of_Orissa_vs_Laxmi_Narayan_Das_Dead_Thr_Lrs_on_12_July_2023_1.PDF,http://indiankanoon.org/doc/50472982/,30
New_Okhla_Industrial_Development_vs_Yunus_on_3_February_2022_1.PDF,2022,2020,140312526,/content/drive/MyDrive/Indian Dataset/supreme_court_judgments/2022/New_Okhla_Industrial_Development_vs_Yunus_on_3_February_2022_1.PDF,http://indiankanoon.org/doc/140312526/,29
New_Okhla_Industrial_Development_vs_Darshan_Lal_Bohra_on_10_July_2024_1.PDF,2024,2020,159695469,/content/drive/MyDrive/Indian Dataset/supreme_court_judgments/2024/New_Okhla_Industrial_Development_vs_Darshan_Lal_Bohra_on_10_July_2024_1.PDF,http://indiankanoon.org/doc/159695469/,29
N_P_Saseendran_vs_N_P_Ponnamma_on_24_March_2025_1.PDF,2025,2020,66273855,/content/drive/MyDrive/Indian Dataset/supreme_court_judgments/2025/N_P_Saseendran_vs_N_P_Ponnamma_on_24_March_2025_1.PDF,http://indiankanoon.org/doc/66273855/,29
Life_Insurance_Corporation_Of_India_vs_Sanjeev_Builders_Private_Limited_on_1_September_2022_1.PDF,2022,2020,79183688,/content/drive/MyDrive/Indian Dataset/supreme_court_judgments/2022/Life_Insurance_Corporation_Of_India_vs_Sanjeev_Builders_Private_Limited_on_1_September_2022_1.PDF,http://indiankanoon.org/doc/79183688/,28
Ravasaheb_Ravasahebagouda_vs_The_State_Of_Karnataka_on_16_March_2023_1.PDF,2023,2020,156667327,/content/drive/MyDrive/Indian Dataset/supreme_court_judgments/2023/Ravasaheb_Ravasahebagouda_vs_The_State_Of_Karnataka_on_16_March_2023_1.PDF,http://indiankanoon.org/doc/156667327/,28
Kotak_Mahindra_Bank_Ltd_vs_A_Balakrishnan_on_30_May_2022_1.PDF,2022,2020,54860909,/content/drive/MyDrive/Indian Dataset/supreme_court_judgments/2022/Kotak_Mahindra_Bank_Ltd_vs_A_Balakrishnan_on_30_May_2022_1.PDF,http://indiankanoon.org/doc/54860909/,27
Prabha_Tyagi_vs_Kamlesh_Devi_on_12_May_2022_1.PDF,2022,2020,85317640,/content/drive/MyDrive/Indian Dataset/supreme_court_judgments/2022/Prabha_Tyagi_vs_Kamlesh_Devi_on_12_May_2022_1.PDF,http://indiankanoon.org/doc/85317640/,27
Joginder_Singh_Dead_Thr_Lrs_vs_Dr_Virinderjit_Singh_Gill_Dead_Thr_on_17_October_2024_1.PDF,2024,2020,24167527,/content/drive/MyDrive/Indian Dataset/supreme_court_judgments/2024/Joginder_Singh_Dead_Thr_Lrs_vs_Dr_Virinderjit_Singh_Gill_Dead_Thr_on_17_October_2024_1.PDF,http://indiankanoon.org/doc/24167527/,27
G_Mohan_Rao_vs_The_State_Of_Tamil_Nadu_on_29_June_2021_1.PDF,2021,2020,7835951,/content/drive/MyDrive/Indian Dataset/supreme_court_judgments/2021/G_Mohan_Rao_vs_The_State_Of_Tamil_Nadu_on_29_June_2021_1.PDF,http://indiankanoon.org/doc/7835951/,26
Govt_Of_Kerala_vs_Joseph_on_9_August_2023_1.PDF,2023,2020,59843273,/content/drive/MyDrive/Indian Dataset/supreme_court_judgments/2023/Govt_Of_Kerala_vs_Joseph_on_9_August_2023_1.PDF,http://indiankanoon.org/doc/59843273/,26
Dena_Bank_Now_Bank_Of_Baroda_vs_C_Shivakumar_Reddy_on_4_August_2021_1.PDF,2021,2020,140970077,/content/drive/MyDrive/Indian Dataset/supreme_court_judgments/2021/Dena_Bank_Now_Bank_Of_Baroda_vs_C_Shivakumar_Reddy_on_4_August_2021_1.PDF,http://indiankanoon.org/doc/140970077/,25
The_Municipal_Corporation_Of_Greater_vs_Century_Textiles_And_Industries_on_7_January_2025_1.PDF,2025,2020,187867095,/content/drive/MyDrive/Indian Dataset/supreme_court_judgments/2025/The_Municipal_Corporation_Of_Greater_vs_Century_Textiles_And_Industries_on_7_January_2025_1.PDF,http://indiankanoon.org/doc/187867095/,25
Director_General_Road_Development_vs_Aam_Aadmi_Lokmanch_on_14_July_2020_1.PDF,2020,2020,19097861,/content/drive/MyDrive/Indian Dataset/supreme_court_judgments/2020/Director_General_Road_Development_vs_Aam_Aadmi_Lokmanch_on_14_July_2020_1.PDF,http://indiankanoon.org/doc/19097861/,24
Jaypee_Kensington_Boulevard_vs_Nbcc_India_Ltd_on_24_March_2021_1.PDF,2021,2020,123645104,/content/drive/MyDrive/Indian Dataset/supreme_court_judgments/2021/Jaypee_Kensington_Boulevard_vs_Nbcc_India_Ltd_on_24_March_2021_1.PDF,http://indiankanoon.org/doc/123645104/,24
Ganesh_Prasad_vs_Rajeshwar_Prasad_on_14_March_2023_1.PDF,2023,2020,140008397,/content/drive/MyDrive/Indian Dataset/supreme_court_judgments/2023/Ganesh_Prasad_vs_Rajeshwar_Prasad_on_14_March_2023_1.PDF,http://indiankanoon.org/doc/140008397/,24
Sri_Gulam_Mustafa_vs_The_State_Of_Karnataka_on_10_May_2023_1.PDF,2023,2020,165428571,/content/drive/MyDrive/Indian Dataset/supreme_court_judgments/2023/Sri_Gulam_Mustafa_vs_The_State_Of_Karnataka_on_10_May_2023_1.PDF,http://indiankanoon.org/doc/165428571/,24
The_State_Of_Telangana_vs_Mohd_Abdul_Qasim_Died_Per_Lrs_on_18_April_2024_1.PDF,2024,2020,94522888,/content/drive/MyDrive/Indian Dataset/supreme_court_judgments/2024/The_State_Of_Telangana_vs_Mohd_Abdul_Qasim_Died_Per_Lrs_on_18_April_2024_1.PDF,http://indiankanoon.org/doc/94522888/,24
V_S_Palanivel_vs_P_Shriram_Cs_Liquidator_on_28_August_2024_1.PDF,2024,2020,166046346,/content/drive/MyDrive/Indian Dataset/supreme_court_judgments/2024/V_S_Palanivel_vs_P_Shriram_Cs_Liquidator_on_28_August_2024_1.PDF,http://indiankanoon.org/doc/166046346/,24
Bernard_Francis_Joseph_Vaz_vs_Government_Of_Karnataka_on_2_January_2025_1.PDF,2025,2020,99751019,/content/drive/MyDrive/Indian Dataset/supreme_court_judgments/2025/Bernard_Francis_Joseph_Vaz_vs_Government_Of_Karnataka_on_2_January_2025_1.PDF,http://indiankanoon.org/doc/99751019/,24
Central_Bank_Of_India_vs_Smt_Prabha_Jain_on_9_January_2025_1.PDF,2025,2020,119367069,/content/drive/MyDrive/Indian Dataset/supreme_court_judgments/2025/Central_Bank_Of_India_vs_Smt_Prabha_Jain_on_9_January_2025_1.PDF,http://indiankanoon.org/doc/119367069/,24
Deccan_Paper_Mills_Co_Ltd_vs_Regency_Mahavir_Properties_on_19_August_2020_1.PDF,2020,2020,148589889,/content/drive/MyDrive/Indian Dataset/supreme_court_judgments/2020/Deccan_Paper_Mills_Co_Ltd_vs_Regency_Mahavir_Properties_on_19_August_2020_1.PDF,http://indiankanoon.org/doc/148589889/,23
Shri_Ram_Sahu_Dead_Through_Lrs_vs_Vinod_Kumar_Rawat_on_3_November_2020_1.PDF,2020,2020,82220204,/content/drive/MyDrive/Indian Dataset/supreme_court_judgments/2020/Shri_Ram_Sahu_Dead_Through_Lrs_vs_Vinod_Kumar_Rawat_on_3_November_2020_1.PDF,http://indiankanoon.org/doc/82220204/,23
Sesh_Nath_Singh_vs_Baidyabati_Sheoraphuli_Co_Operative_on_22_March_2021_1.PDF,2021,2020,123420950,/content/drive/MyDrive/Indian Dataset/supreme_court_judgments/2021/Sesh_Nath_Singh_vs_Baidyabati_Sheoraphuli_Co_Operative_on_22_March_2021_1.PDF,http://indiankanoon.org/doc/123420950/,23
Abid_Ul_Islam_vs_Inder_Sain_Dua_on_7_April_2022_1.PDF,2022,2020,141468481,/content/drive/MyDrive/Indian Dataset/supreme_court_judgments/2022/Abid_Ul_Islam_vs_Inder_Sain_Dua_on_7_April_2022_1.PDF,http://indiankanoon.org/doc/141468481/,23
G_T_Girish_vs_Y_Subba_Raju_D_By_Lrs_on_18_January_2022_1.PDF,2022,2020,141904436,/content/drive/MyDrive/Indian Dataset/supreme_court_judgments/2022/G_T_Girish_vs_Y_Subba_Raju_D_By_Lrs_on_18_January_2022_1.PDF,http://indiankanoon.org/doc/141904436/,23
Prasanta_Kumar_Sahoo_vs_Charulata_Sahu_on_29_March_2023_1.PDF,2023,2020,45932283,/content/drive/MyDrive/Indian Dataset/supreme_court_judgments/2023/Prasanta_Kumar_Sahoo_vs_Charulata_Sahu_on_29_March_2023_1.PDF,http://indiankanoon.org/doc/45932283/,23
S_Tirupathi_Rao_vs_M_Lingamaiah_on_22_July_2024_1.PDF,2024,2020,93432083,/content/drive/MyDrive/Indian Dataset/supreme_court_judgments/2024/S_Tirupathi_Rao_vs_M_Lingamaiah_on_22_July_2024_1.PDF,http://indiankanoon.org/doc/93432083/,23
Vellore_Dist_Environment_vs_The_District_Collector_Vellore_on_30_January_2025_1.PDF,2025,2020,117290714,/content/drive/MyDrive/Indian Dataset/supreme_court_judgments/2025/Vellore_Dist_Environment_vs_The_District_Collector_Vellore_on_30_January_2025_1.PDF,http://indiankanoon.org/doc/117290714/,23
Raj_Pal_Singh_vs_Commissioner_Of_Income_Tax_Haryana_on_25_August_2020_1.PDF,2020,2020,99337348,/content/drive/MyDrive/Indian Dataset/supreme_court_judgments/2020/Raj_Pal_Singh_vs_Commissioner_Of_Income_Tax_Haryana_on_25_August_2020_1.PDF,http://indiankanoon.org/doc/99337348/,22
M_S_Suneja_Towers_Private_Limited_vs_Anita_Merchant_on_18_April_2023_1.PDF,2023,2020,173934539,/content/drive/MyDrive/Indian Dataset/supreme_court_judgments/2023/M_S_Suneja_Towers_Private_Limited_vs_Anita_Merchant_on_18_April_2023_1.PDF,http://indiankanoon.org/doc/173934539/,22
Paschimanchal_Vidyut_Vitran_Nigam_Ltd_vs_Raman_Ispat_Private_Limited_on_17_July_2023_1.PDF,2023,2020,5808278,/content/drive/MyDrive/Indian Dataset/supreme_court_judgments/2023/Paschimanchal_Vidyut_Vitran_Nigam_Ltd_vs_Raman_Ispat_Private_Limited_on_17_July_2023_1.PDF,http://indiankanoon.org/doc/5808278/,22
Mukund_Bhavan_Trust_vs_Shrimant_Chhatrapati_Udayan_Raje_on_20_December_2024_1.PDF,2024,2020,159675077,/content/drive/MyDrive/Indian Dataset/supreme_court_judgments/2024/Mukund_Bhavan_Trust_vs_Shrimant_Chhatrapati_Udayan_Raje_on_20_December_2024_1.PDF,http://indiankanoon.org/doc/159675077/,22
Rinku_Baheti_vs_Sandesh_Sharda_on_19_December_2024_1.PDF,2024,2020,64157726,/content/drive/MyDrive/Indian Dataset/supreme_court_judgments/2024/Rinku_Baheti_vs_Sandesh_Sharda_on_19_December_2024_1.PDF,http://indiankanoon.org/doc/64157726/,22
Cuddalore_Powergen_Corporation_Ltd_vs_M_S_Chemplast_Cuddalore_Vinyls_Limited_on_15_January_2025_1.PDF,2025,2020,137854586,/content/drive/MyDrive/Indian Dataset/supreme_court_judgments/2025/Cuddalore_Powergen_Corporation_Ltd_vs_M_S_Chemplast_Cuddalore_Vinyls_Limited_on_15_January_2025_1.PDF,http://indiankanoon.org/doc/137854586/,22
